ISO-10303-21;
HEADER;
FILE_DESCRIPTION(('Open CASCADE Model'),'2;1');
FILE_NAME('Open CASCADE Shape Model','2026-06-09T15:36:57',('Author'),(
    'Open CASCADE'),'Open CASCADE STEP processor 7.8','Open CASCADE 7.8'
  ,'Unknown');
FILE_SCHEMA(('AUTOMOTIVE_DESIGN { 1 0 10303 214 1 1 1 1 }'));
ENDSEC;
DATA;
#1 = APPLICATION_PROTOCOL_DEFINITION('international standard',
  'automotive_design',2000,#2);
#2 = APPLICATION_CONTEXT(
  'core data for automotive mechanical design processes');
#3 = SHAPE_DEFINITION_REPRESENTATION(#4,#10);
#4 = PRODUCT_DEFINITION_SHAPE('','',#5);
#5 = PRODUCT_DEFINITION('design','',#6,#9);
#6 = PRODUCT_DEFINITION_FORMATION('','',#7);
#7 = PRODUCT('Open CASCADE STEP translator 7.8 1',
  'Open CASCADE STEP translator 7.8 1','',(#8));
#8 = PRODUCT_CONTEXT('',#2,'mechanical');
#9 = PRODUCT_DEFINITION_CONTEXT('part definition',#2,'design');
#10 = ADVANCED_BREP_SHAPE_REPRESENTATION('',(#11,#15),#8218);
#11 = AXIS2_PLACEMENT_3D('',#12,#13,#14);
#12 = CARTESIAN_POINT('',(0.,0.,0.));
#13 = DIRECTION('',(0.,0.,1.));
#14 = DIRECTION('',(1.,0.,-0.));
#15 = MANIFOLD_SOLID_BREP('',#16);
#16 = CLOSED_SHELL('',(#17,#845,#4776,#4990,#7750,#7813,#7840,#7867,
    #7894,#7921,#7948,#7975,#8002,#8029,#8057,#8111,#8118,#8124,#8129,
    #8134,#8140,#8146,#8151,#8156,#8162,#8168,#8173,#8178,#8184,#8191));
#17 = ADVANCED_FACE('',(#18),#159,.T.);
#18 = FACE_BOUND('',#19,.F.);
#19 = EDGE_LOOP('',(#20,#446,#474,#818));
#20 = ORIENTED_EDGE('',*,*,#21,.T.);
#21 = EDGE_CURVE('',#22,#24,#26,.T.);
#22 = VERTEX_POINT('',#23);
#23 = CARTESIAN_POINT('',(-7.001326577034,8.589949171303,
    1.913738578189E-16));
#24 = VERTEX_POINT('',#25);
#25 = CARTESIAN_POINT('',(11.1,0.,1.617618880725));
#26 = SURFACE_CURVE('',#27,(#158,#178),.PCURVE_S1.);
#27 = B_SPLINE_CURVE_WITH_KNOTS('',9,(#28,#29,#30,#31,#32,#33,#34,#35,
    #36,#37,#38,#39,#40,#41,#42,#43,#44,#45,#46,#47,#48,#49,#50,#51,#52,
    #53,#54,#55,#56,#57,#58,#59,#60,#61,#62,#63,#64,#65,#66,#67,#68,#69,
    #70,#71,#72,#73,#74,#75,#76,#77,#78,#79,#80,#81,#82,#83,#84,#85,#86,
    #87,#88,#89,#90,#91,#92,#93,#94,#95,#96,#97,#98,#99,#100,#101,#102,
    #103,#104,#105,#106,#107,#108,#109,#110,#111,#112,#113,#114,#115,
    #116,#117,#118,#119,#120,#121,#122,#123,#124,#125,#126,#127,#128,
    #129,#130,#131,#132,#133,#134,#135,#136,#137,#138,#139,#140,#141,
    #142,#143,#144,#145,#146,#147,#148,#149,#150,#151,#152,#153,#154,
    #155,#156,#157),.UNSPECIFIED.,.F.,.F.,(10,8,8,8,8,8,8,8,8,8,8,8,8,8,
    8,8,10),(0.,5.071709268329,10.143418536657,15.215127804986,
    20.286837073315,25.358546341643,30.430255609972,35.501964878301,
    40.573674146629,45.645383414958,50.717092683287,55.788801951616,
    60.860511219944,65.932220488273,71.003929756602,76.07563902493,
    81.147348293259),.UNSPECIFIED.);
#28 = CARTESIAN_POINT('',(11.079999464309,-6.485415759983E-08,
    -3.399999814308));
#29 = CARTESIAN_POINT('',(11.080002469843,5.801476609208,-3.191668176425
    ));
#30 = CARTESIAN_POINT('',(7.661374746175,11.604673060505,-2.98332795861)
  );
#31 = CARTESIAN_POINT('',(0.834470677089,15.093930246303,-2.775011632179
    ));
#32 = CARTESIAN_POINT('',(-7.633777384608,14.034538219445,
    -2.566649920629));
#33 = CARTESIAN_POINT('',(-14.03451821911,7.633748296238,-2.358349943714
    ));
#34 = CARTESIAN_POINT('',(-15.09393821951,-0.834443640243,
    -2.149988734934));
#35 = CARTESIAN_POINT('',(-11.60467170246,-7.661389865565,
    -1.941671632411));
#36 = CARTESIAN_POINT('',(-5.801476689479,-11.07999771889,-1.73333216308
    ));
#37 = CARTESIAN_POINT('',(5.801476585609,-11.0800018683,-1.31666783707)
  );
#38 = CARTESIAN_POINT('',(11.604673094144,-7.661375603739,
    -1.108328442398));
#39 = CARTESIAN_POINT('',(15.093930208091,-0.834469702825,
    -0.900011082557));
#40 = CARTESIAN_POINT('',(14.034538254176,7.633776498984,-0.691650420244
    ));
#41 = CARTESIAN_POINT('',(7.633748271272,14.03451885581,-0.483349584533)
  );
#42 = CARTESIAN_POINT('',(-0.834443626538,15.09393787,-0.274988932107));
#43 = CARTESIAN_POINT('',(-7.661389870807,11.604671836129,
    -6.667155700831E-02));
#44 = CARTESIAN_POINT('',(-11.07999771792,5.801476664723,0.141667822954)
  );
#45 = CARTESIAN_POINT('',(-11.08000186876,-5.801476573791,0.558332169597
    ));
#46 = CARTESIAN_POINT('',(-7.661375603078,-11.60467311099,0.766671548098
    ));
#47 = CARTESIAN_POINT('',(-0.834469703576,-15.09393018894,0.97498892824)
  );
#48 = CARTESIAN_POINT('',(7.633776499668,-14.03453827158,1.183349569942)
  );
#49 = CARTESIAN_POINT('',(14.034518855317,-7.633748258757,1.391650422522
    ));
#50 = CARTESIAN_POINT('',(15.093937870272,0.834443619667,1.600011064021)
  );
#51 = CARTESIAN_POINT('',(11.604671836025,7.661389873434,1.808328444472)
  );
#52 = CARTESIAN_POINT('',(5.801476664742,11.079997717437,2.01666782268)
  );
#53 = CARTESIAN_POINT('',(-5.8014765738,11.080001868999,2.433332169727)
  );
#54 = CARTESIAN_POINT('',(-11.60467311098,7.661375602745,2.641671547913)
  );
#55 = CARTESIAN_POINT('',(-15.09393018895,0.834469703955,2.849988928449)
  );
#56 = CARTESIAN_POINT('',(-14.03453827157,-7.633776500012,3.058349569754
    ));
#57 = CARTESIAN_POINT('',(-7.633748258763,-14.03451885507,3.266650422656
    ));
#58 = CARTESIAN_POINT('',(0.83444361967,-15.0939378704,3.475011063948));
#59 = CARTESIAN_POINT('',(7.661389873434,-11.60467183597,3.6833284445));
#60 = CARTESIAN_POINT('',(11.079997717437,-5.801476664751,3.891667822675
    ));
#61 = CARTESIAN_POINT('',(11.080001868999,5.801476573804,4.30833216973)
  );
#62 = CARTESIAN_POINT('',(7.661375602743,11.604673110979,4.516671547911)
  );
#63 = CARTESIAN_POINT('',(0.834469703958,15.093930188957,4.724988928451)
  );
#64 = CARTESIAN_POINT('',(-7.633776500017,14.034538271578,4.933349569753
    ));
#65 = CARTESIAN_POINT('',(-14.03451885506,7.633748258756,5.141650422657)
  );
#66 = CARTESIAN_POINT('',(-15.09393787041,-0.834443619665,5.350011063947
    ));
#67 = CARTESIAN_POINT('',(-11.60467183597,-7.661389873436,5.5583284445)
  );
#68 = CARTESIAN_POINT('',(-5.801476664752,-11.07999771743,5.766667822675
    ));
#69 = CARTESIAN_POINT('',(5.801476573804,-11.08000186899,6.18333216973)
  );
#70 = CARTESIAN_POINT('',(11.604673110978,-7.661375602746,6.391671547909
    ));
#71 = CARTESIAN_POINT('',(15.093930188959,-0.834469703954,6.599988928455
    ));
#72 = CARTESIAN_POINT('',(14.034538271575,7.633776500012,6.808349569748)
  );
#73 = CARTESIAN_POINT('',(7.633748258759,14.034518855069,7.016650422662)
  );
#74 = CARTESIAN_POINT('',(-0.834443619667,15.093937870408,7.225011063943
    ));
#75 = CARTESIAN_POINT('',(-7.661389873435,11.604671835973,7.433328444502
    ));
#76 = CARTESIAN_POINT('',(-11.07999771743,5.801476664752,7.641667822675)
  );
#77 = CARTESIAN_POINT('',(-11.08000186899,-5.801476573805,8.058332169731
    ));
#78 = CARTESIAN_POINT('',(-7.661375602748,-11.60467311097,8.266671547906
    ));
#79 = CARTESIAN_POINT('',(-0.834469703948,-15.09393018897,8.47498892846)
  );
#80 = CARTESIAN_POINT('',(7.633776500002,-14.03453827155,8.683349569741)
  );
#81 = CARTESIAN_POINT('',(14.03451885508,-7.633748258779,8.891650422667)
  );
#82 = CARTESIAN_POINT('',(15.0939378704,0.83444361968,9.10001106394));
#83 = CARTESIAN_POINT('',(11.604671835976,7.661389873429,9.308328444503)
  );
#84 = CARTESIAN_POINT('',(5.801476664751,11.079997717438,9.516667822675)
  );
#85 = CARTESIAN_POINT('',(-5.801476573804,11.080001868999,9.93333216973)
  );
#86 = CARTESIAN_POINT('',(-11.60467311098,7.661375602743,10.141671547911
    ));
#87 = CARTESIAN_POINT('',(-15.09393018895,0.83446970396,10.349988928449)
  );
#88 = CARTESIAN_POINT('',(-14.03453827158,-7.633776500019,
    10.558349569755));
#89 = CARTESIAN_POINT('',(-7.633748258751,-14.03451885506,
    10.766650422655));
#90 = CARTESIAN_POINT('',(0.834443619661,-15.09393787041,10.975011063948
    ));
#91 = CARTESIAN_POINT('',(7.661389873438,-11.60467183597,11.183328444499
    ));
#92 = CARTESIAN_POINT('',(11.079997717435,-5.801476664751,
    11.391667822676));
#93 = CARTESIAN_POINT('',(11.080001869001,5.801476573803,11.808332169728
    ));
#94 = CARTESIAN_POINT('',(7.661375602735,11.604673110983,12.016671547919
    ));
#95 = CARTESIAN_POINT('',(0.834469703972,15.093930188945,12.224988928435
    ));
#96 = CARTESIAN_POINT('',(-7.633776500031,14.034538271598,
    12.433349569774));
#97 = CARTESIAN_POINT('',(-14.03451885505,7.633748258733,12.641650422638
    ));
#98 = CARTESIAN_POINT('',(-15.09393787041,-0.834443619648,
    12.850011063959));
#99 = CARTESIAN_POINT('',(-11.60467183597,-7.661389873444,
    13.058328444494));
#100 = CARTESIAN_POINT('',(-5.801476664752,-11.07999771743,
    13.266667822677));
#101 = CARTESIAN_POINT('',(5.801476573804,-11.080001869,13.683332169727)
  );
#102 = CARTESIAN_POINT('',(11.604673110984,-7.661375602731,
    13.891671547923));
#103 = CARTESIAN_POINT('',(15.093930188943,-0.83446970398,
    14.099988928427));
#104 = CARTESIAN_POINT('',(14.034538271601,7.633776500043,
    14.308349569784));
#105 = CARTESIAN_POINT('',(7.63374825873,14.034518855045,14.516650422628
    ));
#106 = CARTESIAN_POINT('',(-0.834443619646,15.09393787042,
    14.725011063965));
#107 = CARTESIAN_POINT('',(-7.661389873445,11.604671835969,
    14.933328444493));
#108 = CARTESIAN_POINT('',(-11.07999771743,5.801476664752,
    15.141667822677));
#109 = CARTESIAN_POINT('',(-11.08000186899,-5.801476573804,
    15.55833216973));
#110 = CARTESIAN_POINT('',(-7.661375602748,-11.60467311097,
    15.766671547907));
#111 = CARTESIAN_POINT('',(-0.834469703947,-15.09393018896,
    15.974988928462));
#112 = CARTESIAN_POINT('',(7.6337765,-14.03453827156,16.183349569734));
#113 = CARTESIAN_POINT('',(14.034518855082,-7.633748258778,
    16.391650422679));
#114 = CARTESIAN_POINT('',(15.093937870399,0.834443619684,
    16.600011063929));
#115 = CARTESIAN_POINT('',(11.604671835976,7.661389873424,16.80832844451
    ));
#116 = CARTESIAN_POINT('',(5.801476664752,11.079997717441,
    17.016667822672));
#117 = CARTESIAN_POINT('',(-5.801476573805,11.080001868994,
    17.433332169734));
#118 = CARTESIAN_POINT('',(-11.60467311097,7.661375602761,
    17.641671547894));
#119 = CARTESIAN_POINT('',(-15.09393018898,0.834469703925,
    17.849988928484));
#120 = CARTESIAN_POINT('',(-14.03453827153,-7.633776499977,
    18.058349569708));
#121 = CARTESIAN_POINT('',(-7.633748258802,-14.03451885509,
    18.266650422701));
#122 = CARTESIAN_POINT('',(0.834443619701,-15.09393787039,
    18.475011063917));
#123 = CARTESIAN_POINT('',(7.661389873417,-11.60467183597,
    18.683328444514));
#124 = CARTESIAN_POINT('',(11.079997717441,-5.801476664751,
    18.891667822672));
#125 = CARTESIAN_POINT('',(11.080001868996,5.801476573804,
    19.308332169731));
#126 = CARTESIAN_POINT('',(7.661375602751,11.604673110977,
    19.516671547907));
#127 = CARTESIAN_POINT('',(0.834469703946,15.093930188961,
    19.724988928459));
#128 = CARTESIAN_POINT('',(-7.633776500003,14.03453827157,19.93334956974
    ));
#129 = CARTESIAN_POINT('',(-14.03451885507,7.633748258765,20.14165042267
    ));
#130 = CARTESIAN_POINT('',(-15.0939378704,-0.834443619673,
    20.350011063938));
#131 = CARTESIAN_POINT('',(-11.60467183597,-7.661389873431,
    20.558328444503));
#132 = CARTESIAN_POINT('',(-5.801476664756,-11.07999771743,
    20.766667822677));
#133 = CARTESIAN_POINT('',(5.801476573814,-11.080001869,21.183332169724)
  );
#134 = CARTESIAN_POINT('',(11.604673110925,-7.66137560274,
    21.391671547943));
#135 = CARTESIAN_POINT('',(15.093930189095,-0.834469703966,
    21.599988928365));
#136 = CARTESIAN_POINT('',(14.03453827133,7.633776500025,21.808349569907
    ));
#137 = CARTESIAN_POINT('',(7.633748259097,14.034518855059,
    22.016650422448));
#138 = CARTESIAN_POINT('',(-0.834443620037,15.093937870414,
    22.225011064171));
#139 = CARTESIAN_POINT('',(-7.661389873108,11.604671835968,
    22.433328444307));
#140 = CARTESIAN_POINT('',(-11.07999771766,5.801476664756,
    22.641667822809));
#141 = CARTESIAN_POINT('',(-11.08000186851,-5.801476573814,
    23.058332169452));
#142 = CARTESIAN_POINT('',(-7.661375605365,-11.60467311092,
    23.266671549409));
#143 = CARTESIAN_POINT('',(-0.834469697113,-15.0939301891,
    23.474988924528));
#144 = CARTESIAN_POINT('',(7.633776487564,-14.0345382713,23.68334957691)
  );
#145 = CARTESIAN_POINT('',(14.03451887237,-7.633748259133,
    23.891650412687));
#146 = CARTESIAN_POINT('',(15.093937851388,0.834443620068,
    24.100011074931));
#147 = CARTESIAN_POINT('',(11.604671852707,7.661389873093,
    24.308328434819));
#148 = CARTESIAN_POINT('',(5.801476653016,11.07999771767,24.516667829473
    ));
#149 = CARTESIAN_POINT('',(-5.80147654922,11.080001868518,
    24.933332155485));
#150 = CARTESIAN_POINT('',(-11.60467324371,7.661375605335,
    25.141671624824));
#151 = CARTESIAN_POINT('',(-15.09392984186,0.834469697183,
    25.349988727323));
#152 = CARTESIAN_POINT('',(-14.03453890385,-7.633776487678,
    25.558349936138));
#153 = CARTESIAN_POINT('',(-7.633747379258,-14.03451887222,
    25.766649913022));
#154 = CARTESIAN_POINT('',(0.834442652132,-15.09393785153,
    25.975011624589));
#155 = CARTESIAN_POINT('',(7.661390725076,-11.60467185259,
    26.183327951014));
#156 = CARTESIAN_POINT('',(11.07999712005,-5.801476653094,
    26.391668168832));
#157 = CARTESIAN_POINT('',(11.080000120233,-5.185508200611E-08,
    26.599999806714));
#158 = PCURVE('',#159,#164);
#159 = CYLINDRICAL_SURFACE('',#160,11.1);
#160 = AXIS2_PLACEMENT_3D('',#161,#162,#163);
#161 = CARTESIAN_POINT('',(0.,0.,0.));
#162 = DIRECTION('',(-0.,-0.,-1.));
#163 = DIRECTION('',(1.,0.,0.));
#164 = DEFINITIONAL_REPRESENTATION('',(#165),#177);
#165 = B_SPLINE_CURVE_WITH_KNOTS('',10,(#166,#167,#168,#169,#170,#171,
    #172,#173,#174,#175,#176),.UNSPECIFIED.,.F.,.F.,(11,11),(
    9.196699539561,13.524622240813),.PIECEWISE_BEZIER_KNOTS.);
#166 = CARTESIAN_POINT('',(-2.261951197445,-8.95117313604E-16));
#167 = CARTESIAN_POINT('',(-2.663354961619,-0.160002297112));
#168 = CARTESIAN_POINT('',(-3.070335382799,-0.320004624257));
#169 = CARTESIAN_POINT('',(-3.458852853597,-0.480009370003));
#170 = CARTESIAN_POINT('',(-3.880048867606,-0.640003684486));
#171 = CARTESIAN_POINT('',(-4.272116718232,-0.800019269314));
#172 = CARTESIAN_POINT('',(-4.665825253702,-0.960008773109));
#173 = CARTESIAN_POINT('',(-5.086124237132,-1.120018997543));
#174 = CARTESIAN_POINT('',(-5.474865285338,-1.280018509236));
#175 = CARTESIAN_POINT('',(-5.881835785527,-1.440021318053));
#176 = CARTESIAN_POINT('',(-6.283242224566,-1.600023736311));
#177 = ( GEOMETRIC_REPRESENTATION_CONTEXT(2) 
PARAMETRIC_REPRESENTATION_CONTEXT() REPRESENTATION_CONTEXT('2D SPACE',''
  ) );
#178 = PCURVE('',#179,#440);
#179 = B_SPLINE_SURFACE_WITH_KNOTS('',1,9,(
    (#180,#181,#182,#183,#184,#185,#186,#187,#188,#189,#190,#191,#192
      ,#193,#194,#195,#196,#197,#198,#199,#200,#201,#202,#203,#204,#205
      ,#206,#207,#208,#209,#210,#211,#212,#213,#214,#215,#216,#217,#218
      ,#219,#220,#221,#222,#223,#224,#225,#226,#227,#228,#229,#230,#231
      ,#232,#233,#234,#235,#236,#237,#238,#239,#240,#241,#242,#243,#244
      ,#245,#246,#247,#248,#249,#250,#251,#252,#253,#254,#255,#256,#257
      ,#258,#259,#260,#261,#262,#263,#264,#265,#266,#267,#268,#269,#270
      ,#271,#272,#273,#274,#275,#276,#277,#278,#279,#280,#281,#282,#283
      ,#284,#285,#286,#287,#288,#289,#290,#291,#292,#293,#294,#295,#296
      ,#297,#298,#299,#300,#301,#302,#303,#304,#305,#306,#307,#308,#309)
    ,(#310,#311,#312,#313,#314,#315,#316,#317,#318,#319,#320,#321,#322
      ,#323,#324,#325,#326,#327,#328,#329,#330,#331,#332,#333,#334,#335
      ,#336,#337,#338,#339,#340,#341,#342,#343,#344,#345,#346,#347,#348
      ,#349,#350,#351,#352,#353,#354,#355,#356,#357,#358,#359,#360,#361
      ,#362,#363,#364,#365,#366,#367,#368,#369,#370,#371,#372,#373,#374
      ,#375,#376,#377,#378,#379,#380,#381,#382,#383,#384,#385,#386,#387
      ,#388,#389,#390,#391,#392,#393,#394,#395,#396,#397,#398,#399,#400
      ,#401,#402,#403,#404,#405,#406,#407,#408,#409,#410,#411,#412,#413
      ,#414,#415,#416,#417,#418,#419,#420,#421,#422,#423,#424,#425,#426
      ,#427,#428,#429,#430,#431,#432,#433,#434,#435,#436,#437,#438,#439
    )),.UNSPECIFIED.,.F.,.F.,.F.,(2,2),(10,8,8,8,8,8,8,8,8,8,8,8,8,8,8,8
    ,10),(0.,1.360294085851),(0.,5.071709268329,10.143418536657,
    15.215127804986,20.286837073315,25.358546341643,30.430255609972,
    35.501964878301,40.573674146629,45.645383414958,50.717092683287,
    55.788801951616,60.860511219944,65.932220488273,71.003929756602,
    76.07563902493,81.147348293259),.UNSPECIFIED.);
#180 = CARTESIAN_POINT('',(11.079999464309,-6.485415759983E-08,
    -3.399999814308));
#181 = CARTESIAN_POINT('',(11.080002469843,5.801476609208,
    -3.191668176425));
#182 = CARTESIAN_POINT('',(7.661374746175,11.604673060505,-2.98332795861
    ));
#183 = CARTESIAN_POINT('',(0.834470677089,15.093930246303,
    -2.775011632179));
#184 = CARTESIAN_POINT('',(-7.633777384608,14.034538219445,
    -2.566649920629));
#185 = CARTESIAN_POINT('',(-14.03451821911,7.633748296238,
    -2.358349943714));
#186 = CARTESIAN_POINT('',(-15.09393821951,-0.834443640243,
    -2.149988734934));
#187 = CARTESIAN_POINT('',(-11.60467170246,-7.661389865565,
    -1.941671632411));
#188 = CARTESIAN_POINT('',(-5.801476689479,-11.07999771889,
    -1.73333216308));
#189 = CARTESIAN_POINT('',(5.801476585609,-11.0800018683,-1.31666783707)
  );
#190 = CARTESIAN_POINT('',(11.604673094144,-7.661375603739,
    -1.108328442398));
#191 = CARTESIAN_POINT('',(15.093930208091,-0.834469702825,
    -0.900011082557));
#192 = CARTESIAN_POINT('',(14.034538254176,7.633776498984,
    -0.691650420244));
#193 = CARTESIAN_POINT('',(7.633748271272,14.03451885581,-0.483349584533
    ));
#194 = CARTESIAN_POINT('',(-0.834443626538,15.09393787,-0.274988932107)
  );
#195 = CARTESIAN_POINT('',(-7.661389870807,11.604671836129,
    -6.667155700831E-02));
#196 = CARTESIAN_POINT('',(-11.07999771792,5.801476664723,0.141667822954
    ));
#197 = CARTESIAN_POINT('',(-11.08000186876,-5.801476573791,
    0.558332169597));
#198 = CARTESIAN_POINT('',(-7.661375603078,-11.60467311099,
    0.766671548098));
#199 = CARTESIAN_POINT('',(-0.834469703576,-15.09393018894,0.97498892824
    ));
#200 = CARTESIAN_POINT('',(7.633776499668,-14.03453827158,1.183349569942
    ));
#201 = CARTESIAN_POINT('',(14.034518855317,-7.633748258757,
    1.391650422522));
#202 = CARTESIAN_POINT('',(15.093937870272,0.834443619667,1.600011064021
    ));
#203 = CARTESIAN_POINT('',(11.604671836025,7.661389873434,1.808328444472
    ));
#204 = CARTESIAN_POINT('',(5.801476664742,11.079997717437,2.01666782268)
  );
#205 = CARTESIAN_POINT('',(-5.8014765738,11.080001868999,2.433332169727)
  );
#206 = CARTESIAN_POINT('',(-11.60467311098,7.661375602745,2.641671547913
    ));
#207 = CARTESIAN_POINT('',(-15.09393018895,0.834469703955,2.849988928449
    ));
#208 = CARTESIAN_POINT('',(-14.03453827157,-7.633776500012,
    3.058349569754));
#209 = CARTESIAN_POINT('',(-7.633748258763,-14.03451885507,
    3.266650422656));
#210 = CARTESIAN_POINT('',(0.83444361967,-15.0939378704,3.475011063948)
  );
#211 = CARTESIAN_POINT('',(7.661389873434,-11.60467183597,3.6833284445)
  );
#212 = CARTESIAN_POINT('',(11.079997717437,-5.801476664751,
    3.891667822675));
#213 = CARTESIAN_POINT('',(11.080001868999,5.801476573804,4.30833216973)
  );
#214 = CARTESIAN_POINT('',(7.661375602743,11.604673110979,4.516671547911
    ));
#215 = CARTESIAN_POINT('',(0.834469703958,15.093930188957,4.724988928451
    ));
#216 = CARTESIAN_POINT('',(-7.633776500017,14.034538271578,
    4.933349569753));
#217 = CARTESIAN_POINT('',(-14.03451885506,7.633748258756,5.141650422657
    ));
#218 = CARTESIAN_POINT('',(-15.09393787041,-0.834443619665,
    5.350011063947));
#219 = CARTESIAN_POINT('',(-11.60467183597,-7.661389873436,5.5583284445)
  );
#220 = CARTESIAN_POINT('',(-5.801476664752,-11.07999771743,
    5.766667822675));
#221 = CARTESIAN_POINT('',(5.801476573804,-11.08000186899,6.18333216973)
  );
#222 = CARTESIAN_POINT('',(11.604673110978,-7.661375602746,
    6.391671547909));
#223 = CARTESIAN_POINT('',(15.093930188959,-0.834469703954,
    6.599988928455));
#224 = CARTESIAN_POINT('',(14.034538271575,7.633776500012,6.808349569748
    ));
#225 = CARTESIAN_POINT('',(7.633748258759,14.034518855069,7.016650422662
    ));
#226 = CARTESIAN_POINT('',(-0.834443619667,15.093937870408,
    7.225011063943));
#227 = CARTESIAN_POINT('',(-7.661389873435,11.604671835973,
    7.433328444502));
#228 = CARTESIAN_POINT('',(-11.07999771743,5.801476664752,7.641667822675
    ));
#229 = CARTESIAN_POINT('',(-11.08000186899,-5.801476573805,
    8.058332169731));
#230 = CARTESIAN_POINT('',(-7.661375602748,-11.60467311097,
    8.266671547906));
#231 = CARTESIAN_POINT('',(-0.834469703948,-15.09393018897,8.47498892846
    ));
#232 = CARTESIAN_POINT('',(7.633776500002,-14.03453827155,8.683349569741
    ));
#233 = CARTESIAN_POINT('',(14.03451885508,-7.633748258779,8.891650422667
    ));
#234 = CARTESIAN_POINT('',(15.0939378704,0.83444361968,9.10001106394));
#235 = CARTESIAN_POINT('',(11.604671835976,7.661389873429,9.308328444503
    ));
#236 = CARTESIAN_POINT('',(5.801476664751,11.079997717438,9.516667822675
    ));
#237 = CARTESIAN_POINT('',(-5.801476573804,11.080001868999,9.93333216973
    ));
#238 = CARTESIAN_POINT('',(-11.60467311098,7.661375602743,
    10.141671547911));
#239 = CARTESIAN_POINT('',(-15.09393018895,0.83446970396,10.349988928449
    ));
#240 = CARTESIAN_POINT('',(-14.03453827158,-7.633776500019,
    10.558349569755));
#241 = CARTESIAN_POINT('',(-7.633748258751,-14.03451885506,
    10.766650422655));
#242 = CARTESIAN_POINT('',(0.834443619661,-15.09393787041,
    10.975011063948));
#243 = CARTESIAN_POINT('',(7.661389873438,-11.60467183597,
    11.183328444499));
#244 = CARTESIAN_POINT('',(11.079997717435,-5.801476664751,
    11.391667822676));
#245 = CARTESIAN_POINT('',(11.080001869001,5.801476573803,
    11.808332169728));
#246 = CARTESIAN_POINT('',(7.661375602735,11.604673110983,
    12.016671547919));
#247 = CARTESIAN_POINT('',(0.834469703972,15.093930188945,
    12.224988928435));
#248 = CARTESIAN_POINT('',(-7.633776500031,14.034538271598,
    12.433349569774));
#249 = CARTESIAN_POINT('',(-14.03451885505,7.633748258733,
    12.641650422638));
#250 = CARTESIAN_POINT('',(-15.09393787041,-0.834443619648,
    12.850011063959));
#251 = CARTESIAN_POINT('',(-11.60467183597,-7.661389873444,
    13.058328444494));
#252 = CARTESIAN_POINT('',(-5.801476664752,-11.07999771743,
    13.266667822677));
#253 = CARTESIAN_POINT('',(5.801476573804,-11.080001869,13.683332169727)
  );
#254 = CARTESIAN_POINT('',(11.604673110984,-7.661375602731,
    13.891671547923));
#255 = CARTESIAN_POINT('',(15.093930188943,-0.83446970398,
    14.099988928427));
#256 = CARTESIAN_POINT('',(14.034538271601,7.633776500043,
    14.308349569784));
#257 = CARTESIAN_POINT('',(7.63374825873,14.034518855045,14.516650422628
    ));
#258 = CARTESIAN_POINT('',(-0.834443619646,15.09393787042,
    14.725011063965));
#259 = CARTESIAN_POINT('',(-7.661389873445,11.604671835969,
    14.933328444493));
#260 = CARTESIAN_POINT('',(-11.07999771743,5.801476664752,
    15.141667822677));
#261 = CARTESIAN_POINT('',(-11.08000186899,-5.801476573804,
    15.55833216973));
#262 = CARTESIAN_POINT('',(-7.661375602748,-11.60467311097,
    15.766671547907));
#263 = CARTESIAN_POINT('',(-0.834469703947,-15.09393018896,
    15.974988928462));
#264 = CARTESIAN_POINT('',(7.6337765,-14.03453827156,16.183349569734));
#265 = CARTESIAN_POINT('',(14.034518855082,-7.633748258778,
    16.391650422679));
#266 = CARTESIAN_POINT('',(15.093937870399,0.834443619684,
    16.600011063929));
#267 = CARTESIAN_POINT('',(11.604671835976,7.661389873424,16.80832844451
    ));
#268 = CARTESIAN_POINT('',(5.801476664752,11.079997717441,
    17.016667822672));
#269 = CARTESIAN_POINT('',(-5.801476573805,11.080001868994,
    17.433332169734));
#270 = CARTESIAN_POINT('',(-11.60467311097,7.661375602761,
    17.641671547894));
#271 = CARTESIAN_POINT('',(-15.09393018898,0.834469703925,
    17.849988928484));
#272 = CARTESIAN_POINT('',(-14.03453827153,-7.633776499977,
    18.058349569708));
#273 = CARTESIAN_POINT('',(-7.633748258802,-14.03451885509,
    18.266650422701));
#274 = CARTESIAN_POINT('',(0.834443619701,-15.09393787039,
    18.475011063917));
#275 = CARTESIAN_POINT('',(7.661389873417,-11.60467183597,
    18.683328444514));
#276 = CARTESIAN_POINT('',(11.079997717441,-5.801476664751,
    18.891667822672));
#277 = CARTESIAN_POINT('',(11.080001868996,5.801476573804,
    19.308332169731));
#278 = CARTESIAN_POINT('',(7.661375602751,11.604673110977,
    19.516671547907));
#279 = CARTESIAN_POINT('',(0.834469703946,15.093930188961,
    19.724988928459));
#280 = CARTESIAN_POINT('',(-7.633776500003,14.03453827157,19.93334956974
    ));
#281 = CARTESIAN_POINT('',(-14.03451885507,7.633748258765,20.14165042267
    ));
#282 = CARTESIAN_POINT('',(-15.0939378704,-0.834443619673,
    20.350011063938));
#283 = CARTESIAN_POINT('',(-11.60467183597,-7.661389873431,
    20.558328444503));
#284 = CARTESIAN_POINT('',(-5.801476664756,-11.07999771743,
    20.766667822677));
#285 = CARTESIAN_POINT('',(5.801476573814,-11.080001869,21.183332169724)
  );
#286 = CARTESIAN_POINT('',(11.604673110925,-7.66137560274,
    21.391671547943));
#287 = CARTESIAN_POINT('',(15.093930189095,-0.834469703966,
    21.599988928365));
#288 = CARTESIAN_POINT('',(14.03453827133,7.633776500025,21.808349569907
    ));
#289 = CARTESIAN_POINT('',(7.633748259097,14.034518855059,
    22.016650422448));
#290 = CARTESIAN_POINT('',(-0.834443620037,15.093937870414,
    22.225011064171));
#291 = CARTESIAN_POINT('',(-7.661389873108,11.604671835968,
    22.433328444307));
#292 = CARTESIAN_POINT('',(-11.07999771766,5.801476664756,
    22.641667822809));
#293 = CARTESIAN_POINT('',(-11.08000186851,-5.801476573814,
    23.058332169452));
#294 = CARTESIAN_POINT('',(-7.661375605365,-11.60467311092,
    23.266671549409));
#295 = CARTESIAN_POINT('',(-0.834469697113,-15.0939301891,
    23.474988924528));
#296 = CARTESIAN_POINT('',(7.633776487564,-14.0345382713,23.68334957691)
  );
#297 = CARTESIAN_POINT('',(14.03451887237,-7.633748259133,
    23.891650412687));
#298 = CARTESIAN_POINT('',(15.093937851388,0.834443620068,
    24.100011074931));
#299 = CARTESIAN_POINT('',(11.604671852707,7.661389873093,
    24.308328434819));
#300 = CARTESIAN_POINT('',(5.801476653016,11.07999771767,24.516667829473
    ));
#301 = CARTESIAN_POINT('',(-5.80147654922,11.080001868518,
    24.933332155485));
#302 = CARTESIAN_POINT('',(-11.60467324371,7.661375605335,
    25.141671624824));
#303 = CARTESIAN_POINT('',(-15.09392984186,0.834469697183,
    25.349988727323));
#304 = CARTESIAN_POINT('',(-14.03453890385,-7.633776487678,
    25.558349936138));
#305 = CARTESIAN_POINT('',(-7.633747379258,-14.03451887222,
    25.766649913022));
#306 = CARTESIAN_POINT('',(0.834442652132,-15.09393785153,
    25.975011624589));
#307 = CARTESIAN_POINT('',(7.661390725076,-11.60467185259,
    26.183327951014));
#308 = CARTESIAN_POINT('',(11.07999712005,-5.801476653094,
    26.391668168832));
#309 = CARTESIAN_POINT('',(11.080000120233,-5.185508200611E-08,
    26.599999806714));
#310 = CARTESIAN_POINT('',(12.099999775413,6.573487354444E-08,
    -2.500000166893));
#311 = CARTESIAN_POINT('',(12.099999741692,6.335542909047,
    -2.291665203321));
#312 = CARTESIAN_POINT('',(8.366674181381,12.672990474542,
    -2.083338489674));
#313 = CARTESIAN_POINT('',(0.911265249773,16.483414816607,
    -1.874988803567));
#314 = CARTESIAN_POINT('',(-8.336485161179,15.326552079566,
    -1.666682756957));
#315 = CARTESIAN_POINT('',(-15.32655214647,8.33648500084,-1.458317350167
    ));
#316 = CARTESIAN_POINT('',(-16.48341482517,-0.911265407897,
    -1.250010820134));
#317 = CARTESIAN_POINT('',(-12.67299037636,-8.366674306153,
    -1.041661880258));
#318 = CARTESIAN_POINT('',(-6.335542801425,-12.09999980517,
    -0.83333444692));
#319 = CARTESIAN_POINT('',(6.335542920432,-12.09999974358,
    -0.416665529624));
#320 = CARTESIAN_POINT('',(12.672990458308,-8.366674178689,
    -0.208338024493));
#321 = CARTESIAN_POINT('',(16.483414835055,-0.911265252831,
    1.066794883634E-05));
#322 = CARTESIAN_POINT('',(15.326552062791,8.336485163958,0.208317723444
    ));
#323 = CARTESIAN_POINT('',(8.336485012903,15.326552144477,0.416682304465
    ));
#324 = CARTESIAN_POINT('',(-0.91126541452,16.483414826275,0.624989369458
    ));
#325 = CARTESIAN_POINT('',(-8.36667430362,12.67299037595,0.833338047239)
  );
#326 = CARTESIAN_POINT('',(-12.09999980564,6.335542801503,1.041665566509
    ));
#327 = CARTESIAN_POINT('',(-12.09999974335,-6.335542920469,
    1.458334463966));
#328 = CARTESIAN_POINT('',(-8.366674179009,-12.67299045825,
    1.666661984645));
#329 = CARTESIAN_POINT('',(-0.911265252467,-16.48341483511,
    1.875010657567));
#330 = CARTESIAN_POINT('',(8.336485163626,-15.32655206274,2.083317732882
    ));
#331 = CARTESIAN_POINT('',(15.326552144715,-8.336485012937,2.29168229768
    ));
#332 = CARTESIAN_POINT('',(16.483414826144,0.911265414539,2.499989373182
    ));
#333 = CARTESIAN_POINT('',(12.672990376,8.366674303613,2.708338045815));
#334 = CARTESIAN_POINT('',(6.335542801493,12.099999805649,2.916665566773
    ));
#335 = CARTESIAN_POINT('',(-6.335542920464,12.099999743356,3.33333446384
    ));
#336 = CARTESIAN_POINT('',(-12.67299045826,8.366674179009,3.541661984825
    ));
#337 = CARTESIAN_POINT('',(-16.4834148351,0.911265252466,3.750010657362)
  );
#338 = CARTESIAN_POINT('',(-15.32655206275,-8.336485163626,
    3.958317733069));
#339 = CARTESIAN_POINT('',(-8.336485012929,-15.32655214471,
    4.166682297545));
#340 = CARTESIAN_POINT('',(0.911265414534,-16.48341482614,4.374989373256
    ));
#341 = CARTESIAN_POINT('',(8.366674303615,-12.672990376,4.583338045787)
  );
#342 = CARTESIAN_POINT('',(12.099999805648,-6.335542801493,
    4.791665566778));
#343 = CARTESIAN_POINT('',(12.099999743356,6.335542920463,5.208334463837
    ));
#344 = CARTESIAN_POINT('',(8.366674179008,12.672990458267,5.416661984829
    ));
#345 = CARTESIAN_POINT('',(0.911265252469,16.483414835095,5.625010657357
    ));
#346 = CARTESIAN_POINT('',(-8.33648516363,15.326552062762,5.833317733074
    ));
#347 = CARTESIAN_POINT('',(-15.32655214471,8.336485012918,6.041682297542
    ));
#348 = CARTESIAN_POINT('',(-16.48341482614,-0.911265414527,
    6.249989373258));
#349 = CARTESIAN_POINT('',(-12.672990376,-8.366674303618,6.458338045786)
  );
#350 = CARTESIAN_POINT('',(-6.335542801493,-12.09999980564,
    6.666665566778));
#351 = CARTESIAN_POINT('',(6.335542920463,-12.09999974335,7.083334463837
    ));
#352 = CARTESIAN_POINT('',(12.672990458267,-8.366674179008,
    7.291661984829));
#353 = CARTESIAN_POINT('',(16.483414835096,-0.911265252468,
    7.500010657358));
#354 = CARTESIAN_POINT('',(15.326552062761,8.336485163628,7.708317733071
    ));
#355 = CARTESIAN_POINT('',(8.336485012919,15.326552144715,7.916682297545
    ));
#356 = CARTESIAN_POINT('',(-0.911265414527,16.483414826144,
    8.124989373256));
#357 = CARTESIAN_POINT('',(-8.366674303618,12.672990376,8.333338045787)
  );
#358 = CARTESIAN_POINT('',(-12.09999980564,6.335542801493,8.541665566778
    ));
#359 = CARTESIAN_POINT('',(-12.09999974335,-6.335542920464,
    8.958334463838));
#360 = CARTESIAN_POINT('',(-8.366674179009,-12.67299045826,
    9.166661984828));
#361 = CARTESIAN_POINT('',(-0.911265252466,-16.4834148351,9.37501065736)
  );
#362 = CARTESIAN_POINT('',(8.336485163624,-15.32655206274,9.583317733069
    ));
#363 = CARTESIAN_POINT('',(15.326552144719,-8.336485012934,
    9.791682297546));
#364 = CARTESIAN_POINT('',(16.48341482614,0.911265414536,9.999989373257)
  );
#365 = CARTESIAN_POINT('',(12.672990376002,8.366674303614,
    10.208338045787));
#366 = CARTESIAN_POINT('',(6.335542801493,12.099999805648,
    10.416665566778));
#367 = CARTESIAN_POINT('',(-6.335542920463,12.099999743356,
    10.833334463838));
#368 = CARTESIAN_POINT('',(-12.67299045826,8.366674179008,
    11.041661984829));
#369 = CARTESIAN_POINT('',(-16.48341483509,0.911265252469,
    11.250010657357));
#370 = CARTESIAN_POINT('',(-15.32655206276,-8.33648516363,
    11.458317733073));
#371 = CARTESIAN_POINT('',(-8.336485012916,-15.32655214471,
    11.666682297542));
#372 = CARTESIAN_POINT('',(0.911265414525,-16.48341482614,
    11.874989373258));
#373 = CARTESIAN_POINT('',(8.366674303618,-12.672990376,12.083338045786)
  );
#374 = CARTESIAN_POINT('',(12.099999805648,-6.335542801493,
    12.291665566778));
#375 = CARTESIAN_POINT('',(12.099999743356,6.335542920463,
    12.708334463838));
#376 = CARTESIAN_POINT('',(8.366674179008,12.672990458269,
    12.916661984829));
#377 = CARTESIAN_POINT('',(0.911265252469,16.483414835091,
    13.125010657356));
#378 = CARTESIAN_POINT('',(-8.336485163626,15.326552062768,
    13.333317733075));
#379 = CARTESIAN_POINT('',(-15.32655214471,8.336485012912,
    13.541682297541));
#380 = CARTESIAN_POINT('',(-16.48341482614,-0.911265414522,
    13.749989373259));
#381 = CARTESIAN_POINT('',(-12.672990376,-8.36667430362,13.958338045787)
  );
#382 = CARTESIAN_POINT('',(-6.335542801493,-12.09999980564,
    14.166665566778));
#383 = CARTESIAN_POINT('',(6.335542920463,-12.09999974335,
    14.583334463838));
#384 = CARTESIAN_POINT('',(12.672990458269,-8.366674179007,
    14.79166198483));
#385 = CARTESIAN_POINT('',(16.483414835091,-0.911265252471,
    15.000010657354));
#386 = CARTESIAN_POINT('',(15.326552062767,8.336485163632,
    15.208317733078));
#387 = CARTESIAN_POINT('',(8.336485012914,15.326552144711,
    15.416682297538));
#388 = CARTESIAN_POINT('',(-0.911265414524,16.483414826146,
    15.62498937326));
#389 = CARTESIAN_POINT('',(-8.366674303619,12.672990376,15.833338045786)
  );
#390 = CARTESIAN_POINT('',(-12.09999980564,6.335542801493,
    16.041665566778));
#391 = CARTESIAN_POINT('',(-12.09999974335,-6.335542920464,
    16.458334463837));
#392 = CARTESIAN_POINT('',(-8.366674179008,-12.67299045826,
    16.666661984829));
#393 = CARTESIAN_POINT('',(-0.911265252467,-16.4834148351,
    16.875010657358));
#394 = CARTESIAN_POINT('',(8.336485163626,-15.32655206275,17.08331773307
    ));
#395 = CARTESIAN_POINT('',(15.326552144717,-8.33648501293,
    17.291682297546));
#396 = CARTESIAN_POINT('',(16.483414826143,0.911265414534,
    17.499989373256));
#397 = CARTESIAN_POINT('',(12.672990376001,8.366674303614,
    17.708338045787));
#398 = CARTESIAN_POINT('',(6.335542801494,12.099999805648,
    17.916665566778));
#399 = CARTESIAN_POINT('',(-6.335542920464,12.099999743356,
    18.333334463837));
#400 = CARTESIAN_POINT('',(-12.67299045826,8.366674179009,18.54166198483
    ));
#401 = CARTESIAN_POINT('',(-16.4834148351,0.911265252467,18.750010657358
    ));
#402 = CARTESIAN_POINT('',(-15.32655206274,-8.336485163627,
    18.958317733071));
#403 = CARTESIAN_POINT('',(-8.336485012932,-15.32655214471,
    19.166682297544));
#404 = CARTESIAN_POINT('',(0.911265414537,-16.48341482614,
    19.374989373258));
#405 = CARTESIAN_POINT('',(8.366674303613,-12.672990376,19.583338045785)
  );
#406 = CARTESIAN_POINT('',(12.099999805649,-6.335542801493,
    19.791665566779));
#407 = CARTESIAN_POINT('',(12.099999743355,6.335542920463,
    20.208334463837));
#408 = CARTESIAN_POINT('',(8.366674179011,12.672990458267,
    20.416661984829));
#409 = CARTESIAN_POINT('',(0.911265252463,16.483414835095,
    20.625010657358));
#410 = CARTESIAN_POINT('',(-8.336485163622,15.326552062762,
    20.83331773307));
#411 = CARTESIAN_POINT('',(-15.32655214472,8.336485012917,
    21.041682297547));
#412 = CARTESIAN_POINT('',(-16.48341482614,-0.911265414525,
    21.249989373253));
#413 = CARTESIAN_POINT('',(-12.672990376,-8.366674303618,21.45833804579)
  );
#414 = CARTESIAN_POINT('',(-6.335542801493,-12.09999980564,
    21.666665566775));
#415 = CARTESIAN_POINT('',(6.335542920463,-12.09999974335,
    22.083334463843));
#416 = CARTESIAN_POINT('',(12.672990458265,-8.366674179008,22.2916619848
    ));
#417 = CARTESIAN_POINT('',(16.4834148351,-0.911265252469,22.500010657433
    ));
#418 = CARTESIAN_POINT('',(15.326552062754,8.336485163628,
    22.708317732937));
#419 = CARTESIAN_POINT('',(8.336485012927,15.326552144714,
    22.916682297731));
#420 = CARTESIAN_POINT('',(-0.911265414533,16.483414826146,
    23.12498937305));
#421 = CARTESIAN_POINT('',(-8.366674303615,12.672990375996,
    23.33333804597));
#422 = CARTESIAN_POINT('',(-12.09999980564,6.335542801498,
    23.541665566649));
#423 = CARTESIAN_POINT('',(-12.09999974335,-6.335542920473,
    23.958334464106));
#424 = CARTESIAN_POINT('',(-8.366674179016,-12.67299045821,
    24.166661983378));
#425 = CARTESIAN_POINT('',(-0.911265252449,-16.48341483523,
    24.375010661155));
#426 = CARTESIAN_POINT('',(8.336485163595,-15.32655206251,
    24.583317726151));
#427 = CARTESIAN_POINT('',(15.326552144761,-8.336485013259,
    24.791682307171));
#428 = CARTESIAN_POINT('',(16.483414826093,0.911265414898,
    24.999989362667));
#429 = CARTESIAN_POINT('',(12.672990376046,8.366674303295,
    25.208338055107));
#430 = CARTESIAN_POINT('',(6.335542801461,12.099999805873,25.41666556024
    ));
#431 = CARTESIAN_POINT('',(-6.335542920395,12.099999742886,
    25.833334477535));
#432 = CARTESIAN_POINT('',(-12.67299045863,8.366674181546,
    26.041661910872));
#433 = CARTESIAN_POINT('',(-16.48341483413,0.911265245833,
    26.250010850749));
#434 = CARTESIAN_POINT('',(-15.32655206451,-8.336485151545,
    26.458317380784));
#435 = CARTESIAN_POINT('',(-8.336485010477,-15.32655216152,
    26.666682787569));
#436 = CARTESIAN_POINT('',(0.911265411836,-16.48341480765,
    26.874988834184));
#437 = CARTESIAN_POINT('',(8.366674305989,-12.67299039227,
    27.083338520289));
#438 = CARTESIAN_POINT('',(12.099999803984,-6.335542790077,
    27.291665233936));
#439 = CARTESIAN_POINT('',(12.099999775413,5.323563811999E-08,
    27.500000197509));
#440 = DEFINITIONAL_REPRESENTATION('',(#441),#445);
#441 = LINE('',#442,#443);
#442 = CARTESIAN_POINT('',(0.,0.));
#443 = VECTOR('',#444,1.);
#444 = DIRECTION('',(0.,1.));
#445 = ( GEOMETRIC_REPRESENTATION_CONTEXT(2) 
PARAMETRIC_REPRESENTATION_CONTEXT() REPRESENTATION_CONTEXT('2D SPACE',''
  ) );
#446 = ORIENTED_EDGE('',*,*,#447,.F.);
#447 = EDGE_CURVE('',#448,#24,#450,.T.);
#448 = VERTEX_POINT('',#449);
#449 = CARTESIAN_POINT('',(11.1,0.,0.882381087528));
#450 = SURFACE_CURVE('',#451,(#455,#462),.PCURVE_S1.);
#451 = LINE('',#452,#453);
#452 = CARTESIAN_POINT('',(11.1,0.,0.));
#453 = VECTOR('',#454,1.);
#454 = DIRECTION('',(0.,0.,1.));
#455 = PCURVE('',#159,#456);
#456 = DEFINITIONAL_REPRESENTATION('',(#457),#461);
#457 = LINE('',#458,#459);
#458 = CARTESIAN_POINT('',(-6.28318530718,0.));
#459 = VECTOR('',#460,1.);
#460 = DIRECTION('',(-0.,-1.));
#461 = ( GEOMETRIC_REPRESENTATION_CONTEXT(2) 
PARAMETRIC_REPRESENTATION_CONTEXT() REPRESENTATION_CONTEXT('2D SPACE',''
  ) );
#462 = PCURVE('',#463,#468);
#463 = CYLINDRICAL_SURFACE('',#464,11.1);
#464 = AXIS2_PLACEMENT_3D('',#465,#466,#467);
#465 = CARTESIAN_POINT('',(0.,0.,0.));
#466 = DIRECTION('',(-0.,-0.,-1.));
#467 = DIRECTION('',(1.,0.,0.));
#468 = DEFINITIONAL_REPRESENTATION('',(#469),#473);
#469 = LINE('',#470,#471);
#470 = CARTESIAN_POINT('',(-0.,0.));
#471 = VECTOR('',#472,1.);
#472 = DIRECTION('',(-0.,-1.));
#473 = ( GEOMETRIC_REPRESENTATION_CONTEXT(2) 
PARAMETRIC_REPRESENTATION_CONTEXT() REPRESENTATION_CONTEXT('2D SPACE',''
  ) );
#474 = ORIENTED_EDGE('',*,*,#475,.F.);
#475 = EDGE_CURVE('',#476,#448,#478,.T.);
#476 = VERTEX_POINT('',#477);
#477 = CARTESIAN_POINT('',(-6.689172553976,-8.858045526138,0.));
#478 = SURFACE_CURVE('',#479,(#503,#530),.PCURVE_S1.);
#479 = B_SPLINE_CURVE_WITH_KNOTS('',8,(#480,#481,#482,#483,#484,#485,
    #486,#487,#488,#489,#490,#491,#492,#493,#494,#495,#496,#497,#498,
    #499,#500,#501,#502),.UNSPECIFIED.,.F.,.F.,(9,7,7,9),(0.,
    0.306742144453,0.626589518854,1.),.UNSPECIFIED.);
#480 = CARTESIAN_POINT('',(-6.689185911552,-8.858035439119,
    -6.000000000086E-07));
#481 = CARTESIAN_POINT('',(-5.936342234254,-9.426548779848,
    3.381590029776E-02));
#482 = CARTESIAN_POINT('',(-5.127893105542,-9.922163291095,
    6.764778267116E-02));
#483 = CARTESIAN_POINT('',(-4.272560021777,-10.33831247784,
    0.101465683412));
#484 = CARTESIAN_POINT('',(-3.379559749234,-10.66981541906,
    0.135274455332));
#485 = CARTESIAN_POINT('',(-2.458563159973,-10.91286959988,
    0.169093422468));
#486 = CARTESIAN_POINT('',(-1.519654067706,-11.06504374379,
    0.202936634784));
#487 = CARTESIAN_POINT('',(-0.573288063673,-11.1252706448,0.236793122879
    ));
#488 = CARTESIAN_POINT('',(1.353075593223,-11.06106651379,0.305865850735
    ));
#489 = CARTESIAN_POINT('',(2.333551390515,-10.9286667234,0.341123187934)
  );
#490 = CARTESIAN_POINT('',(3.298737368633,-10.69688886043,0.376403212172
    ));
#491 = CARTESIAN_POINT('',(4.236909859704,-10.36800290993,0.411689648805
    ));
#492 = CARTESIAN_POINT('',(5.136923899589,-9.945712131525,0.446974215593
    ));
#493 = CARTESIAN_POINT('',(5.988239998182,-9.435176070574,0.482259625179
    ));
#494 = CARTESIAN_POINT('',(6.780926524314,-8.842933355308,0.517549379279
    ));
#495 = CARTESIAN_POINT('',(8.352316084802,-7.400592348633,0.594004466373
    ));
#496 = CARTESIAN_POINT('',(9.107368374891,-6.523075568434,0.635208837445
    ));
#497 = CARTESIAN_POINT('',(9.756085564533,-5.558272626371,0.676394106954
    ));
#498 = CARTESIAN_POINT('',(10.287236482172,-4.521442923099,
    0.717575781244));
#499 = CARTESIAN_POINT('',(10.691966738551,-3.42899441081,0.758767774506
    ));
#500 = CARTESIAN_POINT('',(10.964121428756,-2.298546176836,
    0.799975347543));
#501 = CARTESIAN_POINT('',(11.1,-1.148789868789,0.841198630184));
#502 = CARTESIAN_POINT('',(11.1,0.,0.882381087528));
#503 = PCURVE('',#159,#504);
#504 = DEFINITIONAL_REPRESENTATION('',(#505),#529);
#505 = B_SPLINE_CURVE_WITH_KNOTS('',8,(#506,#507,#508,#509,#510,#511,
    #512,#513,#514,#515,#516,#517,#518,#519,#520,#521,#522,#523,#524,
    #525,#526,#527,#528),.UNSPECIFIED.,.F.,.F.,(9,7,7,9),(0.,
    0.306742144453,0.626589518854,1.),.UNSPECIFIED.);
#506 = CARTESIAN_POINT('',(-4.06559710297,6.000000000173E-07));
#507 = CARTESIAN_POINT('',(-4.150587017774,-3.381590029776E-02));
#508 = CARTESIAN_POINT('',(-4.235617401168,-6.764778267116E-02));
#509 = CARTESIAN_POINT('',(-4.320639614472,-0.101465683412));
#510 = CARTESIAN_POINT('',(-4.405646034061,-0.135274455332));
#511 = CARTESIAN_POINT('',(-4.490650569275,-0.169093422468));
#512 = CARTESIAN_POINT('',(-4.575669180331,-0.202936634784));
#513 = CARTESIAN_POINT('',(-4.660700396236,-0.236793122879));
#514 = CARTESIAN_POINT('',(-4.83434303548,-0.305865850735));
#515 = CARTESIAN_POINT('',(-4.923022466447,-0.341123187934));
#516 = CARTESIAN_POINT('',(-5.011684798744,-0.376403212172));
#517 = CARTESIAN_POINT('',(-5.100332037038,-0.411689648805));
#518 = CARTESIAN_POINT('',(-5.188980346009,-0.446974215593));
#519 = CARTESIAN_POINT('',(-5.27764620455,-0.482259625179));
#520 = CARTESIAN_POINT('',(-5.366336247806,-0.517549379279));
#521 = CARTESIAN_POINT('',(-5.558496799287,-0.594004466373));
#522 = CARTESIAN_POINT('',(-5.662067761908,-0.635208837445));
#523 = CARTESIAN_POINT('',(-5.76558923616,-0.676394106954));
#524 = CARTESIAN_POINT('',(-5.869081074666,-0.717575781244));
#525 = CARTESIAN_POINT('',(-5.972577039441,-0.758767774506));
#526 = CARTESIAN_POINT('',(-6.076109206596,-0.799975347543));
#527 = CARTESIAN_POINT('',(-6.179690724406,-0.841198630184));
#528 = CARTESIAN_POINT('',(-6.28318530718,-0.882381087528));
#529 = ( GEOMETRIC_REPRESENTATION_CONTEXT(2) 
PARAMETRIC_REPRESENTATION_CONTEXT() REPRESENTATION_CONTEXT('2D SPACE',''
  ) );
#530 = PCURVE('',#531,#792);
#531 = B_SPLINE_SURFACE_WITH_KNOTS('',1,9,(
    (#532,#533,#534,#535,#536,#537,#538,#539,#540,#541,#542,#543,#544
      ,#545,#546,#547,#548,#549,#550,#551,#552,#553,#554,#555,#556,#557
      ,#558,#559,#560,#561,#562,#563,#564,#565,#566,#567,#568,#569,#570
      ,#571,#572,#573,#574,#575,#576,#577,#578,#579,#580,#581,#582,#583
      ,#584,#585,#586,#587,#588,#589,#590,#591,#592,#593,#594,#595,#596
      ,#597,#598,#599,#600,#601,#602,#603,#604,#605,#606,#607,#608,#609
      ,#610,#611,#612,#613,#614,#615,#616,#617,#618,#619,#620,#621,#622
      ,#623,#624,#625,#626,#627,#628,#629,#630,#631,#632,#633,#634,#635
      ,#636,#637,#638,#639,#640,#641,#642,#643,#644,#645,#646,#647,#648
      ,#649,#650,#651,#652,#653,#654,#655,#656,#657,#658,#659,#660,#661)
    ,(#662,#663,#664,#665,#666,#667,#668,#669,#670,#671,#672,#673,#674
      ,#675,#676,#677,#678,#679,#680,#681,#682,#683,#684,#685,#686,#687
      ,#688,#689,#690,#691,#692,#693,#694,#695,#696,#697,#698,#699,#700
      ,#701,#702,#703,#704,#705,#706,#707,#708,#709,#710,#711,#712,#713
      ,#714,#715,#716,#717,#718,#719,#720,#721,#722,#723,#724,#725,#726
      ,#727,#728,#729,#730,#731,#732,#733,#734,#735,#736,#737,#738,#739
      ,#740,#741,#742,#743,#744,#745,#746,#747,#748,#749,#750,#751,#752
      ,#753,#754,#755,#756,#757,#758,#759,#760,#761,#762,#763,#764,#765
      ,#766,#767,#768,#769,#770,#771,#772,#773,#774,#775,#776,#777,#778
      ,#779,#780,#781,#782,#783,#784,#785,#786,#787,#788,#789,#790,#791
    )),.UNSPECIFIED.,.F.,.F.,.F.,(2,2),(10,8,8,8,8,8,8,8,8,8,8,8,8,8,8,8
    ,10),(0.,1.360294085851),(0.,5.071709268329,10.143418536657,
    15.215127804986,20.286837073315,25.358546341643,30.430255609972,
    35.501964878301,40.573674146629,45.645383414958,50.717092683287,
    55.788801951616,60.860511219944,65.932220488273,71.003929756602,
    76.07563902493,81.147348293259),.UNSPECIFIED.);
#532 = CARTESIAN_POINT('',(12.099999775413,6.573487354444E-08,
    -2.500000166893));
#533 = CARTESIAN_POINT('',(12.099999741692,6.335542909047,
    -2.291665203321));
#534 = CARTESIAN_POINT('',(8.366674181381,12.672990474542,
    -2.083338489674));
#535 = CARTESIAN_POINT('',(0.911265249773,16.483414816607,
    -1.874988803567));
#536 = CARTESIAN_POINT('',(-8.336485161179,15.326552079566,
    -1.666682756957));
#537 = CARTESIAN_POINT('',(-15.32655214647,8.336485000839,
    -1.458317350167));
#538 = CARTESIAN_POINT('',(-16.48341482517,-0.911265407897,
    -1.250010820134));
#539 = CARTESIAN_POINT('',(-12.67299037636,-8.366674306153,
    -1.041661880258));
#540 = CARTESIAN_POINT('',(-6.335542801425,-12.09999980517,
    -0.83333444692));
#541 = CARTESIAN_POINT('',(6.335542920432,-12.09999974358,
    -0.416665529624));
#542 = CARTESIAN_POINT('',(12.672990458309,-8.366674178689,
    -0.208338024493));
#543 = CARTESIAN_POINT('',(16.483414835055,-0.911265252831,
    1.066794888228E-05));
#544 = CARTESIAN_POINT('',(15.326552062792,8.336485163958,0.208317723444
    ));
#545 = CARTESIAN_POINT('',(8.336485012902,15.326552144477,0.416682304465
    ));
#546 = CARTESIAN_POINT('',(-0.91126541452,16.483414826275,0.624989369458
    ));
#547 = CARTESIAN_POINT('',(-8.36667430362,12.67299037595,0.83333804724)
  );
#548 = CARTESIAN_POINT('',(-12.09999980564,6.335542801503,1.041665566509
    ));
#549 = CARTESIAN_POINT('',(-12.09999974335,-6.335542920469,
    1.458334463966));
#550 = CARTESIAN_POINT('',(-8.366674179009,-12.67299045825,
    1.666661984645));
#551 = CARTESIAN_POINT('',(-0.911265252467,-16.48341483511,
    1.875010657567));
#552 = CARTESIAN_POINT('',(8.336485163626,-15.32655206274,2.083317732882
    ));
#553 = CARTESIAN_POINT('',(15.326552144716,-8.336485012937,2.29168229768
    ));
#554 = CARTESIAN_POINT('',(16.483414826144,0.911265414539,2.499989373182
    ));
#555 = CARTESIAN_POINT('',(12.672990376,8.366674303613,2.708338045815));
#556 = CARTESIAN_POINT('',(6.335542801493,12.099999805649,2.916665566773
    ));
#557 = CARTESIAN_POINT('',(-6.335542920464,12.099999743356,3.33333446384
    ));
#558 = CARTESIAN_POINT('',(-12.67299045826,8.366674179009,3.541661984825
    ));
#559 = CARTESIAN_POINT('',(-16.4834148351,0.911265252466,3.750010657362)
  );
#560 = CARTESIAN_POINT('',(-15.32655206275,-8.336485163626,
    3.958317733068));
#561 = CARTESIAN_POINT('',(-8.336485012929,-15.32655214471,
    4.166682297546));
#562 = CARTESIAN_POINT('',(0.911265414534,-16.48341482614,4.374989373256
    ));
#563 = CARTESIAN_POINT('',(8.366674303615,-12.672990376,4.583338045787)
  );
#564 = CARTESIAN_POINT('',(12.099999805648,-6.335542801493,
    4.791665566778));
#565 = CARTESIAN_POINT('',(12.099999743356,6.335542920463,5.208334463837
    ));
#566 = CARTESIAN_POINT('',(8.366674179008,12.672990458267,5.416661984829
    ));
#567 = CARTESIAN_POINT('',(0.911265252469,16.483414835096,5.625010657357
    ));
#568 = CARTESIAN_POINT('',(-8.33648516363,15.326552062761,5.833317733074
    ));
#569 = CARTESIAN_POINT('',(-15.32655214471,8.336485012918,6.041682297542
    ));
#570 = CARTESIAN_POINT('',(-16.48341482614,-0.911265414527,
    6.249989373258));
#571 = CARTESIAN_POINT('',(-12.672990376,-8.366674303618,6.458338045786)
  );
#572 = CARTESIAN_POINT('',(-6.335542801493,-12.09999980564,
    6.666665566778));
#573 = CARTESIAN_POINT('',(6.335542920463,-12.09999974335,7.083334463837
    ));
#574 = CARTESIAN_POINT('',(12.672990458267,-8.366674179008,
    7.291661984829));
#575 = CARTESIAN_POINT('',(16.483414835096,-0.911265252468,
    7.500010657359));
#576 = CARTESIAN_POINT('',(15.326552062761,8.336485163628,7.70831773307)
  );
#577 = CARTESIAN_POINT('',(8.336485012919,15.326552144715,7.916682297545
    ));
#578 = CARTESIAN_POINT('',(-0.911265414527,16.483414826144,
    8.124989373256));
#579 = CARTESIAN_POINT('',(-8.366674303618,12.672990376,8.333338045787)
  );
#580 = CARTESIAN_POINT('',(-12.09999980564,6.335542801494,8.541665566778
    ));
#581 = CARTESIAN_POINT('',(-12.09999974335,-6.335542920464,
    8.958334463838));
#582 = CARTESIAN_POINT('',(-8.366674179009,-12.67299045826,
    9.166661984828));
#583 = CARTESIAN_POINT('',(-0.911265252466,-16.4834148351,9.37501065736)
  );
#584 = CARTESIAN_POINT('',(8.336485163623,-15.32655206274,9.583317733069
    ));
#585 = CARTESIAN_POINT('',(15.32655214472,-8.336485012935,9.791682297545
    ));
#586 = CARTESIAN_POINT('',(16.48341482614,0.911265414537,9.999989373257)
  );
#587 = CARTESIAN_POINT('',(12.672990376003,8.366674303614,
    10.208338045786));
#588 = CARTESIAN_POINT('',(6.335542801493,12.099999805648,
    10.416665566778));
#589 = CARTESIAN_POINT('',(-6.335542920463,12.099999743356,
    10.833334463837));
#590 = CARTESIAN_POINT('',(-12.67299045826,8.366674179008,
    11.041661984829));
#591 = CARTESIAN_POINT('',(-16.48341483509,0.911265252469,
    11.250010657357));
#592 = CARTESIAN_POINT('',(-15.32655206276,-8.33648516363,
    11.458317733074));
#593 = CARTESIAN_POINT('',(-8.336485012916,-15.32655214471,
    11.666682297542));
#594 = CARTESIAN_POINT('',(0.911265414525,-16.48341482614,
    11.874989373259));
#595 = CARTESIAN_POINT('',(8.366674303618,-12.672990376,12.083338045786)
  );
#596 = CARTESIAN_POINT('',(12.099999805648,-6.335542801493,
    12.291665566778));
#597 = CARTESIAN_POINT('',(12.099999743356,6.335542920463,
    12.708334463838));
#598 = CARTESIAN_POINT('',(8.366674179008,12.672990458269,
    12.916661984829));
#599 = CARTESIAN_POINT('',(0.911265252469,16.483414835092,
    13.125010657356));
#600 = CARTESIAN_POINT('',(-8.336485163626,15.326552062767,
    13.333317733075));
#601 = CARTESIAN_POINT('',(-15.32655214471,8.336485012912,13.54168229754
    ));
#602 = CARTESIAN_POINT('',(-16.48341482614,-0.911265414522,
    13.749989373259));
#603 = CARTESIAN_POINT('',(-12.672990376,-8.36667430362,13.958338045786)
  );
#604 = CARTESIAN_POINT('',(-6.335542801493,-12.09999980564,
    14.166665566778));
#605 = CARTESIAN_POINT('',(6.335542920463,-12.09999974335,
    14.583334463838));
#606 = CARTESIAN_POINT('',(12.67299045827,-8.366674179007,14.79166198483
    ));
#607 = CARTESIAN_POINT('',(16.483414835091,-0.911265252471,
    15.000010657354));
#608 = CARTESIAN_POINT('',(15.326552062768,8.336485163632,
    15.208317733078));
#609 = CARTESIAN_POINT('',(8.336485012913,15.326552144711,
    15.416682297538));
#610 = CARTESIAN_POINT('',(-0.911265414524,16.483414826146,
    15.62498937326));
#611 = CARTESIAN_POINT('',(-8.366674303619,12.672990376,15.833338045786)
  );
#612 = CARTESIAN_POINT('',(-12.09999980564,6.335542801493,
    16.041665566778));
#613 = CARTESIAN_POINT('',(-12.09999974335,-6.335542920464,
    16.458334463837));
#614 = CARTESIAN_POINT('',(-8.366674179008,-12.67299045826,
    16.666661984829));
#615 = CARTESIAN_POINT('',(-0.911265252468,-16.4834148351,
    16.875010657358));
#616 = CARTESIAN_POINT('',(8.336485163626,-15.32655206275,17.08331773307
    ));
#617 = CARTESIAN_POINT('',(15.326552144716,-8.336485012929,
    17.291682297546));
#618 = CARTESIAN_POINT('',(16.483414826143,0.911265414534,
    17.499989373256));
#619 = CARTESIAN_POINT('',(12.672990376001,8.366674303615,
    17.708338045787));
#620 = CARTESIAN_POINT('',(6.335542801494,12.099999805648,
    17.916665566778));
#621 = CARTESIAN_POINT('',(-6.335542920464,12.099999743356,
    18.333334463837));
#622 = CARTESIAN_POINT('',(-12.67299045826,8.366674179009,18.54166198483
    ));
#623 = CARTESIAN_POINT('',(-16.4834148351,0.911265252467,18.750010657358
    ));
#624 = CARTESIAN_POINT('',(-15.32655206274,-8.336485163626,
    18.958317733071));
#625 = CARTESIAN_POINT('',(-8.336485012931,-15.32655214471,
    19.166682297544));
#626 = CARTESIAN_POINT('',(0.911265414536,-16.48341482614,
    19.374989373258));
#627 = CARTESIAN_POINT('',(8.366674303613,-12.672990376,19.583338045785)
  );
#628 = CARTESIAN_POINT('',(12.099999805649,-6.335542801493,
    19.791665566779));
#629 = CARTESIAN_POINT('',(12.099999743355,6.335542920463,
    20.208334463837));
#630 = CARTESIAN_POINT('',(8.366674179011,12.672990458267,
    20.416661984829));
#631 = CARTESIAN_POINT('',(0.911265252463,16.483414835095,
    20.625010657358));
#632 = CARTESIAN_POINT('',(-8.336485163621,15.326552062763,
    20.83331773307));
#633 = CARTESIAN_POINT('',(-15.32655214472,8.336485012917,
    21.041682297547));
#634 = CARTESIAN_POINT('',(-16.48341482614,-0.911265414525,
    21.249989373253));
#635 = CARTESIAN_POINT('',(-12.672990376,-8.366674303618,21.45833804579)
  );
#636 = CARTESIAN_POINT('',(-6.335542801493,-12.09999980564,
    21.666665566775));
#637 = CARTESIAN_POINT('',(6.335542920463,-12.09999974335,
    22.083334463843));
#638 = CARTESIAN_POINT('',(12.672990458265,-8.366674179008,22.2916619848
    ));
#639 = CARTESIAN_POINT('',(16.483414835101,-0.911265252469,
    22.500010657433));
#640 = CARTESIAN_POINT('',(15.326552062753,8.336485163628,
    22.708317732937));
#641 = CARTESIAN_POINT('',(8.336485012928,15.326552144714,
    22.916682297731));
#642 = CARTESIAN_POINT('',(-0.911265414533,16.483414826146,
    23.12498937305));
#643 = CARTESIAN_POINT('',(-8.366674303615,12.672990375996,
    23.33333804597));
#644 = CARTESIAN_POINT('',(-12.09999980564,6.335542801498,
    23.541665566649));
#645 = CARTESIAN_POINT('',(-12.09999974335,-6.335542920473,
    23.958334464106));
#646 = CARTESIAN_POINT('',(-8.366674179015,-12.67299045821,
    24.166661983378));
#647 = CARTESIAN_POINT('',(-0.91126525245,-16.48341483523,
    24.375010661155));
#648 = CARTESIAN_POINT('',(8.336485163597,-15.32655206251,
    24.583317726151));
#649 = CARTESIAN_POINT('',(15.326552144759,-8.336485013259,
    24.791682307171));
#650 = CARTESIAN_POINT('',(16.483414826094,0.911265414898,
    24.999989362667));
#651 = CARTESIAN_POINT('',(12.672990376046,8.366674303295,
    25.208338055107));
#652 = CARTESIAN_POINT('',(6.335542801461,12.099999805873,25.41666556024
    ));
#653 = CARTESIAN_POINT('',(-6.335542920395,12.099999742886,
    25.833334477535));
#654 = CARTESIAN_POINT('',(-12.67299045863,8.366674181546,
    26.041661910872));
#655 = CARTESIAN_POINT('',(-16.48341483413,0.911265245834,
    26.250010850749));
#656 = CARTESIAN_POINT('',(-15.32655206451,-8.336485151546,
    26.458317380784));
#657 = CARTESIAN_POINT('',(-8.336485010477,-15.32655216152,
    26.666682787569));
#658 = CARTESIAN_POINT('',(0.911265411836,-16.48341480765,
    26.874988834184));
#659 = CARTESIAN_POINT('',(8.366674305989,-12.67299039227,
    27.083338520289));
#660 = CARTESIAN_POINT('',(12.099999803984,-6.335542790077,
    27.291665233936));
#661 = CARTESIAN_POINT('',(12.099999775413,5.323564522541E-08,
    27.500000197509));
#662 = CARTESIAN_POINT('',(11.080000086517,-7.187450901114E-08,
    -1.599999814308));
#663 = CARTESIAN_POINT('',(11.079997151124,5.801476511711,
    -1.391668176423));
#664 = CARTESIAN_POINT('',(7.661390831345,11.604671731731,
    -1.183327958616));
#665 = CARTESIAN_POINT('',(0.834442818158,15.093937796274,
    -0.975011632171));
#666 = CARTESIAN_POINT('',(-7.633747199321,14.034518914782,
    -0.766649920633));
#667 = CARTESIAN_POINT('',(-14.03453877589,7.633776621161,
    -0.558349943717));
#668 = CARTESIAN_POINT('',(-15.09392980526,-0.834469526086,
    -0.349988734927));
#669 = CARTESIAN_POINT('',(-11.60467329395,-7.661375452436,
    -0.141671632415));
#670 = CARTESIAN_POINT('',(-5.801476655297,-11.08000177001,
    6.666783692087E-02));
#671 = CARTESIAN_POINT('',(5.801476511634,-11.07999774873,0.483332162931
    ));
#672 = CARTESIAN_POINT('',(11.604671731836,-7.661389979383,
    0.691671557598));
#673 = CARTESIAN_POINT('',(15.093937796161,-0.834443786056,
    0.899988917449));
#674 = CARTESIAN_POINT('',(14.034518914878,7.633748079153,1.108349579754
    ));
#675 = CARTESIAN_POINT('',(7.633776621096,14.034538143373,1.316650415462
    ));
#676 = CARTESIAN_POINT('',(-0.834469526051,15.09393015249,1.5250110679)
  );
#677 = CARTESIAN_POINT('',(-7.66137545245,11.604673161167,1.733328442987
    ));
#678 = CARTESIAN_POINT('',(-11.08000177001,5.801476679891,1.941667822955
    ));
#679 = CARTESIAN_POINT('',(-11.07999774873,-5.801476523374,
    2.358332169598));
#680 = CARTESIAN_POINT('',(-7.661389979382,-11.6046717151,2.566671548094
    ));
#681 = CARTESIAN_POINT('',(-0.834443786056,-15.09393781517,
    2.774988928246));
#682 = CARTESIAN_POINT('',(7.633748079152,-14.03451889759,2.98334956994)
  );
#683 = CARTESIAN_POINT('',(14.034538143373,-7.633776633517,
    3.191650422518));
#684 = CARTESIAN_POINT('',(15.09393015249,0.83446953287,3.400011064028)
  );
#685 = CARTESIAN_POINT('',(11.604673161167,7.661375449842,3.608328444468
    ));
#686 = CARTESIAN_POINT('',(5.801476679891,11.0800017705,3.816667822681)
  );
#687 = CARTESIAN_POINT('',(-5.801476523374,11.079997748507,
    4.233332169728));
#688 = CARTESIAN_POINT('',(-11.6046717151,7.661389979712,4.441671547909)
  );
#689 = CARTESIAN_POINT('',(-15.09393781517,0.83444378568,4.649988928455)
  );
#690 = CARTESIAN_POINT('',(-14.03451889759,-7.63374807881,4.858349569752
    ));
#691 = CARTESIAN_POINT('',(-7.633776633519,-14.03453814362,
    5.066650422651));
#692 = CARTESIAN_POINT('',(0.834469532871,-15.09393015235,5.275011063955
    ));
#693 = CARTESIAN_POINT('',(7.661375449841,-11.60467316121,5.483328444495
    ));
#694 = CARTESIAN_POINT('',(11.0800017705,-5.801476679881,5.691667822676)
  );
#695 = CARTESIAN_POINT('',(11.079997748507,5.801476523369,6.10833216973)
  );
#696 = CARTESIAN_POINT('',(7.661389979711,11.604671715111,6.316671547907
    ));
#697 = CARTESIAN_POINT('',(0.834443785683,15.093937815156,6.524988928456
    ));
#698 = CARTESIAN_POINT('',(-7.633748078815,14.034518897617,
    6.733349569751));
#699 = CARTESIAN_POINT('',(-14.03453814361,7.633776633502,6.941650422652
    ));
#700 = CARTESIAN_POINT('',(-15.09393015235,-0.834469532861,
    7.150011063955));
#701 = CARTESIAN_POINT('',(-11.60467316121,-7.661375449845,
    7.358328444496));
#702 = CARTESIAN_POINT('',(-5.801476679882,-11.0800017705,7.566667822676
    ));
#703 = CARTESIAN_POINT('',(5.801476523369,-11.0799977485,7.983332169731)
  );
#704 = CARTESIAN_POINT('',(11.604671715111,-7.66138997971,8.191671547905
    ));
#705 = CARTESIAN_POINT('',(15.093937815156,-0.834443785685,8.39998892846
    ));
#706 = CARTESIAN_POINT('',(14.034518897618,7.633748078817,8.608349569746
    ));
#707 = CARTESIAN_POINT('',(7.633776633501,14.034538143613,8.816650422657
    ));
#708 = CARTESIAN_POINT('',(-0.834469532859,15.093930152359,
    9.025011063951));
#709 = CARTESIAN_POINT('',(-7.661375449846,11.604673161217,
    9.233328444498));
#710 = CARTESIAN_POINT('',(-11.08000177049,5.801476679882,9.441667822675
    ));
#711 = CARTESIAN_POINT('',(-11.0799977485,-5.80147652337,9.858332169732)
  );
#712 = CARTESIAN_POINT('',(-7.66138997971,-11.6046717151,10.066671547902
    ));
#713 = CARTESIAN_POINT('',(-0.834443785684,-15.09393781516,
    10.274988928467));
#714 = CARTESIAN_POINT('',(7.633748078813,-14.0345188976,10.483349569737
    ));
#715 = CARTESIAN_POINT('',(14.03453814362,-7.633776633513,
    10.691650422665));
#716 = CARTESIAN_POINT('',(15.093930152353,0.834469532866,
    10.900011063946));
#717 = CARTESIAN_POINT('',(11.60467316122,7.661375449843,11.108328444499
    ));
#718 = CARTESIAN_POINT('',(5.801476679881,11.0800017705,11.316667822675)
  );
#719 = CARTESIAN_POINT('',(-5.801476523369,11.079997748507,
    11.73333216973));
#720 = CARTESIAN_POINT('',(-11.60467171511,7.661389979712,
    11.941671547907));
#721 = CARTESIAN_POINT('',(-15.09393781515,0.834443785681,
    12.149988928456));
#722 = CARTESIAN_POINT('',(-14.03451889761,-7.633748078812,
    12.358349569752));
#723 = CARTESIAN_POINT('',(-7.633776633502,-14.03453814361,
    12.566650422651));
#724 = CARTESIAN_POINT('',(0.834469532861,-15.09393015235,
    12.775011063955));
#725 = CARTESIAN_POINT('',(7.661375449844,-11.60467316121,
    12.983328444495));
#726 = CARTESIAN_POINT('',(11.080001770501,-5.801476679881,
    13.191667822677));
#727 = CARTESIAN_POINT('',(11.079997748505,5.801476523368,
    13.608332169728));
#728 = CARTESIAN_POINT('',(7.661389979719,11.604671715111,
    13.816671547915));
#729 = CARTESIAN_POINT('',(0.83444378567,15.093937815159,14.024988928441
    ));
#730 = CARTESIAN_POINT('',(-7.633748078799,14.03451889761,
    14.233349569772));
#731 = CARTESIAN_POINT('',(-14.03453814362,7.633776633512,
    14.441650422633));
#732 = CARTESIAN_POINT('',(-15.09393015235,-0.834469532869,
    14.650011063967));
#733 = CARTESIAN_POINT('',(-11.60467316122,-7.66137544984,14.85832844449
    ));
#734 = CARTESIAN_POINT('',(-5.801476679881,-11.0800017705,
    15.066667822678));
#735 = CARTESIAN_POINT('',(5.801476523369,-11.0799977485,15.483332169727
    ));
#736 = CARTESIAN_POINT('',(11.60467171511,-7.661389979721,
    15.691671547918));
#737 = CARTESIAN_POINT('',(15.093937815162,-0.834443785666,
    15.899988928434));
#738 = CARTESIAN_POINT('',(14.034518897604,7.633748078798,
    16.108349569781));
#739 = CARTESIAN_POINT('',(7.63377663352,14.034538143626,16.316650422624
    ));
#740 = CARTESIAN_POINT('',(-0.834469532875,15.093930152354,
    16.525011063972));
#741 = CARTESIAN_POINT('',(-7.661375449838,11.604673161217,
    16.733328444488));
#742 = CARTESIAN_POINT('',(-11.0800017705,5.801476679882,16.941667822677
    ));
#743 = CARTESIAN_POINT('',(-11.0799977485,-5.80147652337,17.35833216973)
  );
#744 = CARTESIAN_POINT('',(-7.661389979708,-11.6046717151,
    17.566671547903));
#745 = CARTESIAN_POINT('',(-0.83444378569,-15.09393781516,
    17.774988928468));
#746 = CARTESIAN_POINT('',(7.633748078824,-14.03451889761,
    17.983349569732));
#747 = CARTESIAN_POINT('',(14.034538143606,-7.633776633499,
    18.191650422674));
#748 = CARTESIAN_POINT('',(15.093930152363,0.834469532854,
    18.400011063936));
#749 = CARTESIAN_POINT('',(11.604673161216,7.661375449851,
    18.608328444506));
#750 = CARTESIAN_POINT('',(5.801476679882,11.080001770496,
    18.816667822672));
#751 = CARTESIAN_POINT('',(-5.80147652337,11.079997748511,
    19.233332169735));
#752 = CARTESIAN_POINT('',(-11.60467171511,7.661389979696,19.44167154789
    ));
#753 = CARTESIAN_POINT('',(-15.09393781515,0.834443785708,19.64998892849
    ));
#754 = CARTESIAN_POINT('',(-14.03451889762,-7.633748078842,
    19.858349569706));
#755 = CARTESIAN_POINT('',(-7.633776633486,-14.03453814359,
    20.066650422696));
#756 = CARTESIAN_POINT('',(0.834469532845,-15.09393015236,
    20.275011063925));
#757 = CARTESIAN_POINT('',(7.661375449855,-11.60467316121,
    20.483328444509));
#758 = CARTESIAN_POINT('',(11.080001770497,-5.801476679881,
    20.691667822673));
#759 = CARTESIAN_POINT('',(11.079997748508,5.801476523369,
    21.108332169732));
#760 = CARTESIAN_POINT('',(7.66138997971,11.604671715111,21.316671547903
    ));
#761 = CARTESIAN_POINT('',(0.834443785683,15.093937815155,
    21.524988928464));
#762 = CARTESIAN_POINT('',(-7.633748078812,14.034518897622,
    21.733349569739));
#763 = CARTESIAN_POINT('',(-14.03453814362,7.633776633494,
    21.941650422665));
#764 = CARTESIAN_POINT('',(-15.09393015235,-0.834469532852,
    22.150011063946));
#765 = CARTESIAN_POINT('',(-11.60467316122,-7.661375449849,
    22.358328444498));
#766 = CARTESIAN_POINT('',(-5.801476679876,-11.08000177049,
    22.566667822677));
#767 = CARTESIAN_POINT('',(5.801476523359,-11.0799977485,22.983332169725
    ));
#768 = CARTESIAN_POINT('',(11.60467171516,-7.66138997972,23.191671547939
    ));
#769 = CARTESIAN_POINT('',(15.09393781503,-0.834443785664,
    23.399988928371));
#770 = CARTESIAN_POINT('',(14.034518897846,7.633748078785,
    23.608349569904));
#771 = CARTESIAN_POINT('',(7.63377663318,14.034538143649,23.816650422444
    ));
#772 = CARTESIAN_POINT('',(-0.834469532498,15.093930152327,
    24.025011064179));
#773 = CARTESIAN_POINT('',(-7.66137545017,11.604673161239,
    24.233328444302));
#774 = CARTESIAN_POINT('',(-11.08000177026,5.801476679868,
    24.441667822809));
#775 = CARTESIAN_POINT('',(-11.07999774899,-5.801476523342,
    24.858332169453));
#776 = CARTESIAN_POINT('',(-7.661389977076,-11.60467171526,
    25.066671549405));
#777 = CARTESIAN_POINT('',(-0.834443792565,-15.09393781475,
    25.274988924533));
#778 = CARTESIAN_POINT('',(7.633748091338,-14.03451889836,
    25.483349576908));
#779 = CARTESIAN_POINT('',(14.034538126213,-7.633776632461,
    25.691650412682));
#780 = CARTESIAN_POINT('',(15.093930171487,0.834469531717,
    25.900011074939));
#781 = CARTESIAN_POINT('',(11.604673144387,7.661375450848,
    26.108328434815));
#782 = CARTESIAN_POINT('',(5.801476691685,11.080001769801,
    26.316667829473));
#783 = CARTESIAN_POINT('',(-5.801476548096,11.079997749965,
    26.733332155486));
#784 = CARTESIAN_POINT('',(-11.6046715816,7.661389971846,26.941671624821
    ));
#785 = CARTESIAN_POINT('',(-15.09393816427,0.834443806249,
    27.149988727327));
#786 = CARTESIAN_POINT('',(-14.03451826165,-7.633748116283,
    27.358349936138));
#787 = CARTESIAN_POINT('',(-7.633777518114,-14.03453809149,
    27.566649913015));
#788 = CARTESIAN_POINT('',(0.834470506008,-15.09393020969,27.7750116246)
  );
#789 = CARTESIAN_POINT('',(7.661374593266,-11.60467311074,
    27.983327951007));
#790 = CARTESIAN_POINT('',(11.080002371348,-5.801476715286,
    28.191668168834));
#791 = CARTESIAN_POINT('',(11.079999430594,-5.887525844628E-08,
    28.399999806713));
#792 = DEFINITIONAL_REPRESENTATION('',(#793),#817);
#793 = B_SPLINE_CURVE_WITH_KNOTS('',8,(#794,#795,#796,#797,#798,#799,
    #800,#801,#802,#803,#804,#805,#806,#807,#808,#809,#810,#811,#812,
    #813,#814,#815,#816),.UNSPECIFIED.,.F.,.F.,(9,7,7,9),(0.,
    0.306742144453,0.626589518854,1.),.UNSPECIFIED.);
#794 = CARTESIAN_POINT('',(1.333617294015,4.375598610837));
#795 = CARTESIAN_POINT('',(1.333616083972,4.467071410131));
#796 = CARTESIAN_POINT('',(1.333613052737,4.558589145023));
#797 = CARTESIAN_POINT('',(1.333594524143,4.650096583277));
#798 = CARTESIAN_POINT('',(1.333572913226,4.741584687662));
#799 = CARTESIAN_POINT('',(1.333568896179,4.833068944793));
#800 = CARTESIAN_POINT('',(1.333593580319,4.924567693981));
#801 = CARTESIAN_POINT('',(1.333630674038,5.016080456069));
#802 = CARTESIAN_POINT('',(1.333606126069,5.202960701689));
#803 = CARTESIAN_POINT('',(1.333567704873,5.29839734943));
#804 = CARTESIAN_POINT('',(1.333572624538,5.393817692064));
#805 = CARTESIAN_POINT('',(1.333594322036,5.489225380292));
#806 = CARTESIAN_POINT('',(1.333611539253,5.584636091661));
#807 = CARTESIAN_POINT('',(1.333619284227,5.680066095648));
#808 = CARTESIAN_POINT('',(1.333619419622,5.775521513569));
#809 = CARTESIAN_POINT('',(1.33361252254,5.982338154563));
#810 = CARTESIAN_POINT('',(1.333604286814,6.093807135047));
#811 = CARTESIAN_POINT('',(1.333598036794,6.205220900776));
#812 = CARTESIAN_POINT('',(1.333604972988,6.316601318687));
#813 = CARTESIAN_POINT('',(1.333624932216,6.42798631037));
#814 = CARTESIAN_POINT('',(1.33364616941,6.539411131345));
#815 = CARTESIAN_POINT('',(1.333660921574,6.650890037474));
#816 = CARTESIAN_POINT('',(1.333665844806,6.762276101886));
#817 = ( GEOMETRIC_REPRESENTATION_CONTEXT(2) 
PARAMETRIC_REPRESENTATION_CONTEXT() REPRESENTATION_CONTEXT('2D SPACE',''
  ) );
#818 = ORIENTED_EDGE('',*,*,#819,.F.);
#819 = EDGE_CURVE('',#22,#476,#820,.T.);
#820 = SURFACE_CURVE('',#821,(#826,#833),.PCURVE_S1.);
#821 = CIRCLE('',#822,11.1);
#822 = AXIS2_PLACEMENT_3D('',#823,#824,#825);
#823 = CARTESIAN_POINT('',(0.,0.,0.));
#824 = DIRECTION('',(0.,0.,1.));
#825 = DIRECTION('',(1.,0.,0.));
#826 = PCURVE('',#159,#827);
#827 = DEFINITIONAL_REPRESENTATION('',(#828),#832);
#828 = LINE('',#829,#830);
#829 = CARTESIAN_POINT('',(-0.,0.));
#830 = VECTOR('',#831,1.);
#831 = DIRECTION('',(-1.,0.));
#832 = ( GEOMETRIC_REPRESENTATION_CONTEXT(2) 
PARAMETRIC_REPRESENTATION_CONTEXT() REPRESENTATION_CONTEXT('2D SPACE',''
  ) );
#833 = PCURVE('',#834,#839);
#834 = PLANE('',#835);
#835 = AXIS2_PLACEMENT_3D('',#836,#837,#838);
#836 = CARTESIAN_POINT('',(-7.391568283997E-16,3.96519032486E-17,0.));
#837 = DIRECTION('',(0.,0.,1.));
#838 = DIRECTION('',(1.,0.,-0.));
#839 = DEFINITIONAL_REPRESENTATION('',(#840),#844);
#840 = CIRCLE('',#841,11.1);
#841 = AXIS2_PLACEMENT_2D('',#842,#843);
#842 = CARTESIAN_POINT('',(7.391568283997E-16,-3.96519032486E-17));
#843 = DIRECTION('',(1.,0.));
#844 = ( GEOMETRIC_REPRESENTATION_CONTEXT(2) 
PARAMETRIC_REPRESENTATION_CONTEXT() REPRESENTATION_CONTEXT('2D SPACE',''
  ) );
#845 = ADVANCED_FACE('',(#846),#179,.F.);
#846 = FACE_BOUND('',#847,.F.);
#847 = EDGE_LOOP('',(#848,#849,#941,#981,#1019,#1053,#1082,#1212,#1258,
    #1445,#1491,#1529,#1610,#1648,#1682,#1711,#1841,#1887,#2074,#2120,
    #2158,#2239,#2277,#2311,#2340,#2470,#2516,#2703,#2749,#2787,#2868,
    #2906,#2940,#2960,#3093,#3253,#3423,#3593,#3763,#3933,#4103,#4273,
    #4443,#4613));
#848 = ORIENTED_EDGE('',*,*,#21,.F.);
#849 = ORIENTED_EDGE('',*,*,#850,.F.);
#850 = EDGE_CURVE('',#851,#22,#853,.T.);
#851 = VERTEX_POINT('',#852);
#852 = CARTESIAN_POINT('',(12.09999995874,9.992437245786E-04,0.));
#853 = SURFACE_CURVE('',#854,(#881,#911),.PCURVE_S1.);
#854 = B_SPLINE_CURVE_WITH_KNOTS('',7,(#855,#856,#857,#858,#859,#860,
    #861,#862,#863,#864,#865,#866,#867,#868,#869,#870,#871,#872,#873,
    #874,#875,#876,#877,#878,#879,#880),.UNSPECIFIED.,.F.,.F.,(8,6,6,6,8
    ),(0.,0.276500168812,0.531828587189,0.772802775344,1.),
  .UNSPECIFIED.);
#855 = CARTESIAN_POINT('',(12.1,9.981389608945E-04,0.));
#856 = CARTESIAN_POINT('',(12.061311499798,1.036913537743,0.));
#857 = CARTESIAN_POINT('',(11.918993878645,2.06922133909,0.));
#858 = CARTESIAN_POINT('',(11.672977214198,3.084945674359,0.));
#859 = CARTESIAN_POINT('',(11.325320797262,4.071585230556,0.));
#860 = CARTESIAN_POINT('',(10.879783354268,5.017033276993,0.));
#861 = CARTESIAN_POINT('',(10.341852028269,5.909582235782,0.));
#862 = CARTESIAN_POINT('',(9.144453081245,7.503383430786,0.));
#863 = CARTESIAN_POINT('',(8.497185567537,8.214397070868,0.));
#864 = CARTESIAN_POINT('',(7.783542921954,8.86247729571,0.));
#865 = CARTESIAN_POINT('',(7.010698324188,9.440070540607,0.));
#866 = CARTESIAN_POINT('',(6.186764626569,9.940595926581,0.));
#867 = CARTESIAN_POINT('',(5.32080764693,10.358504365259,0.));
#868 = CARTESIAN_POINT('',(3.575820488365,11.002161703457,0.));
#869 = CARTESIAN_POINT('',(2.699940031276,11.23751239511,0.));
#870 = CARTESIAN_POINT('',(1.804039046644,11.392094311732,0.));
#871 = CARTESIAN_POINT('',(0.896989285026,11.463686960094,0.));
#872 = CARTESIAN_POINT('',(-1.210128566531E-02,11.45120127612,0.));
#873 = CARTESIAN_POINT('',(-0.9139039861,11.354727061969,0.));
#874 = CARTESIAN_POINT('',(-2.633232635727,11.007247815577,0.));
#875 = CARTESIAN_POINT('',(-3.452903121923,10.765338223952,0.));
#876 = CARTESIAN_POINT('',(-4.249843506064,10.451416400952,0.));
#877 = CARTESIAN_POINT('',(-5.016417818953,10.067854179902,0.));
#878 = CARTESIAN_POINT('',(-5.745311245105,9.617945733912,0.));
#879 = CARTESIAN_POINT('',(-6.429560383585,9.105934789375,0.));
#880 = CARTESIAN_POINT('',(-7.062690405323,8.537248142634,0.));
#881 = PCURVE('',#179,#882);
#882 = DEFINITIONAL_REPRESENTATION('',(#883),#910);
#883 = B_SPLINE_CURVE_WITH_KNOTS('',7,(#884,#885,#886,#887,#888,#889,
    #890,#891,#892,#893,#894,#895,#896,#897,#898,#899,#900,#901,#902,
    #903,#904,#905,#906,#907,#908,#909),.UNSPECIFIED.,.F.,.F.,(8,6,6,6,8
    ),(0.,0.276500168812,0.531828587189,0.772802775344,1.),
  .UNSPECIFIED.);
#884 = CARTESIAN_POINT('',(1.36024607447,6.762364883517));
#885 = CARTESIAN_POINT('',(1.308759906079,6.854506004506));
#886 = CARTESIAN_POINT('',(1.25706904669,6.947013443746));
#887 = CARTESIAN_POINT('',(1.205196628709,7.039845795632));
#888 = CARTESIAN_POINT('',(1.153134607425,7.133017453728));
#889 = CARTESIAN_POINT('',(1.100872502616,7.226547177253));
#890 = CARTESIAN_POINT('',(1.048398887464,7.320455421342));
#891 = CARTESIAN_POINT('',(0.94710413216,7.501735338402));
#892 = CARTESIAN_POINT('',(0.898289160971,7.589095971234));
#893 = CARTESIAN_POINT('',(0.8493062134,7.676757222557));
#894 = CARTESIAN_POINT('',(0.800151430472,7.764726001038));
#895 = CARTESIAN_POINT('',(0.750812971141,7.853023497216));
#896 = CARTESIAN_POINT('',(0.701284562506,7.941660933988));
#897 = CARTESIAN_POINT('',(0.604671448326,8.114562485495));
#898 = CARTESIAN_POINT('',(0.557588386575,8.198823658532));
#899 = CARTESIAN_POINT('',(0.510344910003,8.283371911053));
#900 = CARTESIAN_POINT('',(0.462937697824,8.368213183145));
#901 = CARTESIAN_POINT('',(0.415356703061,8.453365455054));
#902 = CARTESIAN_POINT('',(0.367596493384,8.538838452113));
#903 = CARTESIAN_POINT('',(0.274481828317,8.705479046674));
#904 = CARTESIAN_POINT('',(0.229131376137,8.786639479658));
#905 = CARTESIAN_POINT('',(0.183628312256,8.868073037302));
#906 = CARTESIAN_POINT('',(0.137969441093,8.949785444699));
#907 = CARTESIAN_POINT('',(9.214596884897E-02,9.031792443581));
#908 = CARTESIAN_POINT('',(4.615294655978E-02,9.114102888449));
#909 = CARTESIAN_POINT('',(0.,9.196699539561));
#910 = ( GEOMETRIC_REPRESENTATION_CONTEXT(2) 
PARAMETRIC_REPRESENTATION_CONTEXT() REPRESENTATION_CONTEXT('2D SPACE',''
  ) );
#911 = PCURVE('',#834,#912);
#912 = DEFINITIONAL_REPRESENTATION('',(#913),#940);
#913 = B_SPLINE_CURVE_WITH_KNOTS('',7,(#914,#915,#916,#917,#918,#919,
    #920,#921,#922,#923,#924,#925,#926,#927,#928,#929,#930,#931,#932,
    #933,#934,#935,#936,#937,#938,#939),.UNSPECIFIED.,.F.,.F.,(8,6,6,6,8
    ),(0.,0.276500168812,0.531828587189,0.772802775344,1.),
  .UNSPECIFIED.);
#914 = CARTESIAN_POINT('',(12.1,9.981389608945E-04));
#915 = CARTESIAN_POINT('',(12.061311499798,1.036913537743));
#916 = CARTESIAN_POINT('',(11.918993878645,2.06922133909));
#917 = CARTESIAN_POINT('',(11.672977214198,3.084945674359));
#918 = CARTESIAN_POINT('',(11.325320797262,4.071585230556));
#919 = CARTESIAN_POINT('',(10.879783354268,5.017033276993));
#920 = CARTESIAN_POINT('',(10.341852028269,5.909582235782));
#921 = CARTESIAN_POINT('',(9.144453081245,7.503383430786));
#922 = CARTESIAN_POINT('',(8.497185567537,8.214397070868));
#923 = CARTESIAN_POINT('',(7.783542921954,8.86247729571));
#924 = CARTESIAN_POINT('',(7.010698324188,9.440070540607));
#925 = CARTESIAN_POINT('',(6.186764626569,9.940595926581));
#926 = CARTESIAN_POINT('',(5.32080764693,10.358504365259));
#927 = CARTESIAN_POINT('',(3.575820488365,11.002161703457));
#928 = CARTESIAN_POINT('',(2.699940031276,11.23751239511));
#929 = CARTESIAN_POINT('',(1.804039046644,11.392094311732));
#930 = CARTESIAN_POINT('',(0.896989285026,11.463686960094));
#931 = CARTESIAN_POINT('',(-1.210128566531E-02,11.45120127612));
#932 = CARTESIAN_POINT('',(-0.9139039861,11.354727061969));
#933 = CARTESIAN_POINT('',(-2.633232635727,11.007247815577));
#934 = CARTESIAN_POINT('',(-3.452903121923,10.765338223952));
#935 = CARTESIAN_POINT('',(-4.249843506064,10.451416400952));
#936 = CARTESIAN_POINT('',(-5.016417818953,10.067854179902));
#937 = CARTESIAN_POINT('',(-5.745311245105,9.617945733912));
#938 = CARTESIAN_POINT('',(-6.429560383585,9.105934789375));
#939 = CARTESIAN_POINT('',(-7.062690405323,8.537248142634));
#940 = ( GEOMETRIC_REPRESENTATION_CONTEXT(2) 
PARAMETRIC_REPRESENTATION_CONTEXT() REPRESENTATION_CONTEXT('2D SPACE',''
  ) );
#941 = ORIENTED_EDGE('',*,*,#942,.T.);
#942 = EDGE_CURVE('',#851,#943,#945,.T.);
#943 = VERTEX_POINT('',#944);
#944 = CARTESIAN_POINT('',(11.162367471013,4.670283978738,0.157667967566
    ));
#945 = SURFACE_CURVE('',#946,(#954,#965),.PCURVE_S1.);
#946 = B_SPLINE_CURVE_WITH_KNOTS('',6,(#947,#948,#949,#950,#951,#952,
    #953),.UNSPECIFIED.,.F.,.F.,(7,7),(0.,1.),.PIECEWISE_BEZIER_KNOTS.);
#947 = CARTESIAN_POINT('',(12.099999282254,9.991495279935E-04,
    -6.000000187159E-07));
#948 = CARTESIAN_POINT('',(12.099932727926,0.806991995268,
    2.650076865176E-02));
#949 = CARTESIAN_POINT('',(12.035440942686,1.612684854143,
    5.29956191541E-02));
#950 = CARTESIAN_POINT('',(11.906610750752,2.411886213185,
    7.949284222514E-02));
#951 = CARTESIAN_POINT('',(11.714263882413,3.198364084707,0.105997815154
    ));
#952 = CARTESIAN_POINT('',(11.459985409092,3.965861384849,0.132510727874
    ));
#953 = CARTESIAN_POINT('',(11.146438669205,4.708172672351,0.159019505871
    ));
#954 = PCURVE('',#179,#955);
#955 = DEFINITIONAL_REPRESENTATION('',(#956),#964);
#956 = B_SPLINE_CURVE_WITH_KNOTS('',6,(#957,#958,#959,#960,#961,#962,
    #963),.UNSPECIFIED.,.F.,.F.,(7,7),(0.,1.),.PIECEWISE_BEZIER_KNOTS.);
#957 = CARTESIAN_POINT('',(1.360245117378,6.762364973409));
#958 = CARTESIAN_POINT('',(1.36024165181,6.834055055709));
#959 = CARTESIAN_POINT('',(1.360242828759,6.905719199928));
#960 = CARTESIAN_POINT('',(1.360249762752,6.97737945673));
#961 = CARTESIAN_POINT('',(1.360262156643,7.04905089988));
#962 = CARTESIAN_POINT('',(1.360277752145,7.120738083191));
#963 = CARTESIAN_POINT('',(1.360294085851,7.192412754823));
#964 = ( GEOMETRIC_REPRESENTATION_CONTEXT(2) 
PARAMETRIC_REPRESENTATION_CONTEXT() REPRESENTATION_CONTEXT('2D SPACE',''
  ) );
#965 = PCURVE('',#966,#971);
#966 = CYLINDRICAL_SURFACE('',#967,12.1);
#967 = AXIS2_PLACEMENT_3D('',#968,#969,#970);
#968 = CARTESIAN_POINT('',(0.,0.,0.));
#969 = DIRECTION('',(-0.,-0.,-1.));
#970 = DIRECTION('',(1.,0.,0.));
#971 = DEFINITIONAL_REPRESENTATION('',(#972),#980);
#972 = B_SPLINE_CURVE_WITH_KNOTS('',6,(#973,#974,#975,#976,#977,#978,
    #979),.UNSPECIFIED.,.F.,.F.,(7,7),(2.352088416502E-08,0.991499142836
    ),.PIECEWISE_BEZIER_KNOTS.);
#973 = CARTESIAN_POINT('',(-6.283267890921,5.962599862616E-07));
#974 = CARTESIAN_POINT('',(-6.349312618146,-2.627548741814E-02));
#975 = CARTESIAN_POINT('',(-6.41533336691,-5.254516329664E-02));
#976 = CARTESIAN_POINT('',(-6.481350175619,-7.881709727859E-02));
#977 = CARTESIAN_POINT('',(-6.547376900357,-0.105096559793));
#978 = CARTESIAN_POINT('',(-6.613417955425,-0.131383821814));
#979 = CARTESIAN_POINT('',(-6.679448564957,-0.157667417525));
#980 = ( GEOMETRIC_REPRESENTATION_CONTEXT(2) 
PARAMETRIC_REPRESENTATION_CONTEXT() REPRESENTATION_CONTEXT('2D SPACE',''
  ) );
#981 = ORIENTED_EDGE('',*,*,#982,.F.);
#982 = EDGE_CURVE('',#983,#943,#985,.T.);
#983 = VERTEX_POINT('',#984);
#984 = CARTESIAN_POINT('',(11.16236797823,-4.670282766496,2.342332102351
    ));
#985 = SURFACE_CURVE('',#986,(#1005,#1012),.PCURVE_S1.);
#986 = B_SPLINE_CURVE_WITH_KNOTS('',9,(#987,#988,#989,#990,#991,#992,
    #993,#994,#995,#996,#997,#998,#999,#1000,#1001,#1002,#1003,#1004),
  .UNSPECIFIED.,.F.,.F.,(10,8,10),(12.260466910316,15.21512859019,
    18.169790163763),.UNSPECIFIED.);
#987 = CARTESIAN_POINT('',(11.16236797823,-4.670282766496,2.342332102351
    ));
#988 = CARTESIAN_POINT('',(9.737717486497,-8.075172229127,2.220961876136
    ));
#989 = CARTESIAN_POINT('',(7.144616088921,-10.9911767443,2.099591602571)
  );
#990 = CARTESIAN_POINT('',(3.574898377388,-12.96013666549,1.978221282352
    ));
#991 = CARTESIAN_POINT('',(-0.569965814334,-13.61163380441,
    1.856851060832));
#992 = CARTESIAN_POINT('',(-4.72742624545,-12.77773783391,1.735481169315
    ));
#993 = CARTESIAN_POINT('',(-8.30099444013,-10.57473525181,1.61411115053)
  );
#994 = CARTESIAN_POINT('',(-10.83292369445,-7.382530878794,
    1.492739422014));
#995 = CARTESIAN_POINT('',(-12.09999975635,-3.690942249216,
    1.371370894301));
#996 = CARTESIAN_POINT('',(-12.09999979264,3.690941997462,1.12862914054)
  );
#997 = CARTESIAN_POINT('',(-10.83292385821,7.382530506644,1.007260617673
    ));
#998 = CARTESIAN_POINT('',(-8.30099481738,10.574734825661,0.885888892961
    ));
#999 = CARTESIAN_POINT('',(-4.727426885355,12.777737470402,
    0.764518878778));
#1000 = CARTESIAN_POINT('',(-0.569966696041,13.611633648801,
    0.64314899166));
#1001 = CARTESIAN_POINT('',(3.574897355232,12.960136841279,
    0.521778774462));
#1002 = CARTESIAN_POINT('',(7.144615081849,10.991177310421,
    0.400408458601));
#1003 = CARTESIAN_POINT('',(9.737716660755,8.075173164154,0.27903818941)
  );
#1004 = CARTESIAN_POINT('',(11.162367471013,4.670283978738,
    0.157667967566));
#1005 = PCURVE('',#179,#1006);
#1006 = DEFINITIONAL_REPRESENTATION('',(#1007),#1011);
#1007 = LINE('',#1008,#1009);
#1008 = CARTESIAN_POINT('',(1.360294085851,25.358547126847));
#1009 = VECTOR('',#1010,1.);
#1010 = DIRECTION('',(-6.012048294579E-16,-1.));
#1011 = ( GEOMETRIC_REPRESENTATION_CONTEXT(2) 
PARAMETRIC_REPRESENTATION_CONTEXT() REPRESENTATION_CONTEXT('2D SPACE',''
  ) );
#1012 = PCURVE('',#531,#1013);
#1013 = DEFINITIONAL_REPRESENTATION('',(#1014),#1018);
#1014 = LINE('',#1015,#1016);
#1015 = CARTESIAN_POINT('',(-4.397817897295E-15,25.358547126847));
#1016 = VECTOR('',#1017,1.);
#1017 = DIRECTION('',(4.100080732314E-16,-1.));
#1018 = ( GEOMETRIC_REPRESENTATION_CONTEXT(2) 
PARAMETRIC_REPRESENTATION_CONTEXT() REPRESENTATION_CONTEXT('2D SPACE',''
  ) );
#1019 = ORIENTED_EDGE('',*,*,#1020,.T.);
#1020 = EDGE_CURVE('',#983,#1021,#1023,.T.);
#1021 = VERTEX_POINT('',#1022);
#1022 = CARTESIAN_POINT('',(12.1,0.,2.499969284531));
#1023 = SURFACE_CURVE('',#1024,(#1030,#1039),.PCURVE_S1.);
#1024 = B_SPLINE_CURVE_WITH_KNOTS('',4,(#1025,#1026,#1027,#1028,#1029),
  .UNSPECIFIED.,.F.,.F.,(5,5),(0.,1.),.PIECEWISE_BEZIER_KNOTS.);
#1025 = CARTESIAN_POINT('',(11.14643869152,-4.708172619517,2.34098052272
    ));
#1026 = CARTESIAN_POINT('',(11.616873441487,-3.594434266898,
    2.380720954299));
#1027 = CARTESIAN_POINT('',(11.938929835958,-2.418129912097,
    2.420456087873));
#1028 = CARTESIAN_POINT('',(12.099999322245,-1.208759138236,
    2.460217320806));
#1029 = CARTESIAN_POINT('',(12.099999323506,1.144861982993E-12,
    2.499968687627));
#1030 = PCURVE('',#179,#1031);
#1031 = DEFINITIONAL_REPRESENTATION('',(#1032),#1038);
#1032 = B_SPLINE_CURVE_WITH_KNOTS('',4,(#1033,#1034,#1035,#1036,#1037),
  .UNSPECIFIED.,.F.,.F.,(5,5),(0.,1.),.PIECEWISE_BEZIER_KNOTS.);
#1033 = CARTESIAN_POINT('',(1.360294085851,13.094424313011));
#1034 = CARTESIAN_POINT('',(1.36026957932,13.201962527628));
#1035 = CARTESIAN_POINT('',(1.360246488111,13.309483823602));
#1036 = CARTESIAN_POINT('',(1.360239952104,13.417046304602));
#1037 = CARTESIAN_POINT('',(1.360245154977,13.524560957733));
#1038 = ( GEOMETRIC_REPRESENTATION_CONTEXT(2) 
PARAMETRIC_REPRESENTATION_CONTEXT() REPRESENTATION_CONTEXT('2D SPACE',''
  ) );
#1039 = PCURVE('',#1040,#1045);
#1040 = CYLINDRICAL_SURFACE('',#1041,12.1);
#1041 = AXIS2_PLACEMENT_3D('',#1042,#1043,#1044);
#1042 = CARTESIAN_POINT('',(0.,0.,0.));
#1043 = DIRECTION('',(-0.,-0.,-1.));
#1044 = DIRECTION('',(1.,0.,0.));
#1045 = DEFINITIONAL_REPRESENTATION('',(#1046),#1052);
#1046 = B_SPLINE_CURVE_WITH_KNOTS('',4,(#1047,#1048,#1049,#1050,#1051),
  .UNSPECIFIED.,.F.,.F.,(5,5),(8.499092200485E-03,1.),
  .PIECEWISE_BEZIER_KNOTS.);
#1047 = CARTESIAN_POINT('',(-5.886922157744,-2.342331550868));
#1048 = CARTESIAN_POINT('',(-5.985991300234,-2.381734097624));
#1049 = CARTESIAN_POINT('',(-6.085045549486,-2.42113195593));
#1050 = CARTESIAN_POINT('',(-6.184136895372,-2.460555171338));
#1051 = CARTESIAN_POINT('',(-6.28318530718,-2.499968687627));
#1052 = ( GEOMETRIC_REPRESENTATION_CONTEXT(2) 
PARAMETRIC_REPRESENTATION_CONTEXT() REPRESENTATION_CONTEXT('2D SPACE',''
  ) );
#1053 = ORIENTED_EDGE('',*,*,#1054,.T.);
#1054 = EDGE_CURVE('',#1021,#1055,#1057,.T.);
#1055 = VERTEX_POINT('',#1056);
#1056 = CARTESIAN_POINT('',(11.360943012323,4.164009350589,
    2.639783584085));
#1057 = SURFACE_CURVE('',#1058,(#1064,#1073),.PCURVE_S1.);
#1058 = B_SPLINE_CURVE_WITH_KNOTS('',4,(#1059,#1060,#1061,#1062,#1063),
  .UNSPECIFIED.,.F.,.F.,(5,5),(0.,1.),.PIECEWISE_BEZIER_KNOTS.);
#1059 = CARTESIAN_POINT('',(12.099999323506,1.146613081774E-12,
    2.499968687627));
#1060 = CARTESIAN_POINT('',(12.099999323506,1.081027615233,
    2.535519464625));
#1061 = CARTESIAN_POINT('',(11.971276405165,2.162068597749,
    2.571074979721));
#1062 = CARTESIAN_POINT('',(11.713535319663,3.220504220201,
    2.606654852282));
#1063 = CARTESIAN_POINT('',(11.335344547833,4.233196031999,
    2.642209358812));
#1064 = PCURVE('',#179,#1065);
#1065 = DEFINITIONAL_REPRESENTATION('',(#1066),#1072);
#1066 = B_SPLINE_CURVE_WITH_KNOTS('',4,(#1067,#1068,#1069,#1070,#1071),
  .UNSPECIFIED.,.F.,.F.,(5,5),(0.,1.),.PIECEWISE_BEZIER_KNOTS.);
#1067 = CARTESIAN_POINT('',(1.36024512168,13.524560959979));
#1068 = CARTESIAN_POINT('',(1.360249776261,13.620714366923));
#1069 = CARTESIAN_POINT('',(1.360264104753,13.716863275123));
#1070 = CARTESIAN_POINT('',(1.360281795957,13.813072033044));
#1071 = CARTESIAN_POINT('',(1.360294085851,13.909221824248));
#1072 = ( GEOMETRIC_REPRESENTATION_CONTEXT(2) 
PARAMETRIC_REPRESENTATION_CONTEXT() REPRESENTATION_CONTEXT('2D SPACE',''
  ) );
#1073 = PCURVE('',#1040,#1074);
#1074 = DEFINITIONAL_REPRESENTATION('',(#1075),#1081);
#1075 = B_SPLINE_CURVE_WITH_KNOTS('',4,(#1076,#1077,#1078,#1079,#1080),
  .UNSPECIFIED.,.F.,.F.,(5,5),(0.,0.982939651903),
  .PIECEWISE_BEZIER_KNOTS.);
#1076 = CARTESIAN_POINT('',(-6.28318530718,-2.499968687627));
#1077 = CARTESIAN_POINT('',(-6.37100224171,-2.534912955994));
#1078 = CARTESIAN_POINT('',(-6.458815695918,-2.569861802172));
#1079 = CARTESIAN_POINT('',(-6.546682730825,-2.604833858419));
#1080 = CARTESIAN_POINT('',(-6.634500529109,-2.639783026465));
#1081 = ( GEOMETRIC_REPRESENTATION_CONTEXT(2) 
PARAMETRIC_REPRESENTATION_CONTEXT() REPRESENTATION_CONTEXT('2D SPACE',''
  ) );
#1082 = ORIENTED_EDGE('',*,*,#1083,.F.);
#1083 = EDGE_CURVE('',#1084,#1055,#1086,.T.);
#1084 = VERTEX_POINT('',#1085);
#1085 = CARTESIAN_POINT('',(-11.38575174892,4.095689504414,
    3.612606517106));
#1086 = SURFACE_CURVE('',#1087,(#1110,#1161),.PCURVE_S1.);
#1087 = B_SPLINE_CURVE_WITH_KNOTS('',9,(#1088,#1089,#1090,#1091,#1092,
    #1093,#1094,#1095,#1096,#1097,#1098,#1099,#1100,#1101,#1102,#1103,
    #1104,#1105,#1106,#1107,#1108,#1109),.UNSPECIFIED.,.F.,.F.,(10,4,8,
    10),(16.527595176212,16.534060220109,17.846527591335,19.158995077513
    ),.UNSPECIFIED.);
#1088 = CARTESIAN_POINT('',(-11.38575174892,4.095689504414,
    3.612606517106));
#1089 = CARTESIAN_POINT('',(-11.38301798612,4.103288977238,
    3.612340948988));
#1090 = CARTESIAN_POINT('',(-11.38027851709,4.110886397387,3.61207538087
    ));
#1091 = CARTESIAN_POINT('',(-11.37753334361,4.118481759964,
    3.611809812751));
#1092 = CARTESIAN_POINT('',(-11.37478246744,4.126075060072,
    3.611544244632));
#1093 = CARTESIAN_POINT('',(-10.81241368388,5.674761054927,
    3.557365741525));
#1094 = CARTESIAN_POINT('',(-10.01284678553,7.137199746496,
    3.503187224217));
#1095 = CARTESIAN_POINT('',(-8.991217793276,8.471862019574,
    3.449008687295));
#1096 = CARTESIAN_POINT('',(-7.771140463757,9.640313598737,
    3.394831041086));
#1097 = CARTESIAN_POINT('',(-6.383955470298,10.609299490705,
    3.340651641765));
#1098 = CARTESIAN_POINT('',(-4.875130495971,11.350152815809,
    3.28673876331));
#1099 = CARTESIAN_POINT('',(-3.279177275361,11.849985837348,
    3.232825986824));
#1100 = CARTESIAN_POINT('',(-1.639524891077,12.099999766442,
    3.178913233028));
#1101 = CARTESIAN_POINT('',(1.639524915704,12.099999782562,
    3.071086792863));
#1102 = CARTESIAN_POINT('',(3.279177446064,11.849985825795,
    3.017174034347));
#1103 = CARTESIAN_POINT('',(4.875130803715,11.35015273241,2.96326125314)
  );
#1104 = CARTESIAN_POINT('',(6.383955894583,10.609299293925,
    2.909348369963));
#1105 = CARTESIAN_POINT('',(7.764345496252,9.645062448718,2.855435419647
    ));
#1106 = CARTESIAN_POINT('',(8.979253380342,8.483311558987,2.80152244667)
  );
#1107 = CARTESIAN_POINT('',(9.997809806195,7.156813489018,2.747609478151
    ));
#1108 = CARTESIAN_POINT('',(10.796705157923,5.703415592942,
    2.693696524072));
#1109 = CARTESIAN_POINT('',(11.360943012323,4.164009350589,
    2.639783584085));
#1110 = PCURVE('',#179,#1111);
#1111 = DEFINITIONAL_REPRESENTATION('',(#1112),#1160);
#1112 = B_SPLINE_CURVE_WITH_KNOTS('',3,(#1113,#1114,#1115,#1116,#1117,
    #1118,#1119,#1120,#1121,#1122,#1123,#1124,#1125,#1126,#1127,#1128,
    #1129,#1130,#1131,#1132,#1133,#1134,#1135,#1136,#1137,#1138,#1139,
    #1140,#1141,#1142,#1143,#1144,#1145,#1146,#1147,#1148,#1149,#1150,
    #1151,#1152,#1153,#1154,#1155,#1156,#1157,#1158,#1159),
  .UNSPECIFIED.,.F.,.F.,(4,1,1,1,1,1,1,1,1,1,1,1,1,1,1,1,1,1,1,1,1,1,1,1
    ,1,1,1,1,1,1,1,1,1,1,1,1,1,1,1,1,1,1,1,1,4),(16.527595176212,
    16.587399719424,16.647204262635,16.707008805846,16.766813349058,
    16.826617892269,16.886422435481,16.946226978692,17.006031521903,
    17.065836065115,17.125640608326,17.185445151537,17.245249694749,
    17.30505423796,17.364858781172,17.424663324383,17.484467867594,
    17.544272410806,17.604076954017,17.663881497228,17.72368604044,
    17.783490583651,17.843295126863,17.903099670074,17.962904213285,
    18.022708756497,18.082513299708,18.14231784292,18.202122386131,
    18.261926929342,18.321731472554,18.381536015765,18.441340558976,
    18.501145102188,18.560949645399,18.620754188611,18.680558731822,
    18.740363275033,18.800167818245,18.859972361456,18.919776904667,
    18.979581447879,19.03938599109,19.099190534302,19.158995077513),
  .QUASI_UNIFORM_KNOTS.);
#1113 = CARTESIAN_POINT('',(1.360294085851,16.534060220109));
#1114 = CARTESIAN_POINT('',(1.360294085766,16.514125372314));
#1115 = CARTESIAN_POINT('',(1.36029408646,16.474255676975));
#1116 = CARTESIAN_POINT('',(1.360294080199,16.414451133184));
#1117 = CARTESIAN_POINT('',(1.360294054124,16.35464658707));
#1118 = CARTESIAN_POINT('',(1.360294004904,16.294842037108));
#1119 = CARTESIAN_POINT('',(1.360293940025,16.235037482882));
#1120 = CARTESIAN_POINT('',(1.360293873824,16.175232925267));
#1121 = CARTESIAN_POINT('',(1.360293821773,16.115428366253));
#1122 = CARTESIAN_POINT('',(1.360293795483,16.055623808432));
#1123 = CARTESIAN_POINT('',(1.360293799733,15.995819254353));
#1124 = CARTESIAN_POINT('',(1.360293831914,15.936014705922));
#1125 = CARTESIAN_POINT('',(1.360293883557,15.876210163986));
#1126 = CARTESIAN_POINT('',(1.360293943188,15.816405628178));
#1127 = CARTESIAN_POINT('',(1.36029399955,15.756601097043));
#1128 = CARTESIAN_POINT('',(1.360294044312,15.696796568408));
#1129 = CARTESIAN_POINT('',(1.36029407361,15.636992039891));
#1130 = CARTESIAN_POINT('',(1.360294088139,15.577187509434));
#1131 = CARTESIAN_POINT('',(1.360294091919,15.517382975732));
#1132 = CARTESIAN_POINT('',(1.360294090239,15.457578438438));
#1133 = CARTESIAN_POINT('',(1.360294087543,15.397773898092));
#1134 = CARTESIAN_POINT('',(1.360294086073,15.337969355792));
#1135 = CARTESIAN_POINT('',(1.360294085828,15.278164812678));
#1136 = CARTESIAN_POINT('',(1.360294085857,15.218360269456));
#1137 = CARTESIAN_POINT('',(1.360294085849,15.158555726248));
#1138 = CARTESIAN_POINT('',(1.360294085851,15.098751183035));
#1139 = CARTESIAN_POINT('',(1.36029408585,15.038946639824));
#1140 = CARTESIAN_POINT('',(1.360294085851,14.979142096613));
#1141 = CARTESIAN_POINT('',(1.360294085851,14.919337553401));
#1142 = CARTESIAN_POINT('',(1.360294085851,14.85953301019));
#1143 = CARTESIAN_POINT('',(1.360294085851,14.799728466979));
#1144 = CARTESIAN_POINT('',(1.360294085851,14.739923923767));
#1145 = CARTESIAN_POINT('',(1.360294085851,14.680119380556));
#1146 = CARTESIAN_POINT('',(1.360294085851,14.620314837345));
#1147 = CARTESIAN_POINT('',(1.360294085851,14.560510294133));
#1148 = CARTESIAN_POINT('',(1.360294085851,14.500705750922));
#1149 = CARTESIAN_POINT('',(1.360294085851,14.44090120771));
#1150 = CARTESIAN_POINT('',(1.360294085851,14.381096664499));
#1151 = CARTESIAN_POINT('',(1.360294085851,14.321292121288));
#1152 = CARTESIAN_POINT('',(1.360294085851,14.261487578076));
#1153 = CARTESIAN_POINT('',(1.360294085851,14.201683034865));
#1154 = CARTESIAN_POINT('',(1.360294085851,14.141878491654));
#1155 = CARTESIAN_POINT('',(1.360294085851,14.082073948442));
#1156 = CARTESIAN_POINT('',(1.360294085851,14.022269405231));
#1157 = CARTESIAN_POINT('',(1.360294085851,13.962464862019));
#1158 = CARTESIAN_POINT('',(1.360294085851,13.922595166545));
#1159 = CARTESIAN_POINT('',(1.360294085851,13.902660318808));
#1160 = ( GEOMETRIC_REPRESENTATION_CONTEXT(2) 
PARAMETRIC_REPRESENTATION_CONTEXT() REPRESENTATION_CONTEXT('2D SPACE',''
  ) );
#1161 = PCURVE('',#531,#1162);
#1162 = DEFINITIONAL_REPRESENTATION('',(#1163),#1211);
#1163 = B_SPLINE_CURVE_WITH_KNOTS('',3,(#1164,#1165,#1166,#1167,#1168,
    #1169,#1170,#1171,#1172,#1173,#1174,#1175,#1176,#1177,#1178,#1179,
    #1180,#1181,#1182,#1183,#1184,#1185,#1186,#1187,#1188,#1189,#1190,
    #1191,#1192,#1193,#1194,#1195,#1196,#1197,#1198,#1199,#1200,#1201,
    #1202,#1203,#1204,#1205,#1206,#1207,#1208,#1209,#1210),
  .UNSPECIFIED.,.F.,.F.,(4,1,1,1,1,1,1,1,1,1,1,1,1,1,1,1,1,1,1,1,1,1,1,1
    ,1,1,1,1,1,1,1,1,1,1,1,1,1,1,1,1,1,1,1,1,4),(16.527595176212,
    16.587399719424,16.647204262635,16.707008805846,16.766813349058,
    16.826617892269,16.886422435481,16.946226978692,17.006031521903,
    17.065836065115,17.125640608326,17.185445151537,17.245249694749,
    17.30505423796,17.364858781172,17.424663324383,17.484467867594,
    17.544272410806,17.604076954017,17.663881497228,17.72368604044,
    17.783490583651,17.843295126863,17.903099670074,17.962904213285,
    18.022708756497,18.082513299708,18.14231784292,18.202122386131,
    18.261926929342,18.321731472554,18.381536015765,18.441340558976,
    18.501145102188,18.560949645399,18.620754188611,18.680558731822,
    18.740363275033,18.800167818245,18.859972361456,18.919776904667,
    18.979581447879,19.03938599109,19.099190534302,19.158995077513),
  .QUASI_UNIFORM_KNOTS.);
#1164 = CARTESIAN_POINT('',(0.,16.534060220109));
#1165 = CARTESIAN_POINT('',(2.712322650851E-10,16.514125372313));
#1166 = CARTESIAN_POINT('',(-1.045903114463E-09,16.474255676978));
#1167 = CARTESIAN_POINT('',(9.15115149332E-09,16.414451133155));
#1168 = CARTESIAN_POINT('',(5.282595317085E-08,16.354646586906));
#1169 = CARTESIAN_POINT('',(1.388464793584E-07,16.294842036683));
#1170 = CARTESIAN_POINT('',(2.586153095487E-07,16.2350374821));
#1171 = CARTESIAN_POINT('',(3.908755987065E-07,16.175232924101));
#1172 = CARTESIAN_POINT('',(5.096389114373E-07,16.115428364758));
#1173 = CARTESIAN_POINT('',(5.920601789609E-07,16.055623806726));
#1174 = CARTESIAN_POINT('',(6.240247462565E-07,15.995819252593));
#1175 = CARTESIAN_POINT('',(6.025863022708E-07,15.936014704266));
#1176 = CARTESIAN_POINT('',(5.35319338668E-07,15.87621016256));
#1177 = CARTESIAN_POINT('',(4.373198734958E-07,15.816405627057));
#1178 = CARTESIAN_POINT('',(3.269454508458E-07,15.756601096244));
#1179 = CARTESIAN_POINT('',(2.214646476413E-07,15.6967965679));
#1180 = CARTESIAN_POINT('',(1.336282432358E-07,15.636992039609));
#1181 = CARTESIAN_POINT('',(6.983677491523E-08,15.577187509304));
#1182 = CARTESIAN_POINT('',(3.013753342761E-08,15.517382975686));
#1183 = CARTESIAN_POINT('',(9.818767533731E-09,15.457578438427));
#1184 = CARTESIAN_POINT('',(1.96703618215E-09,15.397773898092));
#1185 = CARTESIAN_POINT('',(1.038687396853E-10,15.337969355792));
#1186 = CARTESIAN_POINT('',(-7.634506128044E-12,15.278164812678));
#1187 = CARTESIAN_POINT('',(2.045647813454E-12,15.218360269456));
#1188 = CARTESIAN_POINT('',(-5.168395527008E-13,15.158555726248));
#1189 = CARTESIAN_POINT('',(1.65215595705E-13,15.098751183035));
#1190 = CARTESIAN_POINT('',(-1.837059392588E-14,15.038946639824));
#1191 = CARTESIAN_POINT('',(2.634447566449E-14,14.979142096613));
#1192 = CARTESIAN_POINT('',(8.321627127626E-15,14.919337553401));
#1193 = CARTESIAN_POINT('',(1.586208302657E-14,14.85953301019));
#1194 = CARTESIAN_POINT('',(6.885485626008E-15,14.799728466979));
#1195 = CARTESIAN_POINT('',(9.779657136102E-15,14.739923923767));
#1196 = CARTESIAN_POINT('',(4.82898525365E-15,14.680119380556));
#1197 = CARTESIAN_POINT('',(5.46330637697E-15,14.620314837345));
#1198 = CARTESIAN_POINT('',(6.574222998154E-15,14.560510294133));
#1199 = CARTESIAN_POINT('',(6.233703734191E-15,14.500705750922));
#1200 = CARTESIAN_POINT('',(3.156366788071E-15,14.44090120771));
#1201 = CARTESIAN_POINT('',(-1.149392901494E-15,14.381096664499));
#1202 = CARTESIAN_POINT('',(3.879898034965E-15,14.321292121288));
#1203 = CARTESIAN_POINT('',(-2.185108652715E-15,14.261487578076));
#1204 = CARTESIAN_POINT('',(1.255944132873E-14,14.201683034865));
#1205 = CARTESIAN_POINT('',(-4.983138645546E-15,14.141878491654));
#1206 = CARTESIAN_POINT('',(4.952211159406E-15,14.082073948442));
#1207 = CARTESIAN_POINT('',(-1.899696311797E-15,14.022269405231));
#1208 = CARTESIAN_POINT('',(-4.282703022139E-15,13.962464862019));
#1209 = CARTESIAN_POINT('',(-2.66406556367E-15,13.922595166545));
#1210 = CARTESIAN_POINT('',(0.,13.902660318808));
#1211 = ( GEOMETRIC_REPRESENTATION_CONTEXT(2) 
PARAMETRIC_REPRESENTATION_CONTEXT() REPRESENTATION_CONTEXT('2D SPACE',''
  ) );
#1212 = ORIENTED_EDGE('',*,*,#1213,.T.);
#1213 = EDGE_CURVE('',#1084,#1214,#1216,.T.);
#1214 = VERTEX_POINT('',#1215);
#1215 = CARTESIAN_POINT('',(-11.1782462167,-4.63215140541,3.906309666415
    ));
#1216 = SURFACE_CURVE('',#1217,(#1227,#1240),.PCURVE_S1.);
#1217 = B_SPLINE_CURVE_WITH_KNOTS('',8,(#1218,#1219,#1220,#1221,#1222,
    #1223,#1224,#1225,#1226),.UNSPECIFIED.,.F.,.F.,(9,9),(0.,1.),
  .PIECEWISE_BEZIER_KNOTS.);
#1218 = CARTESIAN_POINT('',(-11.38575174888,4.095689504523,
    3.612606517102));
#1219 = CARTESIAN_POINT('',(-11.76358497464,3.045337652764,
    3.649302888336));
#1220 = CARTESIAN_POINT('',(-12.03091435377,1.954497014575,
    3.686019397114));
#1221 = CARTESIAN_POINT('',(-12.18225471573,0.837663659712,
    3.722725380935));
#1222 = CARTESIAN_POINT('',(-12.21502674888,-0.290679370321,
    3.759426490627));
#1223 = CARTESIAN_POINT('',(-12.12859471321,-1.416101326476,
    3.796133593322));
#1224 = CARTESIAN_POINT('',(-11.92434376646,-2.524264142559,
    3.832854339551));
#1225 = CARTESIAN_POINT('',(-11.60556803673,-3.600944130267,
    3.869588972107));
#1226 = CARTESIAN_POINT('',(-11.17824621667,-4.632151405496,
    3.906309666418));
#1227 = PCURVE('',#179,#1228);
#1228 = DEFINITIONAL_REPRESENTATION('',(#1229),#1239);
#1229 = B_SPLINE_CURVE_WITH_KNOTS('',8,(#1230,#1231,#1232,#1233,#1234,
    #1235,#1236,#1237,#1238),.UNSPECIFIED.,.F.,.F.,(9,9),(0.,1.),
  .PIECEWISE_BEZIER_KNOTS.);
#1230 = CARTESIAN_POINT('',(1.360294085851,16.534060220098));
#1231 = CARTESIAN_POINT('',(1.360280958582,16.633344143334));
#1232 = CARTESIAN_POINT('',(1.360263701828,16.732689945011));
#1233 = CARTESIAN_POINT('',(1.360246252009,16.83200764051));
#1234 = CARTESIAN_POINT('',(1.360235365068,16.931300416878));
#1235 = CARTESIAN_POINT('',(1.360237139827,17.030586743742));
#1236 = CARTESIAN_POINT('',(1.36025078599,17.12988872165));
#1237 = CARTESIAN_POINT('',(1.360271620725,17.229215384083));
#1238 = CARTESIAN_POINT('',(1.360294085851,17.328501415103));
#1239 = ( GEOMETRIC_REPRESENTATION_CONTEXT(2) 
PARAMETRIC_REPRESENTATION_CONTEXT() REPRESENTATION_CONTEXT('2D SPACE',''
  ) );
#1240 = PCURVE('',#1241,#1246);
#1241 = CYLINDRICAL_SURFACE('',#1242,12.1);
#1242 = AXIS2_PLACEMENT_3D('',#1243,#1244,#1245);
#1243 = CARTESIAN_POINT('',(0.,0.,0.));
#1244 = DIRECTION('',(-0.,-0.,-1.));
#1245 = DIRECTION('',(1.,0.,0.));
#1246 = DEFINITIONAL_REPRESENTATION('',(#1247),#1257);
#1247 = B_SPLINE_CURVE_WITH_KNOTS('',8,(#1248,#1249,#1250,#1251,#1252,
    #1253,#1254,#1255,#1256),.UNSPECIFIED.,.F.,.F.,(9,9),(0.,1.),
  .PIECEWISE_BEZIER_KNOTS.);
#1248 = CARTESIAN_POINT('',(-2.796284416102,-3.612606517102));
#1249 = CARTESIAN_POINT('',(-2.888535849062,-3.649302888336));
#1250 = CARTESIAN_POINT('',(-2.980844650416,-3.686019397114));
#1251 = CARTESIAN_POINT('',(-3.073126758739,-3.722725380935));
#1252 = CARTESIAN_POINT('',(-3.165384868474,-3.759426490628));
#1253 = CARTESIAN_POINT('',(-3.257636338474,-3.796133593322));
#1254 = CARTESIAN_POINT('',(-3.349902126788,-3.832854339551));
#1255 = CARTESIAN_POINT('',(-3.442190926618,-3.869588972107));
#1256 = CARTESIAN_POINT('',(-3.534442190157,-3.906309666418));
#1257 = ( GEOMETRIC_REPRESENTATION_CONTEXT(2) 
PARAMETRIC_REPRESENTATION_CONTEXT() REPRESENTATION_CONTEXT('2D SPACE',''
  ) );
#1258 = ORIENTED_EDGE('',*,*,#1259,.F.);
#1259 = EDGE_CURVE('',#1260,#1214,#1262,.T.);
#1260 = VERTEX_POINT('',#1261);
#1261 = CARTESIAN_POINT('',(-11.17824628461,4.632151241548,
    6.093690366121));
#1262 = SURFACE_CURVE('',#1263,(#1299,#1372),.PCURVE_S1.);
#1263 = B_SPLINE_CURVE_WITH_KNOTS('',9,(#1264,#1265,#1266,#1267,#1268,
    #1269,#1270,#1271,#1272,#1273,#1274,#1275,#1276,#1277,#1278,#1279,
    #1280,#1281,#1282,#1283,#1284,#1285,#1286,#1287,#1288,#1289,#1290,
    #1291,#1292,#1293,#1294,#1295,#1296,#1297,#1298),.UNSPECIFIED.,.F.,
  .F.,(10,5,2,8,7,3,10),(23.241498751268,23.24517273673,24.887367059786,
    26.199833409082,26.199833414373,29.154492975878,29.158167078551),
  .UNSPECIFIED.);
#1264 = CARTESIAN_POINT('',(-11.17824628461,4.632151241548,
    6.093690366121));
#1265 = CARTESIAN_POINT('',(-11.17648926081,4.636391087028,
    6.093539447846));
#1266 = CARTESIAN_POINT('',(-11.17473042781,4.640630182775,6.09338852957
    ));
#1267 = CARTESIAN_POINT('',(-11.17296978597,4.644868527907,
    6.093237611295));
#1268 = CARTESIAN_POINT('',(-11.17120733566,4.649106121542,
    6.093086693019));
#1269 = CARTESIAN_POINT('',(-11.16944307724,4.6533429628,6.092935774744)
  );
#1270 = CARTESIAN_POINT('',(-10.37828254001,6.551021399405,
    6.025327557534));
#1271 = CARTESIAN_POINT('',(-9.224409705608,8.297354918657,
    5.957719325627));
#1272 = CARTESIAN_POINT('',(-6.557970706501,11.021861610989,
    5.836198144582));
#1273 = CARTESIAN_POINT('',(-2.99886913563,12.772883445215,
    5.714677228371));
#1274 = CARTESIAN_POINT('',(1.036410172234,13.225483839199,
    5.593305913564));
#1275 = CARTESIAN_POINT('',(5.01099525426,12.261748096997,5.471937729837
    ));
#1276 = CARTESIAN_POINT('',(8.378028056801,10.02332188508,5.350564606231
    ));
#1277 = CARTESIAN_POINT('',(10.724714241049,6.8720261982,5.229199833442)
  );
#1278 = CARTESIAN_POINT('',(11.84998584357,3.279177234559,5.107825985482
    ));
#1279 = CARTESIAN_POINT('',(12.099999766442,1.639524870678,
    5.053913232357));
#1280 = CARTESIAN_POINT('',(12.099999774502,5.287566162693E-08,
    5.00000001509));
#1281 = CARTESIAN_POINT('',(12.099999774502,4.626623606393E-08,
    5.000000014873));
#1282 = CARTESIAN_POINT('',(12.099999774502,3.965681050093E-08,
    5.000000014656));
#1283 = CARTESIAN_POINT('',(12.099999774502,3.304738493792E-08,
    5.000000014438));
#1284 = CARTESIAN_POINT('',(12.099999774502,2.643795937492E-08,
    5.000000014221));
#1285 = CARTESIAN_POINT('',(12.099999774502,1.982853381191E-08,
    5.000000014004));
#1286 = CARTESIAN_POINT('',(12.099999774502,1.32191082489E-08,
    5.000000013786));
#1287 = CARTESIAN_POINT('',(12.100000235576,-3.690941967067,
    4.878629090752));
#1288 = CARTESIAN_POINT('',(10.832923844059,-7.382530495453,
    4.757260617485));
#1289 = CARTESIAN_POINT('',(8.300994831676,-10.57473478289,
    4.635888894404));
#1290 = CARTESIAN_POINT('',(4.722983235569,-12.78047683821,
    4.514367958115));
#1291 = CARTESIAN_POINT('',(0.559626350739,-13.61370538873,
    4.392847149405));
#1292 = CARTESIAN_POINT('',(-3.590359442589,-12.95769964182,
    4.271326043204));
#1293 = CARTESIAN_POINT('',(-7.162365273753,-10.98137161333,
    4.149804770815));
#1294 = CARTESIAN_POINT('',(-9.753823947322,-8.057028509096,
    4.028283579676));
#1295 = CARTESIAN_POINT('',(-11.17296954582,-4.644869105886,
    3.906762435989));
#1296 = CARTESIAN_POINT('',(-11.17473024519,-4.640630622764,
    3.906611512798));
#1297 = CARTESIAN_POINT('',(-11.17648913561,-4.636391388978,
    3.906460589606));
#1298 = CARTESIAN_POINT('',(-11.1782462167,-4.63215140541,3.906309666415
    ));
#1299 = PCURVE('',#179,#1300);
#1300 = DEFINITIONAL_REPRESENTATION('',(#1301),#1371);
#1301 = B_SPLINE_CURVE_WITH_KNOTS('',3,(#1302,#1303,#1304,#1305,#1306,
    #1307,#1308,#1309,#1310,#1311,#1312,#1313,#1314,#1315,#1316,#1317,
    #1318,#1319,#1320,#1321,#1322,#1323,#1324,#1325,#1326,#1327,#1328,
    #1329,#1330,#1331,#1332,#1333,#1334,#1335,#1336,#1337,#1338,#1339,
    #1340,#1341,#1342,#1343,#1344,#1345,#1346,#1347,#1348,#1349,#1350,
    #1351,#1352,#1353,#1354,#1355,#1356,#1357,#1358,#1359,#1360,#1361,
    #1362,#1363,#1364,#1365,#1366,#1367,#1368,#1369,#1370),
  .UNSPECIFIED.,.F.,.F.,(4,1,1,1,1,1,1,1,1,1,1,1,1,1,1,1,1,1,1,1,1,1,1,1
    ,1,1,1,1,1,1,1,1,1,1,1,1,1,1,1,1,1,1,1,1,1,1,1,1,1,1,1,1,1,1,1,1,1,1
    ,1,1,1,1,1,1,1,1,4),(23.241498751268,23.331145241075,23.420791730882
    ,23.51043822069,23.600084710497,23.689731200304,23.779377690112,
    23.869024179919,23.958670669726,24.048317159534,24.137963649341,
    24.227610139148,24.317256628956,24.406903118763,24.49654960857,
    24.586196098378,24.675842588185,24.765489077992,24.8551355678,
    24.944782057607,25.034428547414,25.124075037221,25.213721527029,
    25.303368016836,25.393014506643,25.482660996451,25.572307486258,
    25.661953976065,25.751600465873,25.84124695568,25.930893445487,
    26.020539935295,26.110186425102,26.199832914909,26.289479404717,
    26.379125894524,26.468772384331,26.558418874139,26.648065363946,
    26.737711853753,26.82735834356,26.917004833368,27.006651323175,
    27.096297812982,27.18594430279,27.275590792597,27.365237282404,
    27.454883772212,27.544530262019,27.634176751826,27.723823241634,
    27.813469731441,27.903116221248,27.992762711056,28.082409200863,
    28.17205569067,28.261702180478,28.351348670285,28.440995160092,
    28.5306416499,28.620288139707,28.709934629514,28.799581119321,
    28.889227609129,28.978874098936,29.068520588743,29.158167078551),
  .QUASI_UNIFORM_KNOTS.);
#1302 = CARTESIAN_POINT('',(1.360294085851,23.24517273673));
#1303 = CARTESIAN_POINT('',(1.360294085968,23.215290573472));
#1304 = CARTESIAN_POINT('',(1.360294085467,23.155526246902));
#1305 = CARTESIAN_POINT('',(1.360294083587,23.065879756942));
#1306 = CARTESIAN_POINT('',(1.360294082753,22.976233267011));
#1307 = CARTESIAN_POINT('',(1.360294081297,22.886586776963));
#1308 = CARTESIAN_POINT('',(1.3602940744,22.796940286061));
#1309 = CARTESIAN_POINT('',(1.360294057959,22.707293793103));
#1310 = CARTESIAN_POINT('',(1.360294031933,22.617647296789));
#1311 = CARTESIAN_POINT('',(1.360294001764,22.528000796191));
#1312 = CARTESIAN_POINT('',(1.360293977388,22.43835429114));
#1313 = CARTESIAN_POINT('',(1.360293970762,22.348707782422));
#1314 = CARTESIAN_POINT('',(1.360293991408,22.259061271738));
#1315 = CARTESIAN_POINT('',(1.360294046523,22.169414761441));
#1316 = CARTESIAN_POINT('',(1.360294125768,22.07976825417));
#1317 = CARTESIAN_POINT('',(1.360294164875,21.990121752505));
#1318 = CARTESIAN_POINT('',(1.360294152292,21.900475258434));
#1319 = CARTESIAN_POINT('',(1.360294151148,21.810828773107));
#1320 = CARTESIAN_POINT('',(1.360294153452,21.72118229706));
#1321 = CARTESIAN_POINT('',(1.360294133009,21.631535830095));
#1322 = CARTESIAN_POINT('',(1.360294202305,21.541889370857));
#1323 = CARTESIAN_POINT('',(1.360293723357,21.452242918171));
#1324 = CARTESIAN_POINT('',(1.360293120228,21.362596466729));
#1325 = CARTESIAN_POINT('',(1.360292255686,21.272950009263));
#1326 = CARTESIAN_POINT('',(1.360291196262,21.183303534773));
#1327 = CARTESIAN_POINT('',(1.360290035884,21.09365703018));
#1328 = CARTESIAN_POINT('',(1.360288957502,21.004010483521));
#1329 = CARTESIAN_POINT('',(1.360288199836,20.914363888722));
#1330 = CARTESIAN_POINT('',(1.360288006738,20.824717250147));
#1331 = CARTESIAN_POINT('',(1.360288539901,20.735070584664));
#1332 = CARTESIAN_POINT('',(1.360289780447,20.645423918809));
#1333 = CARTESIAN_POINT('',(1.360291459928,20.55577728032));
#1334 = CARTESIAN_POINT('',(1.360293068229,20.466130684221));
#1335 = CARTESIAN_POINT('',(1.360294045788,20.376484124768));
#1336 = CARTESIAN_POINT('',(1.360294085296,20.286837565162));
#1337 = CARTESIAN_POINT('',(1.36029412813,20.197191019513));
#1338 = CARTESIAN_POINT('',(1.360294116653,20.107544470846));
#1339 = CARTESIAN_POINT('',(1.360294119729,20.017897922807));
#1340 = CARTESIAN_POINT('',(1.360294118901,19.928251374005));
#1341 = CARTESIAN_POINT('',(1.360294119134,19.838604824661));
#1342 = CARTESIAN_POINT('',(1.36029411903,19.748958274734));
#1343 = CARTESIAN_POINT('',(1.360294119214,19.659311724346));
#1344 = CARTESIAN_POINT('',(1.360294118583,19.569665173623));
#1345 = CARTESIAN_POINT('',(1.360294120924,19.480018622689));
#1346 = CARTESIAN_POINT('',(1.360294112191,19.39037207169));
#1347 = CARTESIAN_POINT('',(1.360294104384,19.300725520697));
#1348 = CARTESIAN_POINT('',(1.360294099687,19.211078969778));
#1349 = CARTESIAN_POINT('',(1.360294097089,19.121432418982));
#1350 = CARTESIAN_POINT('',(1.36029409631,19.031785868338));
#1351 = CARTESIAN_POINT('',(1.360294096824,18.942139317854));
#1352 = CARTESIAN_POINT('',(1.360294098173,18.852492767526));
#1353 = CARTESIAN_POINT('',(1.360294099916,18.762846217338));
#1354 = CARTESIAN_POINT('',(1.360294101669,18.673199667264));
#1355 = CARTESIAN_POINT('',(1.360294103107,18.583553117273));
#1356 = CARTESIAN_POINT('',(1.360294103984,18.493906567331));
#1357 = CARTESIAN_POINT('',(1.360294104136,18.404260017401));
#1358 = CARTESIAN_POINT('',(1.360294103492,18.314613467449));
#1359 = CARTESIAN_POINT('',(1.360294102077,18.224966917444));
#1360 = CARTESIAN_POINT('',(1.360294100004,18.135320367364));
#1361 = CARTESIAN_POINT('',(1.360294097471,18.045673817197));
#1362 = CARTESIAN_POINT('',(1.360294094727,17.956027266944));
#1363 = CARTESIAN_POINT('',(1.36029409205,17.866380716621));
#1364 = CARTESIAN_POINT('',(1.360294089697,17.776734166256));
#1365 = CARTESIAN_POINT('',(1.360294087867,17.68708761589));
#1366 = CARTESIAN_POINT('',(1.360294086656,17.597441065565));
#1367 = CARTESIAN_POINT('',(1.360294086034,17.507794515318));
#1368 = CARTESIAN_POINT('',(1.360294085846,17.41814796517));
#1369 = CARTESIAN_POINT('',(1.360294085851,17.358383598448));
#1370 = CARTESIAN_POINT('',(1.360294085851,17.328501415094));
#1371 = ( GEOMETRIC_REPRESENTATION_CONTEXT(2) 
PARAMETRIC_REPRESENTATION_CONTEXT() REPRESENTATION_CONTEXT('2D SPACE',''
  ) );
#1372 = PCURVE('',#531,#1373);
#1373 = DEFINITIONAL_REPRESENTATION('',(#1374),#1444);
#1374 = B_SPLINE_CURVE_WITH_KNOTS('',3,(#1375,#1376,#1377,#1378,#1379,
    #1380,#1381,#1382,#1383,#1384,#1385,#1386,#1387,#1388,#1389,#1390,
    #1391,#1392,#1393,#1394,#1395,#1396,#1397,#1398,#1399,#1400,#1401,
    #1402,#1403,#1404,#1405,#1406,#1407,#1408,#1409,#1410,#1411,#1412,
    #1413,#1414,#1415,#1416,#1417,#1418,#1419,#1420,#1421,#1422,#1423,
    #1424,#1425,#1426,#1427,#1428,#1429,#1430,#1431,#1432,#1433,#1434,
    #1435,#1436,#1437,#1438,#1439,#1440,#1441,#1442,#1443),
  .UNSPECIFIED.,.F.,.F.,(4,1,1,1,1,1,1,1,1,1,1,1,1,1,1,1,1,1,1,1,1,1,1,1
    ,1,1,1,1,1,1,1,1,1,1,1,1,1,1,1,1,1,1,1,1,1,1,1,1,1,1,1,1,1,1,1,1,1,1
    ,1,1,1,1,1,1,1,1,4),(23.241498751268,23.331145241075,23.420791730882
    ,23.51043822069,23.600084710497,23.689731200304,23.779377690112,
    23.869024179919,23.958670669726,24.048317159534,24.137963649341,
    24.227610139148,24.317256628956,24.406903118763,24.49654960857,
    24.586196098378,24.675842588185,24.765489077992,24.8551355678,
    24.944782057607,25.034428547414,25.124075037221,25.213721527029,
    25.303368016836,25.393014506643,25.482660996451,25.572307486258,
    25.661953976065,25.751600465873,25.84124695568,25.930893445487,
    26.020539935295,26.110186425102,26.199832914909,26.289479404717,
    26.379125894524,26.468772384331,26.558418874139,26.648065363946,
    26.737711853753,26.82735834356,26.917004833368,27.006651323175,
    27.096297812982,27.18594430279,27.275590792597,27.365237282404,
    27.454883772212,27.544530262019,27.634176751826,27.723823241634,
    27.813469731441,27.903116221248,27.992762711056,28.082409200863,
    28.17205569067,28.261702180478,28.351348670285,28.440995160092,
    28.5306416499,28.620288139707,28.709934629514,28.799581119321,
    28.889227609129,28.978874098936,29.068520588743,29.158167078551),
  .QUASI_UNIFORM_KNOTS.);
#1375 = CARTESIAN_POINT('',(0.,23.24517273673));
#1376 = CARTESIAN_POINT('',(-9.798048635289E-11,23.215290573472));
#1377 = CARTESIAN_POINT('',(3.169683467589E-10,23.155526246901));
#1378 = CARTESIAN_POINT('',(1.854699091713E-09,23.065879756934));
#1379 = CARTESIAN_POINT('',(2.500658530744E-09,22.976233267));
#1380 = CARTESIAN_POINT('',(3.561566939298E-09,22.886586776947));
#1381 = CARTESIAN_POINT('',(8.660654710884E-09,22.796940286022));
#1382 = CARTESIAN_POINT('',(2.040321424263E-08,22.707293793009));
#1383 = CARTESIAN_POINT('',(3.731708095974E-08,22.617647296613));
#1384 = CARTESIAN_POINT('',(5.381678748611E-08,22.528000795925));
#1385 = CARTESIAN_POINT('',(5.786865957218E-08,22.438354290819));
#1386 = CARTESIAN_POINT('',(4.680167009921E-08,22.348707782109));
#1387 = CARTESIAN_POINT('',(-1.794590322329E-08,22.259061271591));
#1388 = CARTESIAN_POINT('',(-2.593066062905E-08,22.169414761414));
#1389 = CARTESIAN_POINT('',(-7.769690728986E-08,22.079768254397));
#1390 = CARTESIAN_POINT('',(-6.888338714616E-08,21.990121752791));
#1391 = CARTESIAN_POINT('',(-6.92244816735E-08,21.900475258696));
#1392 = CARTESIAN_POINT('',(-6.430728101718E-08,21.810828773358));
#1393 = CARTESIAN_POINT('',(-6.877972543543E-08,21.721182297324));
#1394 = CARTESIAN_POINT('',(-4.343593749627E-08,21.63153583027));
#1395 = CARTESIAN_POINT('',(-1.301663154287E-07,21.541889371334));
#1396 = CARTESIAN_POINT('',(4.906052133954E-07,21.452242916522));
#1397 = CARTESIAN_POINT('',(1.241356205868E-06,21.362596462462));
#1398 = CARTESIAN_POINT('',(2.301141671571E-06,21.272950001277));
#1399 = CARTESIAN_POINT('',(3.583285754974E-06,21.18330352226));
#1400 = CARTESIAN_POINT('',(4.976228108074E-06,21.093657012731));
#1401 = CARTESIAN_POINT('',(6.262600885251E-06,21.004010461501));
#1402 = CARTESIAN_POINT('',(7.160472488895E-06,20.914363863502));
#1403 = CARTESIAN_POINT('',(7.381463408443E-06,20.824717224126));
#1404 = CARTESIAN_POINT('',(6.732920498467E-06,20.735070560928));
#1405 = CARTESIAN_POINT('',(5.234453275008E-06,20.645423900368));
#1406 = CARTESIAN_POINT('',(3.202683048385E-06,20.555777269053));
#1407 = CARTESIAN_POINT('',(1.247843426314E-06,20.466130679841));
#1408 = CARTESIAN_POINT('',(5.10202726371E-08,20.376484124591));
#1409 = CARTESIAN_POINT('',(-1.681751156351E-09,20.286837565165));
#1410 = CARTESIAN_POINT('',(-4.429325325282E-08,20.197191019679));
#1411 = CARTESIAN_POINT('',(-2.051068886173E-08,20.107544470942));
#1412 = CARTESIAN_POINT('',(-7.302944432963E-08,20.017897923012));
#1413 = CARTESIAN_POINT('',(-6.866285287687E-08,19.9282513742));
#1414 = CARTESIAN_POINT('',(-2.373068706522E-08,19.838604824768));
#1415 = CARTESIAN_POINT('',(-3.577985189161E-08,19.748958274865));
#1416 = CARTESIAN_POINT('',(-3.25153583977E-08,19.659311724472));
#1417 = CARTESIAN_POINT('',(-3.352416754694E-08,19.56966517375));
#1418 = CARTESIAN_POINT('',(-3.275342444389E-08,19.48001862282));
#1419 = CARTESIAN_POINT('',(-3.482758770686E-08,19.390372071808));
#1420 = CARTESIAN_POINT('',(-2.730167775803E-08,19.300725520786));
#1421 = CARTESIAN_POINT('',(-1.862925980376E-08,19.211078969841));
#1422 = CARTESIAN_POINT('',(-1.351397435334E-08,19.12143241903));
#1423 = CARTESIAN_POINT('',(-1.012996326637E-08,19.031785868378));
#1424 = CARTESIAN_POINT('',(-8.34582497706E-09,18.942139317891));
#1425 = CARTESIAN_POINT('',(-7.586218179831E-09,18.852492767564));
#1426 = CARTESIAN_POINT('',(-7.447600173381E-09,18.762846217379));
#1427 = CARTESIAN_POINT('',(-7.560245412558E-09,18.673199667309));
#1428 = CARTESIAN_POINT('',(-7.641725333558E-09,18.583553117321));
#1429 = CARTESIAN_POINT('',(-7.49216890543E-09,18.493906567381));
#1430 = CARTESIAN_POINT('',(-6.999926807312E-09,18.40426001745));
#1431 = CARTESIAN_POINT('',(-6.138975750535E-09,18.314613467495));
#1432 = CARTESIAN_POINT('',(-4.962461359973E-09,18.224966917485));
#1433 = CARTESIAN_POINT('',(-3.588936211153E-09,18.135320367398));
#1434 = CARTESIAN_POINT('',(-2.18124225926E-09,18.045673817224));
#1435 = CARTESIAN_POINT('',(-9.17418786626E-10,17.956027266963));
#1436 = CARTESIAN_POINT('',(4.426668548661E-11,17.866380716633));
#1437 = CARTESIAN_POINT('',(6.025651803263E-10,17.776734166262));
#1438 = CARTESIAN_POINT('',(7.445334834653E-10,17.687087615892));
#1439 = CARTESIAN_POINT('',(5.64628174534E-10,17.597441065566));
#1440 = CARTESIAN_POINT('',(2.435438435143E-10,17.507794515318));
#1441 = CARTESIAN_POINT('',(2.214026632143E-11,17.41814796517));
#1442 = CARTESIAN_POINT('',(-2.193442373425E-11,17.358383598448));
#1443 = CARTESIAN_POINT('',(0.,17.328501415094));
#1444 = ( GEOMETRIC_REPRESENTATION_CONTEXT(2) 
PARAMETRIC_REPRESENTATION_CONTEXT() REPRESENTATION_CONTEXT('2D SPACE',''
  ) );
#1445 = ORIENTED_EDGE('',*,*,#1446,.T.);
#1446 = EDGE_CURVE('',#1260,#1447,#1449,.T.);
#1447 = VERTEX_POINT('',#1448);
#1448 = CARTESIAN_POINT('',(-11.38575167902,-4.095689698736,
    6.387393516388));
#1449 = SURFACE_CURVE('',#1450,(#1460,#1473),.PCURVE_S1.);
#1450 = B_SPLINE_CURVE_WITH_KNOTS('',8,(#1451,#1452,#1453,#1454,#1455,
    #1456,#1457,#1458,#1459),.UNSPECIFIED.,.F.,.F.,(9,9),(0.,1.),
  .PIECEWISE_BEZIER_KNOTS.);
#1451 = CARTESIAN_POINT('',(-11.17824628462,4.632151241527,
    6.093690366122));
#1452 = CARTESIAN_POINT('',(-11.6055881606,3.600895524843,6.130383056959
    ));
#1453 = CARTESIAN_POINT('',(-11.9244501311,2.523977892093,6.167098425598
    ));
#1454 = CARTESIAN_POINT('',(-12.12868164116,1.415614818884,
    6.203807003307));
#1455 = CARTESIAN_POINT('',(-12.21502813733,0.290145122535,
    6.240513089837));
#1456 = CARTESIAN_POINT('',(-12.18218066361,-0.838053938261,
    6.277224091628));
#1457 = CARTESIAN_POINT('',(-12.03084333392,-1.954616115602,
    6.31394490184));
#1458 = CARTESIAN_POINT('',(-11.76362791305,-3.04521834296,
    6.350675597246));
#1459 = CARTESIAN_POINT('',(-11.38575167911,-4.095689698486,
    6.387393516379));
#1460 = PCURVE('',#179,#1461);
#1461 = DEFINITIONAL_REPRESENTATION('',(#1462),#1472);
#1462 = B_SPLINE_CURVE_WITH_KNOTS('',8,(#1463,#1464,#1465,#1466,#1467,
    #1468,#1469,#1470,#1471),.UNSPECIFIED.,.F.,.F.,(9,9),(0.,1.),
  .PIECEWISE_BEZIER_KNOTS.);
#1463 = CARTESIAN_POINT('',(1.360294085851,23.245172736732));
#1464 = CARTESIAN_POINT('',(1.360271619671,23.344463431157));
#1465 = CARTESIAN_POINT('',(1.3602507802,23.443812567729));
#1466 = CARTESIAN_POINT('',(1.360237131602,23.543130478347));
#1467 = CARTESIAN_POINT('',(1.360235370435,23.642420384577));
#1468 = CARTESIAN_POINT('',(1.360246260918,23.74170094469));
#1469 = CARTESIAN_POINT('',(1.360263702353,23.840996301889));
#1470 = CARTESIAN_POINT('',(1.360280957089,23.940318714412));
#1471 = CARTESIAN_POINT('',(1.360294085851,24.039613934284));
#1472 = ( GEOMETRIC_REPRESENTATION_CONTEXT(2) 
PARAMETRIC_REPRESENTATION_CONTEXT() REPRESENTATION_CONTEXT('2D SPACE',''
  ) );
#1473 = PCURVE('',#1474,#1479);
#1474 = CYLINDRICAL_SURFACE('',#1475,12.1);
#1475 = AXIS2_PLACEMENT_3D('',#1476,#1477,#1478);
#1476 = CARTESIAN_POINT('',(0.,0.,0.));
#1477 = DIRECTION('',(-0.,-0.,-1.));
#1478 = DIRECTION('',(1.,0.,0.));
#1479 = DEFINITIONAL_REPRESENTATION('',(#1480),#1490);
#1480 = B_SPLINE_CURVE_WITH_KNOTS('',8,(#1481,#1482,#1483,#1484,#1485,
    #1486,#1487,#1488,#1489),.UNSPECIFIED.,.F.,.F.,(9,9),(0.,1.),
  .PIECEWISE_BEZIER_KNOTS.);
#1481 = CARTESIAN_POINT('',(-2.748743131692,-6.093690366122));
#1482 = CARTESIAN_POINT('',(-2.840998728217,-6.130383056959));
#1483 = CARTESIAN_POINT('',(-2.933308409803,-6.167098425598));
#1484 = CARTESIAN_POINT('',(-3.02558900176,-6.203807003307));
#1485 = CARTESIAN_POINT('',(-3.117843797646,-6.240513089837));
#1486 = CARTESIAN_POINT('',(-3.210090557567,-6.277224091628));
#1487 = CARTESIAN_POINT('',(-3.302351909819,-6.31394490184));
#1488 = CARTESIAN_POINT('',(-3.394638978683,-6.350675597246));
#1489 = CARTESIAN_POINT('',(-3.486900908114,-6.387393516379));
#1490 = ( GEOMETRIC_REPRESENTATION_CONTEXT(2) 
PARAMETRIC_REPRESENTATION_CONTEXT() REPRESENTATION_CONTEXT('2D SPACE',''
  ) );
#1491 = ORIENTED_EDGE('',*,*,#1492,.F.);
#1492 = EDGE_CURVE('',#1493,#1447,#1495,.T.);
#1493 = VERTEX_POINT('',#1494);
#1494 = CARTESIAN_POINT('',(11.360941768292,-4.164012744666,
    7.360216323751));
#1495 = SURFACE_CURVE('',#1496,(#1515,#1522),.PCURVE_S1.);
#1496 = B_SPLINE_CURVE_WITH_KNOTS('',9,(#1497,#1498,#1499,#1500,#1501,
    #1502,#1503,#1504,#1505,#1506,#1507,#1508,#1509,#1510,#1511,#1512,
    #1513,#1514),.UNSPECIFIED.,.F.,.F.,(10,8,10),(24.046078855483,
    25.358546009554,26.67747841689),.UNSPECIFIED.);
#1497 = CARTESIAN_POINT('',(11.360941768292,-4.164012744666,
    7.360216323751));
#1498 = CARTESIAN_POINT('',(10.796703596781,-5.703418428927,
    7.306303397406));
#1499 = CARTESIAN_POINT('',(9.997808072415,-7.156815740314,7.25239045697
    ));
#1500 = CARTESIAN_POINT('',(8.979251619232,-8.483313234516,
    7.198477502092));
#1501 = CARTESIAN_POINT('',(7.764343844617,-9.645063592328,
    7.144564542758));
#1502 = CARTESIAN_POINT('',(6.383954471725,-10.60929998101,
    7.090651606084));
#1503 = CARTESIAN_POINT('',(4.875129703793,-11.3501530639,7.03673873655)
  );
#1504 = CARTESIAN_POINT('',(3.279176732782,-11.84998592008,
    6.982825968984));
#1505 = CARTESIAN_POINT('',(1.639524619809,-12.09999976644,
    6.928913224108));
#1506 = CARTESIAN_POINT('',(-1.64760084887,-12.0999997826,6.820821228395
    ));
#1507 = CARTESIAN_POINT('',(-3.295330572109,-11.84751673402,
    6.766642909989));
#1508 = CARTESIAN_POINT('',(-4.898711545007,-11.34274835021,
    6.712464566248));
#1509 = CARTESIAN_POINT('',(-6.413671728848,-10.59466709742,
    6.658286118752));
#1510 = CARTESIAN_POINT('',(-7.798311739877,-9.621260206511,
    6.604107571541));
#1511 = CARTESIAN_POINT('',(-9.015099251468,-8.448904586027,
    6.549929066245));
#1512 = CARTESIAN_POINT('',(-10.03282989777,-7.110991454089,
    6.495750535632));
#1513 = CARTESIAN_POINT('',(-10.82803720866,-5.646056731738,
    6.441572018896));
#1514 = CARTESIAN_POINT('',(-11.38575167902,-4.095689698736,
    6.387393516388));
#1515 = PCURVE('',#179,#1516);
#1516 = DEFINITIONAL_REPRESENTATION('',(#1517),#1521);
#1517 = LINE('',#1518,#1519);
#1518 = CARTESIAN_POINT('',(1.360294085851,50.717092351198));
#1519 = VECTOR('',#1520,1.);
#1520 = DIRECTION('',(1.687654039178E-15,-1.));
#1521 = ( GEOMETRIC_REPRESENTATION_CONTEXT(2) 
PARAMETRIC_REPRESENTATION_CONTEXT() REPRESENTATION_CONTEXT('2D SPACE',''
  ) );
#1522 = PCURVE('',#531,#1523);
#1523 = DEFINITIONAL_REPRESENTATION('',(#1524),#1528);
#1524 = LINE('',#1525,#1526);
#1525 = CARTESIAN_POINT('',(3.439973077271E-14,50.717092351198));
#1526 = VECTOR('',#1527,1.);
#1527 = DIRECTION('',(-1.433621040394E-15,-1.));
#1528 = ( GEOMETRIC_REPRESENTATION_CONTEXT(2) 
PARAMETRIC_REPRESENTATION_CONTEXT() REPRESENTATION_CONTEXT('2D SPACE',''
  ) );
#1529 = ORIENTED_EDGE('',*,*,#1530,.F.);
#1530 = EDGE_CURVE('',#1531,#1493,#1533,.T.);
#1531 = VERTEX_POINT('',#1532);
#1532 = CARTESIAN_POINT('',(11.162364524618,4.670291020562,
    7.657668218576));
#1533 = SURFACE_CURVE('',#1534,(#1547,#1576),.PCURVE_S1.);
#1534 = B_SPLINE_CURVE_WITH_KNOTS('',6,(#1535,#1536,#1537,#1538,#1539,
    #1540,#1541,#1542,#1543,#1544,#1545,#1546),.UNSPECIFIED.,.F.,.F.,(7,
    5,7),(0.,0.991502479385,1.870204174339),.UNSPECIFIED.);
#1535 = CARTESIAN_POINT('',(11.162363941642,4.670290796258,
    7.657667668637));
#1536 = CARTESIAN_POINT('',(11.470810939976,3.933078018455,
    7.631378544959));
#1537 = CARTESIAN_POINT('',(11.720879738162,3.171303213174,
    7.605085771555));
#1538 = CARTESIAN_POINT('',(11.909999902463,2.391019335357,
    7.578800795768));
#1539 = CARTESIAN_POINT('',(12.036638196953,1.598328435815,
    7.552523339749));
#1540 = CARTESIAN_POINT('',(12.099999323506,0.799308730181,
    7.526248136454));
#1541 = CARTESIAN_POINT('',(12.099999323506,-0.708373353171,
    7.47667495003));
#1542 = CARTESIAN_POINT('',(12.05021972987,-1.416916453805,
    7.453380957208));
#1543 = CARTESIAN_POINT('',(11.950664658597,-2.121071981342,
    7.43008806745));
#1544 = CARTESIAN_POINT('',(11.801841790901,-2.816440788768,
    7.406797429804));
#1545 = CARTESIAN_POINT('',(11.604762373216,-3.498781902614,
    7.383507844007));
#1546 = CARTESIAN_POINT('',(11.36094121719,-4.164012522953,
    7.360215760488));
#1547 = PCURVE('',#179,#1548);
#1548 = DEFINITIONAL_REPRESENTATION('',(#1549),#1575);
#1549 = B_SPLINE_CURVE_WITH_KNOTS('',3,(#1550,#1551,#1552,#1553,#1554,
    #1555,#1556,#1557,#1558,#1559,#1560,#1561,#1562,#1563,#1564,#1565,
    #1566,#1567,#1568,#1569,#1570,#1571,#1572,#1573,#1574),
  .UNSPECIFIED.,.F.,.F.,(4,1,1,1,1,1,1,1,1,1,1,1,1,1,1,1,1,1,1,1,1,1,4),
  (0.,8.500928065177E-02,0.170018561304,0.255027841955,0.340037122607,
    0.425046403259,0.510055683911,0.595064964562,0.680074245214,
    0.765083525866,0.850092806518,0.935102087169,1.020111367821,
    1.105120648473,1.190129929125,1.275139209777,1.360148490428,
    1.44515777108,1.530167051732,1.615176332384,1.700185613035,
    1.785194893687,1.870204174339),.QUASI_UNIFORM_KNOTS.);
#1550 = CARTESIAN_POINT('',(1.360293253424,27.475594716974));
#1551 = CARTESIAN_POINT('',(1.360290473398,27.463406038887));
#1552 = CARTESIAN_POINT('',(1.360284980718,27.439028019688));
#1553 = CARTESIAN_POINT('',(1.360277109016,27.40246014205));
#1554 = CARTESIAN_POINT('',(1.360269785322,27.365892749833));
#1555 = CARTESIAN_POINT('',(1.36026313614,27.329326498227));
#1556 = CARTESIAN_POINT('',(1.360257288877,27.292761677362));
#1557 = CARTESIAN_POINT('',(1.360252363765,27.256198198156));
#1558 = CARTESIAN_POINT('',(1.360248464468,27.219635658716));
#1559 = CARTESIAN_POINT('',(1.360245666496,27.183073376071));
#1560 = CARTESIAN_POINT('',(1.360243995686,27.14651044056));
#1561 = CARTESIAN_POINT('',(1.360243470642,27.109945684456));
#1562 = CARTESIAN_POINT('',(1.360243954428,27.07337794743));
#1563 = CARTESIAN_POINT('',(1.360245784236,27.03680522335));
#1564 = CARTESIAN_POINT('',(1.360246662722,27.000228590124));
#1565 = CARTESIAN_POINT('',(1.360248981868,26.963649928327));
#1566 = CARTESIAN_POINT('',(1.360253311059,26.927070186886));
#1567 = CARTESIAN_POINT('',(1.360259384394,26.890490131911));
#1568 = CARTESIAN_POINT('',(1.360266406687,26.853910197025));
#1569 = CARTESIAN_POINT('',(1.360273456431,26.817330581214));
#1570 = CARTESIAN_POINT('',(1.360279765499,26.780751285779));
#1571 = CARTESIAN_POINT('',(1.36028496081,26.744172172988));
#1572 = CARTESIAN_POINT('',(1.360289133506,26.707593019243));
#1573 = CARTESIAN_POINT('',(1.360291829907,26.68320672882));
#1574 = CARTESIAN_POINT('',(1.360293267588,26.671013497296));
#1575 = ( GEOMETRIC_REPRESENTATION_CONTEXT(2) 
PARAMETRIC_REPRESENTATION_CONTEXT() REPRESENTATION_CONTEXT('2D SPACE',''
  ) );
#1576 = PCURVE('',#1577,#1582);
#1577 = CYLINDRICAL_SURFACE('',#1578,12.1);
#1578 = AXIS2_PLACEMENT_3D('',#1579,#1580,#1581);
#1579 = CARTESIAN_POINT('',(0.,0.,0.));
#1580 = DIRECTION('',(-0.,-0.,-1.));
#1581 = DIRECTION('',(1.,0.,0.));
#1582 = DEFINITIONAL_REPRESENTATION('',(#1583),#1609);
#1583 = B_SPLINE_CURVE_WITH_KNOTS('',3,(#1584,#1585,#1586,#1587,#1588,
    #1589,#1590,#1591,#1592,#1593,#1594,#1595,#1596,#1597,#1598,#1599,
    #1600,#1601,#1602,#1603,#1604,#1605,#1606,#1607,#1608),
  .UNSPECIFIED.,.F.,.F.,(4,1,1,1,1,1,1,1,1,1,1,1,1,1,1,1,1,1,1,1,1,1,4),
  (0.,8.500928065177E-02,0.170018561304,0.255027841955,0.340037122607,
    0.425046403259,0.510055683911,0.595064964562,0.680074245214,
    0.765083525866,0.850092806518,0.935102087169,1.020111367821,
    1.105120648473,1.190129929125,1.275139209777,1.360148490428,
    1.44515777108,1.530167051732,1.615176332384,1.700185613035,
    1.785194893687,1.870204174339),.QUASI_UNIFORM_KNOTS.);
#1584 = CARTESIAN_POINT('',(-6.67944921736,-7.657667668637));
#1585 = CARTESIAN_POINT('',(-6.668124149961,-7.65315970643));
#1586 = CARTESIAN_POINT('',(-6.645473408188,-7.64414357833));
#1587 = CARTESIAN_POINT('',(-6.611496527765,-7.630619307071));
#1588 = CARTESIAN_POINT('',(-6.577520113436,-7.617095563335));
#1589 = CARTESIAN_POINT('',(-6.543544766598,-7.603572692364));
#1590 = CARTESIAN_POINT('',(-6.509570748768,-7.590050892336));
#1591 = CARTESIAN_POINT('',(-6.475597968499,-7.576530205985));
#1592 = CARTESIAN_POINT('',(-6.441626043341,-7.56301054386));
#1593 = CARTESIAN_POINT('',(-6.407654329557,-7.549491694993));
#1594 = CARTESIAN_POINT('',(-6.373681972901,-7.535973347459));
#1595 = CARTESIAN_POINT('',(-6.339707879834,-7.522455073199));
#1596 = CARTESIAN_POINT('',(-6.305730964175,-7.508936437134));
#1597 = CARTESIAN_POINT('',(-6.271749355882,-7.495416636041));
#1598 = CARTESIAN_POINT('',(-6.237764046562,-7.481896174629));
#1599 = CARTESIAN_POINT('',(-6.203776784525,-7.468375520233));
#1600 = CARTESIAN_POINT('',(-6.169788450734,-7.454854876936));
#1601 = CARTESIAN_POINT('',(-6.135799756642,-7.441334425408));
#1602 = CARTESIAN_POINT('',(-6.101811105838,-7.427814258692));
#1603 = CARTESIAN_POINT('',(-6.067822685834,-7.414294399239));
#1604 = CARTESIAN_POINT('',(-6.033834502964,-7.400774794969));
#1605 = CARTESIAN_POINT('',(-5.99984643741,-7.387255317992));
#1606 = CARTESIAN_POINT('',(-5.965858292435,-7.37373577367));
#1607 = CARTESIAN_POINT('',(-5.943199337145,-7.364722501658));
#1608 = CARTESIAN_POINT('',(-5.931869777313,-7.360215760488));
#1609 = ( GEOMETRIC_REPRESENTATION_CONTEXT(2) 
PARAMETRIC_REPRESENTATION_CONTEXT() REPRESENTATION_CONTEXT('2D SPACE',''
  ) );
#1610 = ORIENTED_EDGE('',*,*,#1611,.F.);
#1611 = EDGE_CURVE('',#1612,#1531,#1614,.T.);
#1612 = VERTEX_POINT('',#1613);
#1613 = CARTESIAN_POINT('',(11.16236795221,-4.670282828682,
    9.842332100134));
#1614 = SURFACE_CURVE('',#1615,(#1634,#1641),.PCURVE_S1.);
#1615 = B_SPLINE_CURVE_WITH_KNOTS('',9,(#1616,#1617,#1618,#1619,#1620,
    #1621,#1622,#1623,#1624,#1625,#1626,#1627,#1628,#1629,#1630,#1631,
    #1632,#1633),.UNSPECIFIED.,.F.,.F.,(10,8,10),(32.547303983554,
    35.501965657433,38.456626552041),.UNSPECIFIED.);
#1616 = CARTESIAN_POINT('',(11.16236795221,-4.670282828682,
    9.842332100134));
#1617 = CARTESIAN_POINT('',(9.737717444399,-8.075172276467,
    9.720961874165));
#1618 = CARTESIAN_POINT('',(7.144616038212,-10.99117677227,
    9.599591600847));
#1619 = CARTESIAN_POINT('',(3.57489832692,-12.96013667342,9.478221280874
    ));
#1620 = CARTESIAN_POINT('',(-0.569965856518,-13.61163379595,9.3568510596
    ));
#1621 = CARTESIAN_POINT('',(-4.727426274457,-12.77773781603,
    9.235481168329));
#1622 = CARTESIAN_POINT('',(-8.300994455545,-10.57473523238,
    9.114111149794));
#1623 = CARTESIAN_POINT('',(-10.8329236996,-7.38253086381,8.992739421531
    ));
#1624 = CARTESIAN_POINT('',(-12.09999975635,-3.690942241727,
    8.871370894012));
#1625 = CARTESIAN_POINT('',(-12.09999979264,3.690941149298,
    8.628629168615));
#1626 = CARTESIAN_POINT('',(-10.83292444055,7.382528810041,
    8.507260673104));
#1627 = CARTESIAN_POINT('',(-8.300996562853,10.574732625002,
    8.385888976852));
#1628 = CARTESIAN_POINT('',(-4.727430170097,12.777735445448,
    8.26451899033));
#1629 = CARTESIAN_POINT('',(-0.56997147285,13.611632690679,
    8.143149131066));
#1630 = CARTESIAN_POINT('',(3.57489164043,12.96013773954,8.021778941805)
  );
#1631 = CARTESIAN_POINT('',(7.144609339735,10.991180477613,
    7.900408653842));
#1632 = CARTESIAN_POINT('',(9.73771189371,8.075178524806,7.779038412534)
  );
#1633 = CARTESIAN_POINT('',(11.162364524618,4.670291020562,
    7.657668218576));
#1634 = PCURVE('',#179,#1635);
#1635 = DEFINITIONAL_REPRESENTATION('',(#1636),#1640);
#1636 = LINE('',#1637,#1638);
#1637 = CARTESIAN_POINT('',(1.360294085851,65.932221267405));
#1638 = VECTOR('',#1639,1.);
#1639 = DIRECTION('',(7.139308177344E-16,-1.));
#1640 = ( GEOMETRIC_REPRESENTATION_CONTEXT(2) 
PARAMETRIC_REPRESENTATION_CONTEXT() REPRESENTATION_CONTEXT('2D SPACE',''
  ) );
#1641 = PCURVE('',#531,#1642);
#1642 = DEFINITIONAL_REPRESENTATION('',(#1643),#1647);
#1643 = LINE('',#1644,#1645);
#1644 = CARTESIAN_POINT('',(-4.230567575555E-14,65.932221267405));
#1645 = VECTOR('',#1646,1.);
#1646 = DIRECTION('',(1.043471965741E-15,-1.));
#1647 = ( GEOMETRIC_REPRESENTATION_CONTEXT(2) 
PARAMETRIC_REPRESENTATION_CONTEXT() REPRESENTATION_CONTEXT('2D SPACE',''
  ) );
#1648 = ORIENTED_EDGE('',*,*,#1649,.T.);
#1649 = EDGE_CURVE('',#1612,#1650,#1652,.T.);
#1650 = VERTEX_POINT('',#1651);
#1651 = CARTESIAN_POINT('',(12.1,0.,9.999969284531));
#1652 = SURFACE_CURVE('',#1653,(#1659,#1668),.PCURVE_S1.);
#1653 = B_SPLINE_CURVE_WITH_KNOTS('',4,(#1654,#1655,#1656,#1657,#1658),
  .UNSPECIFIED.,.F.,.F.,(5,5),(0.,1.),.PIECEWISE_BEZIER_KNOTS.);
#1654 = CARTESIAN_POINT('',(11.146438691133,-4.708172620435,
    9.840980522687));
#1655 = CARTESIAN_POINT('',(11.616873441288,-3.594434267625,
    9.880720954274));
#1656 = CARTESIAN_POINT('',(11.938929835892,-2.418129912596,
    9.920456087857));
#1657 = CARTESIAN_POINT('',(12.099999322245,-1.208759138484,
    9.960217320798));
#1658 = CARTESIAN_POINT('',(12.099999323506,1.135092020377E-12,
    9.999968687627));
#1659 = PCURVE('',#179,#1660);
#1660 = DEFINITIONAL_REPRESENTATION('',(#1661),#1667);
#1661 = B_SPLINE_CURVE_WITH_KNOTS('',4,(#1662,#1663,#1664,#1665,#1666),
  .UNSPECIFIED.,.F.,.F.,(5,5),(0.,1.),.PIECEWISE_BEZIER_KNOTS.);
#1662 = CARTESIAN_POINT('',(1.360294085851,33.381261386237));
#1663 = CARTESIAN_POINT('',(1.36026957932,33.488799600877));
#1664 = CARTESIAN_POINT('',(1.360246488111,33.596320896872));
#1665 = CARTESIAN_POINT('',(1.360239952104,33.703883377895));
#1666 = CARTESIAN_POINT('',(1.360245154977,33.811398031048));
#1667 = ( GEOMETRIC_REPRESENTATION_CONTEXT(2) 
PARAMETRIC_REPRESENTATION_CONTEXT() REPRESENTATION_CONTEXT('2D SPACE',''
  ) );
#1668 = PCURVE('',#1669,#1674);
#1669 = CYLINDRICAL_SURFACE('',#1670,12.1);
#1670 = AXIS2_PLACEMENT_3D('',#1671,#1672,#1673);
#1671 = CARTESIAN_POINT('',(0.,0.,0.));
#1672 = DIRECTION('',(-0.,-0.,-1.));
#1673 = DIRECTION('',(1.,0.,0.));
#1674 = DEFINITIONAL_REPRESENTATION('',(#1675),#1681);
#1675 = B_SPLINE_CURVE_WITH_KNOTS('',4,(#1676,#1677,#1678,#1679,#1680),
  .UNSPECIFIED.,.F.,.F.,(5,5),(8.499078465651E-03,1.),
  .PIECEWISE_BEZIER_KNOTS.);
#1676 = CARTESIAN_POINT('',(-5.886922152173,-9.842331548653));
#1677 = CARTESIAN_POINT('',(-5.985991296057,-9.881734095963));
#1678 = CARTESIAN_POINT('',(-6.0850455467,-9.921131954821));
#1679 = CARTESIAN_POINT('',(-6.18413689398,-9.960555170784));
#1680 = CARTESIAN_POINT('',(-6.28318530718,-9.999968687627));
#1681 = ( GEOMETRIC_REPRESENTATION_CONTEXT(2) 
PARAMETRIC_REPRESENTATION_CONTEXT() REPRESENTATION_CONTEXT('2D SPACE',''
  ) );
#1682 = ORIENTED_EDGE('',*,*,#1683,.T.);
#1683 = EDGE_CURVE('',#1650,#1684,#1686,.T.);
#1684 = VERTEX_POINT('',#1685);
#1685 = CARTESIAN_POINT('',(11.36094301144,4.164009352997,
    10.139783584169));
#1686 = SURFACE_CURVE('',#1687,(#1693,#1702),.PCURVE_S1.);
#1687 = B_SPLINE_CURVE_WITH_KNOTS('',4,(#1688,#1689,#1690,#1691,#1692),
  .UNSPECIFIED.,.F.,.F.,(5,5),(0.,1.),.PIECEWISE_BEZIER_KNOTS.);
#1688 = CARTESIAN_POINT('',(12.099999323506,1.13689875416E-12,
    9.999968687627));
#1689 = CARTESIAN_POINT('',(12.099999323506,1.081027615651,
    10.035519464639));
#1690 = CARTESIAN_POINT('',(11.971276405063,2.162068598596,
    10.071074979749));
#1691 = CARTESIAN_POINT('',(11.713535319363,3.220504221433,
    10.106654852323));
#1692 = CARTESIAN_POINT('',(11.335344547243,4.233196033579,
    10.142209358867));
#1693 = PCURVE('',#179,#1694);
#1694 = DEFINITIONAL_REPRESENTATION('',(#1695),#1701);
#1695 = B_SPLINE_CURVE_WITH_KNOTS('',4,(#1696,#1697,#1698,#1699,#1700),
  .UNSPECIFIED.,.F.,.F.,(5,5),(0.,1.),.PIECEWISE_BEZIER_KNOTS.);
#1696 = CARTESIAN_POINT('',(1.36024512168,33.811398033294));
#1697 = CARTESIAN_POINT('',(1.360249776261,33.907551440275));
#1698 = CARTESIAN_POINT('',(1.360264104753,34.003700348513));
#1699 = CARTESIAN_POINT('',(1.360281795957,34.09990910647));
#1700 = CARTESIAN_POINT('',(1.360294085851,34.196058897713));
#1701 = ( GEOMETRIC_REPRESENTATION_CONTEXT(2) 
PARAMETRIC_REPRESENTATION_CONTEXT() REPRESENTATION_CONTEXT('2D SPACE',''
  ) );
#1702 = PCURVE('',#1669,#1703);
#1703 = DEFINITIONAL_REPRESENTATION('',(#1704),#1710);
#1704 = B_SPLINE_CURVE_WITH_KNOTS('',4,(#1705,#1706,#1707,#1708,#1709),
  .UNSPECIFIED.,.F.,.F.,(5,5),(0.,0.982939652113),
  .PIECEWISE_BEZIER_KNOTS.);
#1705 = CARTESIAN_POINT('',(-6.28318530718,-9.999968687627));
#1706 = CARTESIAN_POINT('',(-6.371002241762,-10.03491295601));
#1707 = CARTESIAN_POINT('',(-6.458815696025,-10.06986180221));
#1708 = CARTESIAN_POINT('',(-6.546682730984,-10.10483385848));
#1709 = CARTESIAN_POINT('',(-6.63450052932,-10.13978302654));
#1710 = ( GEOMETRIC_REPRESENTATION_CONTEXT(2) 
PARAMETRIC_REPRESENTATION_CONTEXT() REPRESENTATION_CONTEXT('2D SPACE',''
  ) );
#1711 = ORIENTED_EDGE('',*,*,#1712,.F.);
#1712 = EDGE_CURVE('',#1713,#1684,#1715,.T.);
#1713 = VERTEX_POINT('',#1714);
#1714 = CARTESIAN_POINT('',(-11.38575174897,4.095689504278,
    11.11260651711));
#1715 = SURFACE_CURVE('',#1716,(#1739,#1790),.PCURVE_S1.);
#1716 = B_SPLINE_CURVE_WITH_KNOTS('',9,(#1717,#1718,#1719,#1720,#1721,
    #1722,#1723,#1724,#1725,#1726,#1727,#1728,#1729,#1730,#1731,#1732,
    #1733,#1734,#1735,#1736,#1737,#1738),.UNSPECIFIED.,.F.,.F.,(10,4,8,
    10),(36.8144322495,36.820897293436,38.133364664636,39.445832150585),
  .UNSPECIFIED.);
#1717 = CARTESIAN_POINT('',(-11.38575174897,4.095689504278,
    11.11260651711));
#1718 = CARTESIAN_POINT('',(-11.38301798615,4.103288977148,
    11.112340948991));
#1719 = CARTESIAN_POINT('',(-11.3802785171,4.110886397343,
    11.112075380871));
#1720 = CARTESIAN_POINT('',(-11.37753334361,4.118481759967,
    11.111809812751));
#1721 = CARTESIAN_POINT('',(-11.37478246742,4.126075060122,
    11.111544244631));
#1722 = CARTESIAN_POINT('',(-10.81241368384,5.674761054988,
    11.057365741523));
#1723 = CARTESIAN_POINT('',(-10.01284678568,7.13719974654,
    11.003187224213));
#1724 = CARTESIAN_POINT('',(-8.991217755569,8.471862025244,
    10.949008685035));
#1725 = CARTESIAN_POINT('',(-7.771146482659,9.64031246787,
    10.894832094867));
#1726 = CARTESIAN_POINT('',(-6.383955470175,10.609299490765,
    10.84065164176));
#1727 = CARTESIAN_POINT('',(-4.875130495873,11.350152815839,
    10.786738763307));
#1728 = CARTESIAN_POINT('',(-3.279177275294,11.849985837358,
    10.732825986822));
#1729 = CARTESIAN_POINT('',(-1.639524891044,12.099999766442,
    10.678913233027));
#1730 = CARTESIAN_POINT('',(1.639524915419,12.099999782562,
    10.571086792875));
#1731 = CARTESIAN_POINT('',(3.279177445495,11.849985825882,
    10.517174034366));
#1732 = CARTESIAN_POINT('',(4.875130802883,11.35015273267,
    10.463261253168));
#1733 = CARTESIAN_POINT('',(6.383955893534,10.60929929444,10.40934837));
#1734 = CARTESIAN_POINT('',(7.764345495052,9.645062449556,
    10.355435419693));
#1735 = CARTESIAN_POINT('',(8.979253379075,8.483311560198,
    10.301522446726));
#1736 = CARTESIAN_POINT('',(9.997809804956,7.156813490631,
    10.247609478216));
#1737 = CARTESIAN_POINT('',(10.796705156812,5.703415594963,
    10.193696524147));
#1738 = CARTESIAN_POINT('',(11.36094301144,4.164009352997,
    10.139783584169));
#1739 = PCURVE('',#179,#1740);
#1740 = DEFINITIONAL_REPRESENTATION('',(#1741),#1789);
#1741 = B_SPLINE_CURVE_WITH_KNOTS('',3,(#1742,#1743,#1744,#1745,#1746,
    #1747,#1748,#1749,#1750,#1751,#1752,#1753,#1754,#1755,#1756,#1757,
    #1758,#1759,#1760,#1761,#1762,#1763,#1764,#1765,#1766,#1767,#1768,
    #1769,#1770,#1771,#1772,#1773,#1774,#1775,#1776,#1777,#1778,#1779,
    #1780,#1781,#1782,#1783,#1784,#1785,#1786,#1787,#1788),
  .UNSPECIFIED.,.F.,.F.,(4,1,1,1,1,1,1,1,1,1,1,1,1,1,1,1,1,1,1,1,1,1,1,1
    ,1,1,1,1,1,1,1,1,1,1,1,1,1,1,1,1,1,1,1,1,4),(36.8144322495,
    36.874236792707,36.934041335913,36.99384587912,37.053650422326,
    37.113454965533,37.173259508739,37.233064051946,37.292868595152,
    37.352673138359,37.412477681565,37.472282224772,37.532086767978,
    37.591891311185,37.651695854391,37.711500397597,37.771304940804,
    37.83110948401,37.890914027217,37.950718570423,38.01052311363,
    38.070327656836,38.130132200043,38.189936743249,38.249741286456,
    38.309545829662,38.369350372869,38.429154916075,38.488959459282,
    38.548764002488,38.608568545695,38.668373088901,38.728177632108,
    38.787982175314,38.847786718521,38.907591261727,38.967395804934,
    39.02720034814,39.087004891347,39.146809434553,39.20661397776,
    39.266418520966,39.326223064172,39.386027607379,39.445832150585),
  .QUASI_UNIFORM_KNOTS.);
#1742 = CARTESIAN_POINT('',(1.360294085851,36.820897293436));
#1743 = CARTESIAN_POINT('',(1.360294084973,36.800962445732));
#1744 = CARTESIAN_POINT('',(1.36029408601,36.761092750181));
#1745 = CARTESIAN_POINT('',(1.360294090884,36.701288207356));
#1746 = CARTESIAN_POINT('',(1.360294128943,36.641483665933));
#1747 = CARTESIAN_POINT('',(1.360294107813,36.581679126899));
#1748 = CARTESIAN_POINT('',(1.360294154275,36.52187459009));
#1749 = CARTESIAN_POINT('',(1.360294141454,36.462070055105));
#1750 = CARTESIAN_POINT('',(1.360294144659,36.402265520568));
#1751 = CARTESIAN_POINT('',(1.360294143716,36.342460985059));
#1752 = CARTESIAN_POINT('',(1.360294144004,36.282656447227));
#1753 = CARTESIAN_POINT('',(1.360294144179,36.222851906164));
#1754 = CARTESIAN_POINT('',(1.360294144241,36.163047361569));
#1755 = CARTESIAN_POINT('',(1.360294145544,36.103242813789));
#1756 = CARTESIAN_POINT('',(1.360294142685,36.043438263723));
#1757 = CARTESIAN_POINT('',(1.360294155943,35.983633712533));
#1758 = CARTESIAN_POINT('',(1.360294109634,35.923829161618));
#1759 = CARTESIAN_POINT('',(1.360294119988,35.864024611767));
#1760 = CARTESIAN_POINT('',(1.360294124881,35.804220063706));
#1761 = CARTESIAN_POINT('',(1.360294094956,35.744415517596));
#1762 = CARTESIAN_POINT('',(1.360294089051,35.68461097299));
#1763 = CARTESIAN_POINT('',(1.360294085899,35.624806429349));
#1764 = CARTESIAN_POINT('',(1.360294085874,35.565001886096));
#1765 = CARTESIAN_POINT('',(1.360294085844,35.505197342895));
#1766 = CARTESIAN_POINT('',(1.360294085852,35.445392799687));
#1767 = CARTESIAN_POINT('',(1.36029408585,35.385588256481));
#1768 = CARTESIAN_POINT('',(1.360294085851,35.325783713274));
#1769 = CARTESIAN_POINT('',(1.360294085851,35.265979170068));
#1770 = CARTESIAN_POINT('',(1.360294085851,35.206174626861));
#1771 = CARTESIAN_POINT('',(1.360294085851,35.146370083655));
#1772 = CARTESIAN_POINT('',(1.360294085851,35.086565540448));
#1773 = CARTESIAN_POINT('',(1.360294085851,35.026760997242));
#1774 = CARTESIAN_POINT('',(1.360294085851,34.966956454035));
#1775 = CARTESIAN_POINT('',(1.360294085851,34.907151910829));
#1776 = CARTESIAN_POINT('',(1.360294085851,34.847347367622));
#1777 = CARTESIAN_POINT('',(1.360294085851,34.787542824416));
#1778 = CARTESIAN_POINT('',(1.360294085851,34.727738281209));
#1779 = CARTESIAN_POINT('',(1.360294085851,34.667933738003));
#1780 = CARTESIAN_POINT('',(1.360294085851,34.608129194796));
#1781 = CARTESIAN_POINT('',(1.360294085851,34.54832465159));
#1782 = CARTESIAN_POINT('',(1.360294085851,34.488520108383));
#1783 = CARTESIAN_POINT('',(1.360294085851,34.428715565177));
#1784 = CARTESIAN_POINT('',(1.360294085851,34.36891102197));
#1785 = CARTESIAN_POINT('',(1.360294085851,34.309106478764));
#1786 = CARTESIAN_POINT('',(1.360294085851,34.249301935557));
#1787 = CARTESIAN_POINT('',(1.360294085851,34.209432240086));
#1788 = CARTESIAN_POINT('',(1.360294085851,34.189497392351));
#1789 = ( GEOMETRIC_REPRESENTATION_CONTEXT(2) 
PARAMETRIC_REPRESENTATION_CONTEXT() REPRESENTATION_CONTEXT('2D SPACE',''
  ) );
#1790 = PCURVE('',#531,#1791);
#1791 = DEFINITIONAL_REPRESENTATION('',(#1792),#1840);
#1792 = B_SPLINE_CURVE_WITH_KNOTS('',3,(#1793,#1794,#1795,#1796,#1797,
    #1798,#1799,#1800,#1801,#1802,#1803,#1804,#1805,#1806,#1807,#1808,
    #1809,#1810,#1811,#1812,#1813,#1814,#1815,#1816,#1817,#1818,#1819,
    #1820,#1821,#1822,#1823,#1824,#1825,#1826,#1827,#1828,#1829,#1830,
    #1831,#1832,#1833,#1834,#1835,#1836,#1837,#1838,#1839),
  .UNSPECIFIED.,.F.,.F.,(4,1,1,1,1,1,1,1,1,1,1,1,1,1,1,1,1,1,1,1,1,1,1,1
    ,1,1,1,1,1,1,1,1,1,1,1,1,1,1,1,1,1,1,1,1,4),(36.8144322495,
    36.874236792707,36.934041335913,36.99384587912,37.053650422326,
    37.113454965533,37.173259508739,37.233064051946,37.292868595152,
    37.352673138359,37.412477681565,37.472282224772,37.532086767978,
    37.591891311185,37.651695854391,37.711500397597,37.771304940804,
    37.83110948401,37.890914027217,37.950718570423,38.01052311363,
    38.070327656836,38.130132200043,38.189936743249,38.249741286456,
    38.309545829662,38.369350372869,38.429154916075,38.488959459282,
    38.548764002488,38.608568545695,38.668373088901,38.728177632108,
    38.787982175314,38.847786718521,38.907591261727,38.967395804934,
    39.02720034814,39.087004891347,39.146809434553,39.20661397776,
    39.266418520966,39.326223064172,39.386027607379,39.445832150585),
  .QUASI_UNIFORM_KNOTS.);
#1793 = CARTESIAN_POINT('',(0.,36.820897293436));
#1794 = CARTESIAN_POINT('',(1.257477551125E-10,36.80096244573));
#1795 = CARTESIAN_POINT('',(-1.005750442664E-10,36.761092750182));
#1796 = CARTESIAN_POINT('',(4.959224791388E-10,36.701288207364));
#1797 = CARTESIAN_POINT('',(3.986533924965E-09,36.641483666009));
#1798 = CARTESIAN_POINT('',(1.376895707284E-08,36.581679126913));
#1799 = CARTESIAN_POINT('',(3.241021594854E-08,36.521874590161));
#1800 = CARTESIAN_POINT('',(6.049219396283E-08,36.462070055095));
#1801 = CARTESIAN_POINT('',(9.589171450565E-08,36.402265520497));
#1802 = CARTESIAN_POINT('',(1.339890157616E-07,36.342460984912));
#1803 = CARTESIAN_POINT('',(1.686259116489E-07,36.282656447014));
#1804 = CARTESIAN_POINT('',(1.935473003915E-07,36.222851905902));
#1805 = CARTESIAN_POINT('',(2.039298939175E-07,36.163047361288));
#1806 = CARTESIAN_POINT('',(1.976019290451E-07,36.103242813523));
#1807 = CARTESIAN_POINT('',(1.756365975561E-07,36.043438263493));
#1808 = CARTESIAN_POINT('',(1.421502896345E-07,35.983633712394));
#1809 = CARTESIAN_POINT('',(1.033264996566E-07,35.923829161462));
#1810 = CARTESIAN_POINT('',(6.58846210674E-08,35.864024611705));
#1811 = CARTESIAN_POINT('',(3.53801850095E-08,35.804220063713));
#1812 = CARTESIAN_POINT('',(1.482244865477E-08,35.744415517585));
#1813 = CARTESIAN_POINT('',(4.081157397558E-09,35.684610972988));
#1814 = CARTESIAN_POINT('',(3.970924828515E-10,35.624806429348));
#1815 = CARTESIAN_POINT('',(-3.765132771357E-11,35.565001886096));
#1816 = CARTESIAN_POINT('',(1.009040129102E-11,35.505197342895));
#1817 = CARTESIAN_POINT('',(-2.652883598578E-12,35.445392799687));
#1818 = CARTESIAN_POINT('',(7.622236258208E-13,35.385588256481));
#1819 = CARTESIAN_POINT('',(-1.552173767207E-13,35.325783713274));
#1820 = CARTESIAN_POINT('',(8.34070487729E-14,35.265979170068));
#1821 = CARTESIAN_POINT('',(1.602350002385E-14,35.206174626861));
#1822 = CARTESIAN_POINT('',(3.160382865259E-14,35.146370083655));
#1823 = CARTESIAN_POINT('',(2.552165856524E-14,35.086565540448));
#1824 = CARTESIAN_POINT('',(2.081794424123E-14,35.026760997242));
#1825 = CARTESIAN_POINT('',(2.530079559671E-14,34.966956454035));
#1826 = CARTESIAN_POINT('',(2.363068335577E-14,34.907151910829));
#1827 = CARTESIAN_POINT('',(1.186722004186E-14,34.847347367622));
#1828 = CARTESIAN_POINT('',(2.90291890811E-14,34.787542824416));
#1829 = CARTESIAN_POINT('',(5.552559811312E-15,34.727738281209));
#1830 = CARTESIAN_POINT('',(1.454827722331E-14,34.667933738003));
#1831 = CARTESIAN_POINT('',(1.348453684817E-14,34.608129194796));
#1832 = CARTESIAN_POINT('',(8.161154273463E-15,34.54832465159));
#1833 = CARTESIAN_POINT('',(1.046666549687E-14,34.488520108383));
#1834 = CARTESIAN_POINT('',(8.368252413231E-15,34.428715565177));
#1835 = CARTESIAN_POINT('',(2.137359924167E-15,34.36891102197));
#1836 = CARTESIAN_POINT('',(5.397431685982E-16,34.309106478764));
#1837 = CARTESIAN_POINT('',(1.322634772753E-15,34.249301935557));
#1838 = CARTESIAN_POINT('',(9.553769374489E-16,34.209432240086));
#1839 = CARTESIAN_POINT('',(0.,34.189497392351));
#1840 = ( GEOMETRIC_REPRESENTATION_CONTEXT(2) 
PARAMETRIC_REPRESENTATION_CONTEXT() REPRESENTATION_CONTEXT('2D SPACE',''
  ) );
#1841 = ORIENTED_EDGE('',*,*,#1842,.T.);
#1842 = EDGE_CURVE('',#1713,#1843,#1845,.T.);
#1843 = VERTEX_POINT('',#1844);
#1844 = CARTESIAN_POINT('',(-11.17824621608,-4.632151406912,
    11.406309666468));
#1845 = SURFACE_CURVE('',#1846,(#1856,#1869),.PCURVE_S1.);
#1846 = B_SPLINE_CURVE_WITH_KNOTS('',8,(#1847,#1848,#1849,#1850,#1851,
    #1852,#1853,#1854,#1855),.UNSPECIFIED.,.F.,.F.,(9,9),(0.,1.),
  .PIECEWISE_BEZIER_KNOTS.);
#1847 = CARTESIAN_POINT('',(-11.38575174889,4.095689504513,
    11.112606517102));
#1848 = CARTESIAN_POINT('',(-11.76358497471,3.045337652568,
    11.149302888343));
#1849 = CARTESIAN_POINT('',(-12.03091435387,1.954497014164,
    11.186019397128));
#1850 = CARTESIAN_POINT('',(-12.18225471581,0.837663659115,
    11.222725380954));
#1851 = CARTESIAN_POINT('',(-12.2150267489,-0.290679371164,
    11.259426490655));
#1852 = CARTESIAN_POINT('',(-12.12859471313,-1.416101327485,
    11.296133593355));
#1853 = CARTESIAN_POINT('',(-11.92434376624,-2.524264143772,
    11.332854339591));
#1854 = CARTESIAN_POINT('',(-11.60556803633,-3.600944131632,
    11.369588972154));
#1855 = CARTESIAN_POINT('',(-11.17824621605,-4.632151406991,
    11.406309666471));
#1856 = PCURVE('',#179,#1857);
#1857 = DEFINITIONAL_REPRESENTATION('',(#1858),#1868);
#1858 = B_SPLINE_CURVE_WITH_KNOTS('',8,(#1859,#1860,#1861,#1862,#1863,
    #1864,#1865,#1866,#1867),.UNSPECIFIED.,.F.,.F.,(9,9),(0.,1.),
  .PIECEWISE_BEZIER_KNOTS.);
#1859 = CARTESIAN_POINT('',(1.360294085851,36.820897293414));
#1860 = CARTESIAN_POINT('',(1.360280958582,36.920181216667));
#1861 = CARTESIAN_POINT('',(1.360263701828,37.019527018363));
#1862 = CARTESIAN_POINT('',(1.36024625201,37.118844713878));
#1863 = CARTESIAN_POINT('',(1.360235365068,37.218137490266));
#1864 = CARTESIAN_POINT('',(1.360237139827,37.317423817146));
#1865 = CARTESIAN_POINT('',(1.36025078599,37.416725795073));
#1866 = CARTESIAN_POINT('',(1.360271620725,37.516052457524));
#1867 = CARTESIAN_POINT('',(1.360294085851,37.615338488561));
#1868 = ( GEOMETRIC_REPRESENTATION_CONTEXT(2) 
PARAMETRIC_REPRESENTATION_CONTEXT() REPRESENTATION_CONTEXT('2D SPACE',''
  ) );
#1869 = PCURVE('',#1870,#1875);
#1870 = CYLINDRICAL_SURFACE('',#1871,12.1);
#1871 = AXIS2_PLACEMENT_3D('',#1872,#1873,#1874);
#1872 = CARTESIAN_POINT('',(0.,0.,0.));
#1873 = DIRECTION('',(-0.,-0.,-1.));
#1874 = DIRECTION('',(1.,0.,0.));
#1875 = DEFINITIONAL_REPRESENTATION('',(#1876),#1886);
#1876 = B_SPLINE_CURVE_WITH_KNOTS('',8,(#1877,#1878,#1879,#1880,#1881,
    #1882,#1883,#1884,#1885),.UNSPECIFIED.,.F.,.F.,(9,9),(0.,1.),
  .PIECEWISE_BEZIER_KNOTS.);
#1877 = CARTESIAN_POINT('',(-2.796284416102,-11.1126065171));
#1878 = CARTESIAN_POINT('',(-2.888535849079,-11.14930288834));
#1879 = CARTESIAN_POINT('',(-2.98084465045,-11.18601939712));
#1880 = CARTESIAN_POINT('',(-3.073126758789,-11.22272538095));
#1881 = CARTESIAN_POINT('',(-3.165384868543,-11.25942649065));
#1882 = CARTESIAN_POINT('',(-3.257636338557,-11.29613359335));
#1883 = CARTESIAN_POINT('',(-3.349902126889,-11.33285433959));
#1884 = CARTESIAN_POINT('',(-3.442190926735,-11.36958897215));
#1885 = CARTESIAN_POINT('',(-3.53444219029,-11.40630966647));
#1886 = ( GEOMETRIC_REPRESENTATION_CONTEXT(2) 
PARAMETRIC_REPRESENTATION_CONTEXT() REPRESENTATION_CONTEXT('2D SPACE',''
  ) );
#1887 = ORIENTED_EDGE('',*,*,#1888,.F.);
#1888 = EDGE_CURVE('',#1889,#1843,#1891,.T.);
#1889 = VERTEX_POINT('',#1890);
#1890 = CARTESIAN_POINT('',(-11.17824628458,4.632151241626,
    13.593690366118));
#1891 = SURFACE_CURVE('',#1892,(#1928,#2001),.PCURVE_S1.);
#1892 = B_SPLINE_CURVE_WITH_KNOTS('',9,(#1893,#1894,#1895,#1896,#1897,
    #1898,#1899,#1900,#1901,#1902,#1903,#1904,#1905,#1906,#1907,#1908,
    #1909,#1910,#1911,#1912,#1913,#1914,#1915,#1916,#1917,#1918,#1919,
    #1920,#1921,#1922,#1923,#1924,#1925,#1926,#1927),.UNSPECIFIED.,.F.,
  .F.,(10,5,2,8,7,3,10),(43.528335826633,43.532009810037,45.174204768525
    ,46.486671238968,46.486671244259,49.441332131995,49.445006895461),
  .UNSPECIFIED.);
#1893 = CARTESIAN_POINT('',(-11.17824628458,4.632151241626,
    13.593690366118));
#1894 = CARTESIAN_POINT('',(-11.17648926176,4.636391084731,
    13.593539447928));
#1895 = CARTESIAN_POINT('',(-11.17473042975,4.640630178103,
    13.593388529737));
#1896 = CARTESIAN_POINT('',(-11.1729697889,4.644868520862,
    13.593237611546));
#1897 = CARTESIAN_POINT('',(-11.17120733958,4.649106112126,
    13.593086693355));
#1898 = CARTESIAN_POINT('',(-11.16944308215,4.653342951012,
    13.592935775164));
#1899 = CARTESIAN_POINT('',(-10.37828224272,6.551022118832,
    13.525327531936));
#1900 = CARTESIAN_POINT('',(-9.224408826596,8.297356253402,
    13.457719274336));
#1901 = CARTESIAN_POINT('',(-6.557968892359,11.021863271247,
    13.336197814466));
#1902 = CARTESIAN_POINT('',(-2.998863995491,12.772885319767,
    13.214679203647));
#1903 = CARTESIAN_POINT('',(1.036407283714,13.225482016254,
    13.093296086825));
#1904 = CARTESIAN_POINT('',(5.011008091316,12.261747252691,
    12.971944298727));
#1905 = CARTESIAN_POINT('',(8.378017672503,10.023312524926,
    12.850546587296));
#1906 = CARTESIAN_POINT('',(10.724744251153,6.872033347616,
    12.729238486546));
#1907 = CARTESIAN_POINT('',(11.849986084877,3.279175652006,
    12.607825933447));
#1908 = CARTESIAN_POINT('',(12.099999766442,1.639524079462,
    12.55391320634));
#1909 = CARTESIAN_POINT('',(12.099999774502,5.287566118284E-08,
    12.50000001509));
#1910 = CARTESIAN_POINT('',(12.099999774502,4.626634213243E-08,
    12.500000014873));
#1911 = CARTESIAN_POINT('',(12.099999774502,3.965702308201E-08,
    12.500000014656));
#1912 = CARTESIAN_POINT('',(12.099999774502,3.304770403159E-08,
    12.500000014438));
#1913 = CARTESIAN_POINT('',(12.099999774502,2.643838498118E-08,
    12.500000014221));
#1914 = CARTESIAN_POINT('',(12.099999774502,1.982906593076E-08,
    12.500000014004));
#1915 = CARTESIAN_POINT('',(12.099999774502,1.321974688033E-08,
    12.500000013786));
#1916 = CARTESIAN_POINT('',(12.099999916282,-3.690941220741,
    12.378629268814));
#1917 = CARTESIAN_POINT('',(10.832924408816,-7.382528850053,
    12.257260671581));
#1918 = CARTESIAN_POINT('',(8.300996524457,-10.57473264867,
    12.13588897555));
#1919 = CARTESIAN_POINT('',(4.722985625803,-12.78047536606,
    12.014368039266));
#1920 = CARTESIAN_POINT('',(0.559629131686,-13.6137048334,
    11.892847230562));
#1921 = CARTESIAN_POINT('',(-3.590356708449,-12.9577000202,
    11.771326028083));
#1922 = CARTESIAN_POINT('',(-7.162362888384,-10.98137293461,
    11.649804851981));
#1923 = CARTESIAN_POINT('',(-9.753822217072,-8.057030463307,
    11.528283660851));
#1924 = CARTESIAN_POINT('',(-11.17296859875,-4.644871385738,
    11.40676251717));
#1925 = CARTESIAN_POINT('',(-11.17472961425,-4.640632143434,
    11.406611566936));
#1926 = CARTESIAN_POINT('',(-11.17648882015,-4.636392150198,
    11.406460616702));
#1927 = CARTESIAN_POINT('',(-11.17824621608,-4.632151406912,
    11.406309666468));
#1928 = PCURVE('',#179,#1929);
#1929 = DEFINITIONAL_REPRESENTATION('',(#1930),#2000);
#1930 = B_SPLINE_CURVE_WITH_KNOTS('',3,(#1931,#1932,#1933,#1934,#1935,
    #1936,#1937,#1938,#1939,#1940,#1941,#1942,#1943,#1944,#1945,#1946,
    #1947,#1948,#1949,#1950,#1951,#1952,#1953,#1954,#1955,#1956,#1957,
    #1958,#1959,#1960,#1961,#1962,#1963,#1964,#1965,#1966,#1967,#1968,
    #1969,#1970,#1971,#1972,#1973,#1974,#1975,#1976,#1977,#1978,#1979,
    #1980,#1981,#1982,#1983,#1984,#1985,#1986,#1987,#1988,#1989,#1990,
    #1991,#1992,#1993,#1994,#1995,#1996,#1997,#1998,#1999),
  .UNSPECIFIED.,.F.,.F.,(4,1,1,1,1,1,1,1,1,1,1,1,1,1,1,1,1,1,1,1,1,1,1,1
    ,1,1,1,1,1,1,1,1,1,1,1,1,1,1,1,1,1,1,1,1,1,1,1,1,1,1,1,1,1,1,1,1,1,1
    ,1,1,1,1,1,1,1,1,4),(43.528335826633,43.617982357979,43.707628889325
    ,43.797275420671,43.886921952017,43.976568483362,44.066215014708,
    44.155861546054,44.2455080774,44.335154608746,44.424801140092,
    44.514447671438,44.604094202784,44.693740734129,44.783387265475,
    44.873033796821,44.962680328167,45.052326859513,45.141973390859,
    45.231619922205,45.321266453551,45.410912984896,45.500559516242,
    45.590206047588,45.679852578934,45.76949911028,45.859145641626,
    45.948792172972,46.038438704318,46.128085235663,46.217731767009,
    46.307378298355,46.397024829701,46.486671361047,46.576317892393,
    46.665964423739,46.755610955085,46.84525748643,46.934904017776,
    47.024550549122,47.114197080468,47.203843611814,47.29349014316,
    47.383136674506,47.472783205852,47.562429737197,47.652076268543,
    47.741722799889,47.831369331235,47.921015862581,48.010662393927,
    48.100308925273,48.189955456619,48.279601987964,48.36924851931,
    48.458895050656,48.548541582002,48.638188113348,48.727834644694,
    48.81748117604,48.907127707386,48.996774238731,49.086420770077,
    49.176067301423,49.265713832769,49.355360364115,49.445006895461),
  .QUASI_UNIFORM_KNOTS.);
#1931 = CARTESIAN_POINT('',(1.360294085851,43.532009810037));
#1932 = CARTESIAN_POINT('',(1.360294086012,43.502127632922));
#1933 = CARTESIAN_POINT('',(1.360294085381,43.442363278694));
#1934 = CARTESIAN_POINT('',(1.360294082734,43.352716747353));
#1935 = CARTESIAN_POINT('',(1.360294081123,43.263070216003));
#1936 = CARTESIAN_POINT('',(1.360294077773,43.173423684651));
#1937 = CARTESIAN_POINT('',(1.360294062728,43.083777153274));
#1938 = CARTESIAN_POINT('',(1.360294022349,42.994130621768));
#1939 = CARTESIAN_POINT('',(1.360293944096,42.904484089956));
#1940 = CARTESIAN_POINT('',(1.360293820876,42.814837557624));
#1941 = CARTESIAN_POINT('',(1.360293653795,42.725191024593));
#1942 = CARTESIAN_POINT('',(1.360293452973,42.635544490777));
#1943 = CARTESIAN_POINT('',(1.360293236612,42.545897956233));
#1944 = CARTESIAN_POINT('',(1.360293028843,42.45625142117));
#1945 = CARTESIAN_POINT('',(1.36029285731,42.366604885935));
#1946 = CARTESIAN_POINT('',(1.360292750463,42.276958350968));
#1947 = CARTESIAN_POINT('',(1.360292737875,42.187311816772));
#1948 = CARTESIAN_POINT('',(1.360292843453,42.097665283894));
#1949 = CARTESIAN_POINT('',(1.360293109681,42.008018752883));
#1950 = CARTESIAN_POINT('',(1.360293508668,41.918372224472));
#1951 = CARTESIAN_POINT('',(1.360294273588,41.828725698919));
#1952 = CARTESIAN_POINT('',(1.360294111448,41.739079179334));
#1953 = CARTESIAN_POINT('',(1.360294153826,41.649432663764));
#1954 = CARTESIAN_POINT('',(1.360294141742,41.559786152004));
#1955 = CARTESIAN_POINT('',(1.360294144574,41.47013964169));
#1956 = CARTESIAN_POINT('',(1.360294143728,41.380493128741));
#1957 = CARTESIAN_POINT('',(1.360294144177,41.290846607386));
#1958 = CARTESIAN_POINT('',(1.360294144614,41.201200071281));
#1959 = CARTESIAN_POINT('',(1.360294145324,41.111553515346));
#1960 = CARTESIAN_POINT('',(1.36029414653,41.021906938083));
#1961 = CARTESIAN_POINT('',(1.360294147142,40.932260343471));
#1962 = CARTESIAN_POINT('',(1.360294151417,40.84261374188));
#1963 = CARTESIAN_POINT('',(1.360294143585,40.752967147156));
#1964 = CARTESIAN_POINT('',(1.36029418268,40.663320575047));
#1965 = CARTESIAN_POINT('',(1.360294048616,40.573674019533));
#1966 = CARTESIAN_POINT('',(1.360294137958,40.484027494123));
#1967 = CARTESIAN_POINT('',(1.36029411402,40.394380961377));
#1968 = CARTESIAN_POINT('',(1.360294120432,40.304734430856));
#1969 = CARTESIAN_POINT('',(1.360294118719,40.21508789977));
#1970 = CARTESIAN_POINT('',(1.360294119159,40.125441368741));
#1971 = CARTESIAN_POINT('',(1.360294119113,40.035794837545));
#1972 = CARTESIAN_POINT('',(1.360294118856,39.946148306234));
#1973 = CARTESIAN_POINT('',(1.36029411993,39.856501774809));
#1974 = CARTESIAN_POINT('',(1.360294115891,39.766855243313));
#1975 = CARTESIAN_POINT('',(1.360294107424,39.677208711773));
#1976 = CARTESIAN_POINT('',(1.360294101464,39.587562180203));
#1977 = CARTESIAN_POINT('',(1.360294096175,39.497915648629));
#1978 = CARTESIAN_POINT('',(1.360294091939,39.408269117067));
#1979 = CARTESIAN_POINT('',(1.360294088478,39.318622585528));
#1980 = CARTESIAN_POINT('',(1.360294085671,39.228976054019));
#1981 = CARTESIAN_POINT('',(1.360294083367,39.139329522541));
#1982 = CARTESIAN_POINT('',(1.360294081455,39.049682991094));
#1983 = CARTESIAN_POINT('',(1.36029407986,38.960036459672));
#1984 = CARTESIAN_POINT('',(1.360294078544,38.870389928272));
#1985 = CARTESIAN_POINT('',(1.360294077504,38.780743396884));
#1986 = CARTESIAN_POINT('',(1.360294076761,38.691096865504));
#1987 = CARTESIAN_POINT('',(1.360294076351,38.601450334123));
#1988 = CARTESIAN_POINT('',(1.360294076315,38.511803802736));
#1989 = CARTESIAN_POINT('',(1.360294076681,38.42215727134));
#1990 = CARTESIAN_POINT('',(1.36029407745,38.332510739931));
#1991 = CARTESIAN_POINT('',(1.360294078587,38.24286420851));
#1992 = CARTESIAN_POINT('',(1.360294080009,38.153217677078));
#1993 = CARTESIAN_POINT('',(1.360294081586,38.063571145641));
#1994 = CARTESIAN_POINT('',(1.36029408314,37.973924614203));
#1995 = CARTESIAN_POINT('',(1.360294084474,37.884278082772));
#1996 = CARTESIAN_POINT('',(1.360294085412,37.794631551353));
#1997 = CARTESIAN_POINT('',(1.360294085831,37.704985019948));
#1998 = CARTESIAN_POINT('',(1.360294085875,37.645220665684));
#1999 = CARTESIAN_POINT('',(1.360294085851,37.615338488554));
#2000 = ( GEOMETRIC_REPRESENTATION_CONTEXT(2) 
PARAMETRIC_REPRESENTATION_CONTEXT() REPRESENTATION_CONTEXT('2D SPACE',''
  ) );
#2001 = PCURVE('',#531,#2002);
#2002 = DEFINITIONAL_REPRESENTATION('',(#2003),#2073);
#2003 = B_SPLINE_CURVE_WITH_KNOTS('',3,(#2004,#2005,#2006,#2007,#2008,
    #2009,#2010,#2011,#2012,#2013,#2014,#2015,#2016,#2017,#2018,#2019,
    #2020,#2021,#2022,#2023,#2024,#2025,#2026,#2027,#2028,#2029,#2030,
    #2031,#2032,#2033,#2034,#2035,#2036,#2037,#2038,#2039,#2040,#2041,
    #2042,#2043,#2044,#2045,#2046,#2047,#2048,#2049,#2050,#2051,#2052,
    #2053,#2054,#2055,#2056,#2057,#2058,#2059,#2060,#2061,#2062,#2063,
    #2064,#2065,#2066,#2067,#2068,#2069,#2070,#2071,#2072),
  .UNSPECIFIED.,.F.,.F.,(4,1,1,1,1,1,1,1,1,1,1,1,1,1,1,1,1,1,1,1,1,1,1,1
    ,1,1,1,1,1,1,1,1,1,1,1,1,1,1,1,1,1,1,1,1,1,1,1,1,1,1,1,1,1,1,1,1,1,1
    ,1,1,1,1,1,1,1,1,4),(43.528335826633,43.617982357979,43.707628889325
    ,43.797275420671,43.886921952017,43.976568483362,44.066215014708,
    44.155861546054,44.2455080774,44.335154608746,44.424801140092,
    44.514447671438,44.604094202784,44.693740734129,44.783387265475,
    44.873033796821,44.962680328167,45.052326859513,45.141973390859,
    45.231619922205,45.321266453551,45.410912984896,45.500559516242,
    45.590206047588,45.679852578934,45.76949911028,45.859145641626,
    45.948792172972,46.038438704318,46.128085235663,46.217731767009,
    46.307378298355,46.397024829701,46.486671361047,46.576317892393,
    46.665964423739,46.755610955085,46.84525748643,46.934904017776,
    47.024550549122,47.114197080468,47.203843611814,47.29349014316,
    47.383136674506,47.472783205852,47.562429737197,47.652076268543,
    47.741722799889,47.831369331235,47.921015862581,48.010662393927,
    48.100308925273,48.189955456619,48.279601987964,48.36924851931,
    48.458895050656,48.548541582002,48.638188113348,48.727834644694,
    48.81748117604,48.907127707386,48.996774238731,49.086420770077,
    49.176067301423,49.265713832769,49.355360364115,49.445006895461),
  .QUASI_UNIFORM_KNOTS.);
#2004 = CARTESIAN_POINT('',(0.,43.532009810037));
#2005 = CARTESIAN_POINT('',(1.010455393333E-10,43.502127632922));
#2006 = CARTESIAN_POINT('',(-3.318072513438E-10,43.442363278694));
#2007 = CARTESIAN_POINT('',(-2.083779273153E-09,43.352716747351));
#2008 = CARTESIAN_POINT('',(-3.320594525747E-09,43.263070216));
#2009 = CARTESIAN_POINT('',(-5.279391318818E-09,43.173423684646));
#2010 = CARTESIAN_POINT('',(-1.791499927603E-08,43.083777153264));
#2011 = CARTESIAN_POINT('',(-3.969852149344E-08,42.994130621722));
#2012 = CARTESIAN_POINT('',(-2.26563677796E-08,42.904484089724));
#2013 = CARTESIAN_POINT('',(-6.904146041753E-08,42.814837557246));
#2014 = CARTESIAN_POINT('',(-5.778011530629E-08,42.725191023869));
#2015 = CARTESIAN_POINT('',(-6.234268109802E-08,42.635544489674));
#2016 = CARTESIAN_POINT('',(-6.30213975456E-08,42.545897954714));
#2017 = CARTESIAN_POINT('',(-6.533510281122E-08,42.456251419254));
#2018 = CARTESIAN_POINT('',(-6.712278037052E-08,42.36660488369));
#2019 = CARTESIAN_POINT('',(-7.177552915586E-08,42.276958348525));
#2020 = CARTESIAN_POINT('',(-6.823013859205E-08,42.187311814297));
#2021 = CARTESIAN_POINT('',(-6.539241749536E-08,42.097665281618));
#2022 = CARTESIAN_POINT('',(-6.54334369664E-08,42.008018751122));
#2023 = CARTESIAN_POINT('',(-5.573587715065E-08,41.918372223464));
#2024 = CARTESIAN_POINT('',(-8.431277578041E-08,41.828725699442));
#2025 = CARTESIAN_POINT('',(8.548068870661E-07,41.739079177732));
#2026 = CARTESIAN_POINT('',(1.851784713942E-06,41.649432660316));
#2027 = CARTESIAN_POINT('',(3.1445895028E-06,41.559786146033));
#2028 = CARTESIAN_POINT('',(4.597830968741E-06,41.470139632914));
#2029 = CARTESIAN_POINT('',(6.08436437393E-06,41.38049311709));
#2030 = CARTESIAN_POINT('',(7.37540878421E-06,41.290846593241));
#2031 = CARTESIAN_POINT('',(8.195329720225E-06,41.201200055554));
#2032 = CARTESIAN_POINT('',(8.274894199831E-06,41.111553499469));
#2033 = CARTESIAN_POINT('',(7.446163532143E-06,41.02190692381));
#2034 = CARTESIAN_POINT('',(5.749834201414E-06,40.932260332477));
#2035 = CARTESIAN_POINT('',(3.518336230616E-06,40.842613735205));
#2036 = CARTESIAN_POINT('',(1.38112818002E-06,40.752967144596));
#2037 = CARTESIAN_POINT('',(6.296437634219E-08,40.663320575113));
#2038 = CARTESIAN_POINT('',(-1.447787849084E-08,40.573674019489));
#2039 = CARTESIAN_POINT('',(-5.053067327235E-09,40.484027494234));
#2040 = CARTESIAN_POINT('',(-1.438054536166E-08,40.394380961459));
#2041 = CARTESIAN_POINT('',(-1.497839855528E-08,40.304734430951));
#2042 = CARTESIAN_POINT('',(-1.515657624481E-08,40.215087899863));
#2043 = CARTESIAN_POINT('',(-1.360849217845E-08,40.125441368831));
#2044 = CARTESIAN_POINT('',(-1.149021451946E-08,40.035794837631));
#2045 = CARTESIAN_POINT('',(-9.142799877452E-09,39.946148306315));
#2046 = CARTESIAN_POINT('',(-6.961434400844E-09,39.856501774888));
#2047 = CARTESIAN_POINT('',(-5.173073479796E-09,39.766855243381));
#2048 = CARTESIAN_POINT('',(-3.91708190429E-09,39.677208711822));
#2049 = CARTESIAN_POINT('',(-3.248488526449E-09,39.587562180239));
#2050 = CARTESIAN_POINT('',(-3.161552449867E-09,39.497915648655));
#2051 = CARTESIAN_POINT('',(-3.604719000463E-09,39.408269117085));
#2052 = CARTESIAN_POINT('',(-4.493964758732E-09,39.318622585542));
#2053 = CARTESIAN_POINT('',(-5.722488304355E-09,39.228976054029));
#2054 = CARTESIAN_POINT('',(-7.168369308168E-09,39.13932952255));
#2055 = CARTESIAN_POINT('',(-8.700578888577E-09,39.049682991102));
#2056 = CARTESIAN_POINT('',(-1.018483211752E-08,38.960036459681));
#2057 = CARTESIAN_POINT('',(-1.148964934216E-08,38.87038992828));
#2058 = CARTESIAN_POINT('',(-1.249343614686E-08,38.780743396892));
#2059 = CARTESIAN_POINT('',(-1.309248749739E-08,38.691096865511));
#2060 = CARTESIAN_POINT('',(-1.320987581573E-08,38.60145033413));
#2061 = CARTESIAN_POINT('',(-1.280418222266E-08,38.511803802743));
#2062 = CARTESIAN_POINT('',(-1.187751352967E-08,38.422157271345));
#2063 = CARTESIAN_POINT('',(-1.048100208395E-08,38.332510739935));
#2064 = CARTESIAN_POINT('',(-8.716726156155E-09,38.242864208513));
#2065 = CARTESIAN_POINT('',(-6.734113711008E-09,38.15321767708));
#2066 = CARTESIAN_POINT('',(-4.719622378725E-09,38.063571145642));
#2067 = CARTESIAN_POINT('',(-2.87715520781E-09,37.973924614204));
#2068 = CARTESIAN_POINT('',(-1.401284988411E-09,37.884278082772));
#2069 = CARTESIAN_POINT('',(-4.29023049211E-10,37.794631551353));
#2070 = CARTESIAN_POINT('',(-1.672723964107E-11,37.704985019948));
#2071 = CARTESIAN_POINT('',(1.985274592038E-11,37.645220665684));
#2072 = CARTESIAN_POINT('',(0.,37.615338488554));
#2073 = ( GEOMETRIC_REPRESENTATION_CONTEXT(2) 
PARAMETRIC_REPRESENTATION_CONTEXT() REPRESENTATION_CONTEXT('2D SPACE',''
  ) );
#2074 = ORIENTED_EDGE('',*,*,#2075,.T.);
#2075 = EDGE_CURVE('',#1889,#2076,#2078,.T.);
#2076 = VERTEX_POINT('',#2077);
#2077 = CARTESIAN_POINT('',(-11.38575167929,-4.095689697984,
    13.887393516362));
#2078 = SURFACE_CURVE('',#2079,(#2089,#2102),.PCURVE_S1.);
#2079 = B_SPLINE_CURVE_WITH_KNOTS('',8,(#2080,#2081,#2082,#2083,#2084,
    #2085,#2086,#2087,#2088),.UNSPECIFIED.,.F.,.F.,(9,9),(0.,1.),
  .PIECEWISE_BEZIER_KNOTS.);
#2080 = CARTESIAN_POINT('',(-11.17824628448,4.632151241861,
    13.59369036611));
#2081 = CARTESIAN_POINT('',(-11.60558816047,3.600895525254,
    13.630383056945));
#2082 = CARTESIAN_POINT('',(-11.92445013099,2.523977892578,
    13.667098425582));
#2083 = CARTESIAN_POINT('',(-12.12868164108,1.415614819466,
    13.703807003288));
#2084 = CARTESIAN_POINT('',(-12.21502813731,0.29014512317,
    13.740513089816));
#2085 = CARTESIAN_POINT('',(-12.18218066365,-0.838053937535,
    13.777224091604));
#2086 = CARTESIAN_POINT('',(-12.03084333404,-1.954616114826,
    13.813944901814));
#2087 = CARTESIAN_POINT('',(-11.76362791325,-3.045218342133,
    13.850675597218));
#2088 = CARTESIAN_POINT('',(-11.38575167942,-4.095689697629,
    13.88739351635));
#2089 = PCURVE('',#179,#2090);
#2090 = DEFINITIONAL_REPRESENTATION('',(#2091),#2101);
#2091 = B_SPLINE_CURVE_WITH_KNOTS('',8,(#2092,#2093,#2094,#2095,#2096,
    #2097,#2098,#2099,#2100),.UNSPECIFIED.,.F.,.F.,(9,9),(0.,1.),
  .PIECEWISE_BEZIER_KNOTS.);
#2092 = CARTESIAN_POINT('',(1.360294085851,43.532009810014));
#2093 = CARTESIAN_POINT('',(1.360271619671,43.631300504433));
#2094 = CARTESIAN_POINT('',(1.3602507802,43.730649640999));
#2095 = CARTESIAN_POINT('',(1.360237131601,43.82996755161));
#2096 = CARTESIAN_POINT('',(1.360235370436,43.929257457835));
#2097 = CARTESIAN_POINT('',(1.360246260917,44.028538017941));
#2098 = CARTESIAN_POINT('',(1.360263702353,44.127833375134));
#2099 = CARTESIAN_POINT('',(1.360280957089,44.227155787652));
#2100 = CARTESIAN_POINT('',(1.360294085851,44.326451007517));
#2101 = ( GEOMETRIC_REPRESENTATION_CONTEXT(2) 
PARAMETRIC_REPRESENTATION_CONTEXT() REPRESENTATION_CONTEXT('2D SPACE',''
  ) );
#2102 = PCURVE('',#2103,#2108);
#2103 = CYLINDRICAL_SURFACE('',#2104,12.1);
#2104 = AXIS2_PLACEMENT_3D('',#2105,#2106,#2107);
#2105 = CARTESIAN_POINT('',(0.,0.,0.));
#2106 = DIRECTION('',(-0.,-0.,-1.));
#2107 = DIRECTION('',(1.,0.,0.));
#2108 = DEFINITIONAL_REPRESENTATION('',(#2109),#2119);
#2109 = B_SPLINE_CURVE_WITH_KNOTS('',8,(#2110,#2111,#2112,#2113,#2114,
    #2115,#2116,#2117,#2118),.UNSPECIFIED.,.F.,.F.,(9,9),(0.,1.),
  .PIECEWISE_BEZIER_KNOTS.);
#2110 = CARTESIAN_POINT('',(-2.748743131662,-13.59369036611));
#2111 = CARTESIAN_POINT('',(-2.840998728181,-13.63038305694));
#2112 = CARTESIAN_POINT('',(-2.933308409762,-13.66709842558));
#2113 = CARTESIAN_POINT('',(-3.025589001712,-13.70380700328));
#2114 = CARTESIAN_POINT('',(-3.117843797594,-13.74051308981));
#2115 = CARTESIAN_POINT('',(-3.210090557507,-13.7772240916));
#2116 = CARTESIAN_POINT('',(-3.302351909755,-13.81394490181));
#2117 = CARTESIAN_POINT('',(-3.394638978612,-13.85067559721));
#2118 = CARTESIAN_POINT('',(-3.486900908039,-13.88739351635));
#2119 = ( GEOMETRIC_REPRESENTATION_CONTEXT(2) 
PARAMETRIC_REPRESENTATION_CONTEXT() REPRESENTATION_CONTEXT('2D SPACE',''
  ) );
#2120 = ORIENTED_EDGE('',*,*,#2121,.F.);
#2121 = EDGE_CURVE('',#2122,#2076,#2124,.T.);
#2122 = VERTEX_POINT('',#2123);
#2123 = CARTESIAN_POINT('',(11.360942608865,-4.164010451338,
    14.860216404068));
#2124 = SURFACE_CURVE('',#2125,(#2144,#2151),.PCURVE_S1.);
#2125 = B_SPLINE_CURVE_WITH_KNOTS('',9,(#2126,#2127,#2128,#2129,#2130,
    #2131,#2132,#2133,#2134,#2135,#2136,#2137,#2138,#2139,#2140,#2141,
    #2142,#2143),.UNSPECIFIED.,.F.,.F.,(10,8,10),(44.332916096512,
    45.645383467833,46.96431587524),.UNSPECIFIED.);
#2126 = CARTESIAN_POINT('',(11.360942608865,-4.164010451338,
    14.860216404068));
#2127 = CARTESIAN_POINT('',(10.796704654695,-5.703416504307,
    14.806303468799));
#2128 = CARTESIAN_POINT('',(9.997809252609,-7.15681420331,
    14.752390519438));
#2129 = CARTESIAN_POINT('',(8.979252825836,-8.483312080705,
    14.698477555637));
#2130 = CARTESIAN_POINT('',(7.76434498708,-9.64506279429,14.644564587379
    ));
#2131 = CARTESIAN_POINT('',(6.383955470734,-10.60929949049,
    14.59065164178));
#2132 = CARTESIAN_POINT('',(4.875130496316,-11.3501528157,
    14.536738763322));
#2133 = CARTESIAN_POINT('',(3.279177275597,-11.84998583731,
    14.482825986832));
#2134 = CARTESIAN_POINT('',(1.639524891195,-12.09999976644,
    14.428913233032));
#2135 = CARTESIAN_POINT('',(-1.647600848959,-12.0999997826,
    14.320821228392));
#2136 = CARTESIAN_POINT('',(-3.295330572286,-11.84751673399,
    14.266642909983));
#2137 = CARTESIAN_POINT('',(-4.898711545266,-11.34274835013,
    14.212464566239));
#2138 = CARTESIAN_POINT('',(-6.413671729174,-10.59466709726,
    14.158286118741));
#2139 = CARTESIAN_POINT('',(-7.79831166142,-9.621260267832,
    14.104107690519));
#2140 = CARTESIAN_POINT('',(-9.015099252251,-8.448904585939,
    14.049929065941));
#2141 = CARTESIAN_POINT('',(-10.03282989815,-7.110991453577,
    13.995750535606));
#2142 = CARTESIAN_POINT('',(-10.828037209,-5.646056731107,
    13.941572018873));
#2143 = CARTESIAN_POINT('',(-11.38575167929,-4.095689697984,
    13.887393516362));
#2144 = PCURVE('',#179,#2145);
#2145 = DEFINITIONAL_REPRESENTATION('',(#2146),#2150);
#2146 = LINE('',#2147,#2148);
#2147 = CARTESIAN_POINT('',(1.360294085851,91.290766882791));
#2148 = VECTOR('',#2149,1.);
#2149 = DIRECTION('',(3.375307799598E-16,-1.));
#2150 = ( GEOMETRIC_REPRESENTATION_CONTEXT(2) 
PARAMETRIC_REPRESENTATION_CONTEXT() REPRESENTATION_CONTEXT('2D SPACE',''
  ) );
#2151 = PCURVE('',#531,#2152);
#2152 = DEFINITIONAL_REPRESENTATION('',(#2153),#2157);
#2153 = LINE('',#2154,#2155);
#2154 = CARTESIAN_POINT('',(-2.467586441715E-14,91.290766882791));
#2155 = VECTOR('',#2156,1.);
#2156 = DIRECTION('',(4.258252166077E-16,-1.));
#2157 = ( GEOMETRIC_REPRESENTATION_CONTEXT(2) 
PARAMETRIC_REPRESENTATION_CONTEXT() REPRESENTATION_CONTEXT('2D SPACE',''
  ) );
#2158 = ORIENTED_EDGE('',*,*,#2159,.F.);
#2159 = EDGE_CURVE('',#2160,#2122,#2162,.T.);
#2160 = VERTEX_POINT('',#2161);
#2161 = CARTESIAN_POINT('',(11.162367469259,4.670283982931,
    15.157667967713));
#2162 = SURFACE_CURVE('',#2163,(#2176,#2205),.PCURVE_S1.);
#2163 = B_SPLINE_CURVE_WITH_KNOTS('',6,(#2164,#2165,#2166,#2167,#2168,
    #2169,#2170,#2171,#2172,#2173,#2174,#2175),.UNSPECIFIED.,.F.,.F.,(7,
    5,7),(0.,0.991500901737,1.87020209173),.UNSPECIFIED.);
#2164 = CARTESIAN_POINT('',(11.162366886174,4.670283758585,
    15.157667417672));
#2165 = CARTESIAN_POINT('',(11.470812929355,3.933071958292,
    15.131378335792));
#2166 = CARTESIAN_POINT('',(11.720880941762,3.171298247262,
    15.105085604271));
#2167 = CARTESIAN_POINT('',(11.910000506925,2.391015551721,
    15.078800670342));
#2168 = CARTESIAN_POINT('',(12.036638398577,1.598325893253,
    15.052523256138));
#2169 = CARTESIAN_POINT('',(12.099999323506,0.799307458422,
    15.026248094638));
#2170 = CARTESIAN_POINT('',(12.099999323506,-0.70837294616,
    14.976674963413));
#2171 = CARTESIAN_POINT('',(12.050219787074,-1.416915639588,
    14.953380983976));
#2172 = CARTESIAN_POINT('',(11.950664830201,-2.121070767579,
    14.9300881076));
#2173 = CARTESIAN_POINT('',(11.801842132938,-2.816439190612,
    14.906797483332));
#2174 = CARTESIAN_POINT('',(11.604762939396,-3.498779942346,
    14.883507910914));
#2175 = CARTESIAN_POINT('',(11.360942057745,-4.164010229619,
    14.860215840786));
#2176 = PCURVE('',#179,#2177);
#2177 = DEFINITIONAL_REPRESENTATION('',(#2178),#2204);
#2178 = B_SPLINE_CURVE_WITH_KNOTS('',3,(#2179,#2180,#2181,#2182,#2183,
    #2184,#2185,#2186,#2187,#2188,#2189,#2190,#2191,#2192,#2193,#2194,
    #2195,#2196,#2197,#2198,#2199,#2200,#2201,#2202,#2203),
  .UNSPECIFIED.,.F.,.F.,(4,1,1,1,1,1,1,1,1,1,1,1,1,1,1,1,1,1,1,1,1,1,4),
  (0.,8.500918598775E-02,0.170018371975,0.255027557963,0.340036743951,
    0.425045929939,0.510055115926,0.595064301914,0.680073487902,
    0.76508267389,0.850091859877,0.935101045865,1.020110231853,
    1.105119417841,1.190128603828,1.275137789816,1.360146975804,
    1.445156161792,1.530165347779,1.615174533767,1.700183719755,
    1.785192905743,1.87020209173),.QUASI_UNIFORM_KNOTS.);
#2179 = CARTESIAN_POINT('',(1.360293253269,47.762431111728));
#2180 = CARTESIAN_POINT('',(1.360290473248,47.750242447197));
#2181 = CARTESIAN_POINT('',(1.360284980577,47.725864455123));
#2182 = CARTESIAN_POINT('',(1.360277108892,47.689296618201));
#2183 = CARTESIAN_POINT('',(1.360269785216,47.652729266714));
#2184 = CARTESIAN_POINT('',(1.360263136052,47.616163055843));
#2185 = CARTESIAN_POINT('',(1.360257288807,47.579598275712));
#2186 = CARTESIAN_POINT('',(1.360252363713,47.543034837233));
#2187 = CARTESIAN_POINT('',(1.360248464433,47.506472338511));
#2188 = CARTESIAN_POINT('',(1.360245666474,47.469910096574));
#2189 = CARTESIAN_POINT('',(1.360243995678,47.433347201763));
#2190 = CARTESIAN_POINT('',(1.360243470642,47.396782486353));
#2191 = CARTESIAN_POINT('',(1.360243954437,47.360214790018));
#2192 = CARTESIAN_POINT('',(1.360245784242,47.323642106629));
#2193 = CARTESIAN_POINT('',(1.360246662728,47.28706551412));
#2194 = CARTESIAN_POINT('',(1.360248981879,47.250486893046));
#2195 = CARTESIAN_POINT('',(1.36025331107,47.213907192335));
#2196 = CARTESIAN_POINT('',(1.360259384399,47.177327178091));
#2197 = CARTESIAN_POINT('',(1.360266406684,47.140747283936));
#2198 = CARTESIAN_POINT('',(1.360273456421,47.104167708856));
#2199 = CARTESIAN_POINT('',(1.360279765483,47.067588454151));
#2200 = CARTESIAN_POINT('',(1.360284960792,47.031009382089));
#2201 = CARTESIAN_POINT('',(1.360289133487,46.994430269075));
#2202 = CARTESIAN_POINT('',(1.360291829884,46.970044005807));
#2203 = CARTESIAN_POINT('',(1.360293267562,46.957850787861));
#2204 = ( GEOMETRIC_REPRESENTATION_CONTEXT(2) 
PARAMETRIC_REPRESENTATION_CONTEXT() REPRESENTATION_CONTEXT('2D SPACE',''
  ) );
#2205 = PCURVE('',#2206,#2211);
#2206 = CYLINDRICAL_SURFACE('',#2207,12.1);
#2207 = AXIS2_PLACEMENT_3D('',#2208,#2209,#2210);
#2208 = CARTESIAN_POINT('',(0.,0.,0.));
#2209 = DIRECTION('',(-0.,-0.,-1.));
#2210 = DIRECTION('',(1.,0.,0.));
#2211 = DEFINITIONAL_REPRESENTATION('',(#2212),#2238);
#2212 = B_SPLINE_CURVE_WITH_KNOTS('',3,(#2213,#2214,#2215,#2216,#2217,
    #2218,#2219,#2220,#2221,#2222,#2223,#2224,#2225,#2226,#2227,#2228,
    #2229,#2230,#2231,#2232,#2233,#2234,#2235,#2236,#2237),
  .UNSPECIFIED.,.F.,.F.,(4,1,1,1,1,1,1,1,1,1,1,1,1,1,1,1,1,1,1,1,1,1,4),
  (0.,8.500918598775E-02,0.170018371975,0.255027557963,0.340036743951,
    0.425045929939,0.510055115926,0.595064301914,0.680073487902,
    0.76508267389,0.850091859877,0.935101045865,1.020110231853,
    1.105119417841,1.190128603828,1.275137789816,1.360146975804,
    1.445156161792,1.530165347779,1.615174533767,1.700183719755,
    1.785192905743,1.87020209173),.QUASI_UNIFORM_KNOTS.);
#2213 = CARTESIAN_POINT('',(-6.679448586878,-15.15766741767));
#2214 = CARTESIAN_POINT('',(-6.668123532074,-15.15315946048));
#2215 = CARTESIAN_POINT('',(-6.645472815505,-15.14414334241));
#2216 = CARTESIAN_POINT('',(-6.611495972913,-15.13061908621));
#2217 = CARTESIAN_POINT('',(-6.577519596429,-15.11709535755));
#2218 = CARTESIAN_POINT('',(-6.543544287439,-15.10357250165));
#2219 = CARTESIAN_POINT('',(-6.509570307457,-15.09005071669));
#2220 = CARTESIAN_POINT('',(-6.475597565029,-15.07653004541));
#2221 = CARTESIAN_POINT('',(-6.441625677704,-15.06301039835));
#2222 = CARTESIAN_POINT('',(-6.407654001744,-15.04949156454));
#2223 = CARTESIAN_POINT('',(-6.373681682904,-15.03597323206));
#2224 = CARTESIAN_POINT('',(-6.339707627647,-15.02245497285));
#2225 = CARTESIAN_POINT('',(-6.305730749794,-15.00893635183));
#2226 = CARTESIAN_POINT('',(-6.27174917931,-14.99541656579));
#2227 = CARTESIAN_POINT('',(-6.237763907822,-14.98189611943));
#2228 = CARTESIAN_POINT('',(-6.203776683623,-14.96837548009));
#2229 = CARTESIAN_POINT('',(-6.169788387676,-14.95485485185));
#2230 = CARTESIAN_POINT('',(-6.13579973143,-14.94133441537));
#2231 = CARTESIAN_POINT('',(-6.101811118472,-14.92781426371));
#2232 = CARTESIAN_POINT('',(-6.067822736312,-14.91429441931));
#2233 = CARTESIAN_POINT('',(-6.033834591287,-14.9007748301));
#2234 = CARTESIAN_POINT('',(-5.999846563578,-14.88725536817));
#2235 = CARTESIAN_POINT('',(-5.965858456449,-14.87373583891));
#2236 = CARTESIAN_POINT('',(-5.943199526391,-14.86472257693));
#2237 = CARTESIAN_POINT('',(-5.931869979174,-14.86021584078));
#2238 = ( GEOMETRIC_REPRESENTATION_CONTEXT(2) 
PARAMETRIC_REPRESENTATION_CONTEXT() REPRESENTATION_CONTEXT('2D SPACE',''
  ) );
#2239 = ORIENTED_EDGE('',*,*,#2240,.F.);
#2240 = EDGE_CURVE('',#2241,#2160,#2243,.T.);
#2241 = VERTEX_POINT('',#2242);
#2242 = CARTESIAN_POINT('',(11.162367895014,-4.670282965381,
    17.342332095261));
#2243 = SURFACE_CURVE('',#2244,(#2263,#2270),.PCURVE_S1.);
#2244 = B_SPLINE_CURVE_WITH_KNOTS('',9,(#2245,#2246,#2247,#2248,#2249,
    #2250,#2251,#2252,#2253,#2254,#2255,#2256,#2257,#2258,#2259,#2260,
    #2261,#2262),.UNSPECIFIED.,.F.,.F.,(10,8,10),(52.8341403607,
    55.788802021398,58.743463594567),.UNSPECIFIED.);
#2245 = CARTESIAN_POINT('',(11.162367895014,-4.670282965381,
    17.342332095261));
#2246 = CARTESIAN_POINT('',(9.737717351859,-8.075172380531,
    17.220961869834));
#2247 = CARTESIAN_POINT('',(7.144615926743,-10.99117683376,
    17.099591597057));
#2248 = CARTESIAN_POINT('',(3.574898215982,-12.96013669086,
    16.978221277626));
#2249 = CARTESIAN_POINT('',(-0.569965949249,-13.61163377735,
    16.856851056894));
#2250 = CARTESIAN_POINT('',(-4.727426338223,-12.77773777672,
    16.735481166162));
#2251 = CARTESIAN_POINT('',(-8.300994489429,-10.57473518966,
    16.614111148168));
#2252 = CARTESIAN_POINT('',(-10.8329237109,-7.382530830877,
    16.492739420455));
#2253 = CARTESIAN_POINT('',(-12.09999975636,-3.690942225263,
    16.371370893472));
#2254 = CARTESIAN_POINT('',(-12.09999979264,3.690941996952,
    16.128629140741));
#2255 = CARTESIAN_POINT('',(-10.83292385856,7.382530505644,
    16.007260617358));
#2256 = CARTESIAN_POINT('',(-8.300994818418,10.574734824346,
    15.88588889323));
#2257 = CARTESIAN_POINT('',(-4.727426887313,12.777737469194,
    15.764518878837));
#2258 = CARTESIAN_POINT('',(-0.569966698883,13.611633648234,
    15.643148991698));
#2259 = CARTESIAN_POINT('',(3.574897351828,12.960136841813,
    15.521778774563));
#2260 = CARTESIAN_POINT('',(7.144615078431,10.991177312308,
    15.400408458726));
#2261 = CARTESIAN_POINT('',(9.737716657917,8.075173167344,
    15.279038189546));
#2262 = CARTESIAN_POINT('',(11.162367469259,4.670283982931,
    15.157667967713));
#2263 = PCURVE('',#179,#2264);
#2264 = DEFINITIONAL_REPRESENTATION('',(#2265),#2269);
#2265 = LINE('',#2266,#2267);
#2266 = CARTESIAN_POINT('',(1.36029408585,106.50589470468));
#2267 = VECTOR('',#2268,1.);
#2268 = DIRECTION('',(1.089683757003E-15,-1.));
#2269 = ( GEOMETRIC_REPRESENTATION_CONTEXT(2) 
PARAMETRIC_REPRESENTATION_CONTEXT() REPRESENTATION_CONTEXT('2D SPACE',''
  ) );
#2270 = PCURVE('',#531,#2271);
#2271 = DEFINITIONAL_REPRESENTATION('',(#2272),#2276);
#2272 = LINE('',#2273,#2274);
#2273 = CARTESIAN_POINT('',(2.724918364926E-14,106.50589470468));
#2274 = VECTOR('',#2275,1.);
#2275 = DIRECTION('',(-4.488715435808E-16,-1.));
#2276 = ( GEOMETRIC_REPRESENTATION_CONTEXT(2) 
PARAMETRIC_REPRESENTATION_CONTEXT() REPRESENTATION_CONTEXT('2D SPACE',''
  ) );
#2277 = ORIENTED_EDGE('',*,*,#2278,.T.);
#2278 = EDGE_CURVE('',#2241,#2279,#2281,.T.);
#2279 = VERTEX_POINT('',#2280);
#2280 = CARTESIAN_POINT('',(12.1,0.,17.499969284531));
#2281 = SURFACE_CURVE('',#2282,(#2288,#2297),.PCURVE_S1.);
#2282 = B_SPLINE_CURVE_WITH_KNOTS('',4,(#2283,#2284,#2285,#2286,#2287),
  .UNSPECIFIED.,.F.,.F.,(5,5),(0.,1.),.PIECEWISE_BEZIER_KNOTS.);
#2283 = CARTESIAN_POINT('',(11.146438691495,-4.708172619577,
    17.340980522717));
#2284 = CARTESIAN_POINT('',(11.616873441474,-3.594434266945,
    17.380720954297));
#2285 = CARTESIAN_POINT('',(11.938929835954,-2.418129912129,
    17.420456087872));
#2286 = CARTESIAN_POINT('',(12.099999322245,-1.208759138251,
    17.460217320806));
#2287 = CARTESIAN_POINT('',(12.099999323506,1.127098414599E-12,
    17.499968687627));
#2288 = PCURVE('',#179,#2289);
#2289 = DEFINITIONAL_REPRESENTATION('',(#2290),#2296);
#2290 = B_SPLINE_CURVE_WITH_KNOTS('',4,(#2291,#2292,#2293,#2294,#2295),
  .UNSPECIFIED.,.F.,.F.,(5,5),(0.,1.),.PIECEWISE_BEZIER_KNOTS.);
#2291 = CARTESIAN_POINT('',(1.360294085851,53.668098459634));
#2292 = CARTESIAN_POINT('',(1.36026957932,53.775636674253));
#2293 = CARTESIAN_POINT('',(1.360246488111,53.883157970228));
#2294 = CARTESIAN_POINT('',(1.360239952104,53.990720451231));
#2295 = CARTESIAN_POINT('',(1.360245154977,54.098235104363));
#2296 = ( GEOMETRIC_REPRESENTATION_CONTEXT(2) 
PARAMETRIC_REPRESENTATION_CONTEXT() REPRESENTATION_CONTEXT('2D SPACE',''
  ) );
#2297 = PCURVE('',#2298,#2303);
#2298 = CYLINDRICAL_SURFACE('',#2299,12.1);
#2299 = AXIS2_PLACEMENT_3D('',#2300,#2301,#2302);
#2300 = CARTESIAN_POINT('',(0.,0.,0.));
#2301 = DIRECTION('',(-0.,-0.,-1.));
#2302 = DIRECTION('',(1.,0.,0.));
#2303 = DEFINITIONAL_REPRESENTATION('',(#2304),#2310);
#2304 = B_SPLINE_CURVE_WITH_KNOTS('',4,(#2305,#2306,#2307,#2308,#2309),
  .UNSPECIFIED.,.F.,.F.,(5,5),(8.49904763343E-03,1.),
  .PIECEWISE_BEZIER_KNOTS.);
#2305 = CARTESIAN_POINT('',(-5.886922139927,-17.34233154378));
#2306 = CARTESIAN_POINT('',(-5.985991286873,-17.38173409231));
#2307 = CARTESIAN_POINT('',(-6.085045540575,-17.42113195238));
#2308 = CARTESIAN_POINT('',(-6.184136890919,-17.46055516956));
#2309 = CARTESIAN_POINT('',(-6.28318530718,-17.49996868762));
#2310 = ( GEOMETRIC_REPRESENTATION_CONTEXT(2) 
PARAMETRIC_REPRESENTATION_CONTEXT() REPRESENTATION_CONTEXT('2D SPACE',''
  ) );
#2311 = ORIENTED_EDGE('',*,*,#2312,.T.);
#2312 = EDGE_CURVE('',#2279,#2313,#2315,.T.);
#2313 = VERTEX_POINT('',#2314);
#2314 = CARTESIAN_POINT('',(11.360943012173,4.164009350998,
    17.639783584099));
#2315 = SURFACE_CURVE('',#2316,(#2322,#2331),.PCURVE_S1.);
#2316 = B_SPLINE_CURVE_WITH_KNOTS('',4,(#2317,#2318,#2319,#2320,#2321),
  .UNSPECIFIED.,.F.,.F.,(5,5),(0.,1.),.PIECEWISE_BEZIER_KNOTS.);
#2317 = CARTESIAN_POINT('',(12.099999323506,1.128406029785E-12,
    17.499968687627));
#2318 = CARTESIAN_POINT('',(12.099999323506,1.08102761608,
    17.535519464653));
#2319 = CARTESIAN_POINT('',(11.97127640496,2.162068599457,
    17.571074979777));
#2320 = CARTESIAN_POINT('',(11.713535319057,3.220504222694,
    17.606654852366));
#2321 = CARTESIAN_POINT('',(11.335344546641,4.233196035191,
    17.642209358924));
#2322 = PCURVE('',#179,#2323);
#2323 = DEFINITIONAL_REPRESENTATION('',(#2324),#2330);
#2324 = B_SPLINE_CURVE_WITH_KNOTS('',4,(#2325,#2326,#2327,#2328,#2329),
  .UNSPECIFIED.,.F.,.F.,(5,5),(0.,1.),.PIECEWISE_BEZIER_KNOTS.);
#2325 = CARTESIAN_POINT('',(1.36024512168,54.098235106609));
#2326 = CARTESIAN_POINT('',(1.360249776261,54.194388513628));
#2327 = CARTESIAN_POINT('',(1.360264104753,54.290537421904));
#2328 = CARTESIAN_POINT('',(1.360281795957,54.3867461799));
#2329 = CARTESIAN_POINT('',(1.360294085851,54.482895971181));
#2330 = ( GEOMETRIC_REPRESENTATION_CONTEXT(2) 
PARAMETRIC_REPRESENTATION_CONTEXT() REPRESENTATION_CONTEXT('2D SPACE',''
  ) );
#2331 = PCURVE('',#2298,#2332);
#2332 = DEFINITIONAL_REPRESENTATION('',(#2333),#2339);
#2333 = B_SPLINE_CURVE_WITH_KNOTS('',4,(#2334,#2335,#2336,#2337,#2338),
  .UNSPECIFIED.,.F.,.F.,(5,5),(0.,0.982939651229),
  .PIECEWISE_BEZIER_KNOTS.);
#2334 = CARTESIAN_POINT('',(-6.28318530718,-17.49996868762));
#2335 = CARTESIAN_POINT('',(-6.371002241718,-17.53491295599));
#2336 = CARTESIAN_POINT('',(-6.458815695937,-17.56986180217));
#2337 = CARTESIAN_POINT('',(-6.546682730852,-17.60483385843));
#2338 = CARTESIAN_POINT('',(-6.634500529144,-17.63978302647));
#2339 = ( GEOMETRIC_REPRESENTATION_CONTEXT(2) 
PARAMETRIC_REPRESENTATION_CONTEXT() REPRESENTATION_CONTEXT('2D SPACE',''
  ) );
#2340 = ORIENTED_EDGE('',*,*,#2341,.F.);
#2341 = EDGE_CURVE('',#2342,#2313,#2344,.T.);
#2342 = VERTEX_POINT('',#2343);
#2343 = CARTESIAN_POINT('',(-11.38575174833,4.095689506078,
    18.612606517048));
#2344 = SURFACE_CURVE('',#2345,(#2368,#2419),.PCURVE_S1.);
#2345 = B_SPLINE_CURVE_WITH_KNOTS('',9,(#2346,#2347,#2348,#2349,#2350,
    #2351,#2352,#2353,#2354,#2355,#2356,#2357,#2358,#2359,#2360,#2361,
    #2362,#2363,#2364,#2365,#2366,#2367),.UNSPECIFIED.,.F.,.F.,(10,4,8,
    10),(57.101268997733,57.107734366581,58.420201412699,59.732668898838
    ),.UNSPECIFIED.);
#2346 = CARTESIAN_POINT('',(-11.38575174833,4.095689506078,
    18.612606517048));
#2347 = CARTESIAN_POINT('',(-11.38301784811,4.103289360871,
    18.612340935582));
#2348 = CARTESIAN_POINT('',(-11.3802782411,4.110887162784,
    18.612075354115));
#2349 = CARTESIAN_POINT('',(-11.37753292906,4.118482906918,
    18.611809772649));
#2350 = CARTESIAN_POINT('',(-11.37478191377,4.126076588376,
    18.611544191181));
#2351 = CARTESIAN_POINT('',(-10.81241289622,5.674762498168,
    18.557365688081));
#2352 = CARTESIAN_POINT('',(-10.01284577896,7.137201063671,
    18.503187170753));
#2353 = CARTESIAN_POINT('',(-8.991216562448,8.471863179613,
    18.449008644948));
#2354 = CARTESIAN_POINT('',(-7.771145087947,9.640313887456,
    18.394828222251));
#2355 = CARTESIAN_POINT('',(-6.383953975308,10.609300224765,
    18.340651588346));
#2356 = CARTESIAN_POINT('',(-4.875129309981,11.350153187246,
    18.286738723246));
#2357 = CARTESIAN_POINT('',(-3.279176463052,11.849985961209,
    18.232825960114));
#2358 = CARTESIAN_POINT('',(-1.639524484954,12.099999766442,
    18.178913219673));
#2359 = CARTESIAN_POINT('',(1.639524915655,12.099999782562,
    18.071086792867));
#2360 = CARTESIAN_POINT('',(3.279177445968,11.84998582581,
    18.017174034351));
#2361 = CARTESIAN_POINT('',(4.875130803574,11.350152732454,
    17.963261253144));
#2362 = CARTESIAN_POINT('',(6.383955894405,10.609299294012,
    17.909348369969));
#2363 = CARTESIAN_POINT('',(7.764345496048,9.64506244886,17.855435419654
    ));
#2364 = CARTESIAN_POINT('',(8.979253380127,8.483311559192,17.80152244668
    ));
#2365 = CARTESIAN_POINT('',(9.997809805985,7.156813489291,
    17.747609478162));
#2366 = CARTESIAN_POINT('',(10.796705157735,5.703415593285,
    17.693696524085));
#2367 = CARTESIAN_POINT('',(11.360943012173,4.164009350998,
    17.639783584099));
#2368 = PCURVE('',#179,#2369);
#2369 = DEFINITIONAL_REPRESENTATION('',(#2370),#2418);
#2370 = B_SPLINE_CURVE_WITH_KNOTS('',3,(#2371,#2372,#2373,#2374,#2375,
    #2376,#2377,#2378,#2379,#2380,#2381,#2382,#2383,#2384,#2385,#2386,
    #2387,#2388,#2389,#2390,#2391,#2392,#2393,#2394,#2395,#2396,#2397,
    #2398,#2399,#2400,#2401,#2402,#2403,#2404,#2405,#2406,#2407,#2408,
    #2409,#2410,#2411,#2412,#2413,#2414,#2415,#2416,#2417),
  .UNSPECIFIED.,.F.,.F.,(4,1,1,1,1,1,1,1,1,1,1,1,1,1,1,1,1,1,1,1,1,1,1,1
    ,1,1,1,1,1,1,1,1,1,1,1,1,1,1,1,1,1,1,1,1,4),(57.101268997733,
    57.16107354094,57.220878084147,57.280682627354,57.340487170561,
    57.400291713768,57.460096256975,57.519900800182,57.579705343389,
    57.639509886596,57.699314429803,57.75911897301,57.818923516217,
    57.878728059423,57.93853260263,57.998337145837,58.058141689044,
    58.117946232251,58.177750775458,58.237555318665,58.297359861872,
    58.357164405079,58.416968948286,58.476773491493,58.5365780347,
    58.596382577907,58.656187121113,58.71599166432,58.775796207527,
    58.835600750734,58.895405293941,58.955209837148,59.015014380355,
    59.074818923562,59.134623466769,59.194428009976,59.254232553183,
    59.31403709639,59.373841639597,59.433646182803,59.49345072601,
    59.553255269217,59.613059812424,59.672864355631,59.732668898838),
  .QUASI_UNIFORM_KNOTS.);
#2371 = CARTESIAN_POINT('',(1.360294085851,57.107734366581));
#2372 = CARTESIAN_POINT('',(1.360294085752,57.08779951887));
#2373 = CARTESIAN_POINT('',(1.360294085908,57.047929823342));
#2374 = CARTESIAN_POINT('',(1.360294085855,56.988125280371));
#2375 = CARTESIAN_POINT('',(1.360294084595,56.928320738363));
#2376 = CARTESIAN_POINT('',(1.360294079718,56.868516197973));
#2377 = CARTESIAN_POINT('',(1.36029406896,56.808711659401));
#2378 = CARTESIAN_POINT('',(1.360294051191,56.748907122303));
#2379 = CARTESIAN_POINT('',(1.360294027205,56.689102585848));
#2380 = CARTESIAN_POINT('',(1.360293999826,56.629298048935));
#2381 = CARTESIAN_POINT('',(1.360293973381,56.569493510466));
#2382 = CARTESIAN_POINT('',(1.360293952684,56.509688969604));
#2383 = CARTESIAN_POINT('',(1.360293941835,56.449884425961));
#2384 = CARTESIAN_POINT('',(1.360293943147,56.39007987967));
#2385 = CARTESIAN_POINT('',(1.360293956506,56.33027533134));
#2386 = CARTESIAN_POINT('',(1.360293979333,56.270470781897));
#2387 = CARTESIAN_POINT('',(1.360294007205,56.210666232369));
#2388 = CARTESIAN_POINT('',(1.360294034983,56.150861683652));
#2389 = CARTESIAN_POINT('',(1.360294058171,56.091057136323));
#2390 = CARTESIAN_POINT('',(1.360294074108,56.031252590544));
#2391 = CARTESIAN_POINT('',(1.360294082577,55.971448046087));
#2392 = CARTESIAN_POINT('',(1.360294085527,55.911643502482));
#2393 = CARTESIAN_POINT('',(1.360294085881,55.851838959232));
#2394 = CARTESIAN_POINT('',(1.360294085842,55.79203441603));
#2395 = CARTESIAN_POINT('',(1.360294085853,55.732229872821));
#2396 = CARTESIAN_POINT('',(1.36029408585,55.672425329615));
#2397 = CARTESIAN_POINT('',(1.360294085851,55.612620786408));
#2398 = CARTESIAN_POINT('',(1.360294085851,55.552816243201));
#2399 = CARTESIAN_POINT('',(1.360294085851,55.493011699994));
#2400 = CARTESIAN_POINT('',(1.360294085851,55.433207156787));
#2401 = CARTESIAN_POINT('',(1.360294085851,55.37340261358));
#2402 = CARTESIAN_POINT('',(1.360294085851,55.313598070373));
#2403 = CARTESIAN_POINT('',(1.360294085851,55.253793527166));
#2404 = CARTESIAN_POINT('',(1.360294085851,55.193988983959));
#2405 = CARTESIAN_POINT('',(1.360294085851,55.134184440752));
#2406 = CARTESIAN_POINT('',(1.360294085851,55.074379897545));
#2407 = CARTESIAN_POINT('',(1.360294085851,55.014575354339));
#2408 = CARTESIAN_POINT('',(1.360294085851,54.954770811132));
#2409 = CARTESIAN_POINT('',(1.360294085851,54.894966267925));
#2410 = CARTESIAN_POINT('',(1.360294085851,54.835161724718));
#2411 = CARTESIAN_POINT('',(1.360294085851,54.775357181511));
#2412 = CARTESIAN_POINT('',(1.360294085851,54.715552638304));
#2413 = CARTESIAN_POINT('',(1.360294085851,54.655748095097));
#2414 = CARTESIAN_POINT('',(1.360294085851,54.59594355189));
#2415 = CARTESIAN_POINT('',(1.360294085851,54.536139008683));
#2416 = CARTESIAN_POINT('',(1.360294085851,54.496269313212));
#2417 = CARTESIAN_POINT('',(1.360294085851,54.476334465476));
#2418 = ( GEOMETRIC_REPRESENTATION_CONTEXT(2) 
PARAMETRIC_REPRESENTATION_CONTEXT() REPRESENTATION_CONTEXT('2D SPACE',''
  ) );
#2419 = PCURVE('',#531,#2420);
#2420 = DEFINITIONAL_REPRESENTATION('',(#2421),#2469);
#2421 = B_SPLINE_CURVE_WITH_KNOTS('',3,(#2422,#2423,#2424,#2425,#2426,
    #2427,#2428,#2429,#2430,#2431,#2432,#2433,#2434,#2435,#2436,#2437,
    #2438,#2439,#2440,#2441,#2442,#2443,#2444,#2445,#2446,#2447,#2448,
    #2449,#2450,#2451,#2452,#2453,#2454,#2455,#2456,#2457,#2458,#2459,
    #2460,#2461,#2462,#2463,#2464,#2465,#2466,#2467,#2468),
  .UNSPECIFIED.,.F.,.F.,(4,1,1,1,1,1,1,1,1,1,1,1,1,1,1,1,1,1,1,1,1,1,1,1
    ,1,1,1,1,1,1,1,1,1,1,1,1,1,1,1,1,1,1,1,1,4),(57.101268997733,
    57.16107354094,57.220878084147,57.280682627354,57.340487170561,
    57.400291713768,57.460096256975,57.519900800182,57.579705343389,
    57.639509886596,57.699314429803,57.75911897301,57.818923516217,
    57.878728059423,57.93853260263,57.998337145837,58.058141689044,
    58.117946232251,58.177750775458,58.237555318665,58.297359861872,
    58.357164405079,58.416968948286,58.476773491493,58.5365780347,
    58.596382577907,58.656187121113,58.71599166432,58.775796207527,
    58.835600750734,58.895405293941,58.955209837148,59.015014380355,
    59.074818923562,59.134623466769,59.194428009976,59.254232553183,
    59.31403709639,59.373841639597,59.433646182803,59.49345072601,
    59.553255269217,59.613059812424,59.672864355631,59.732668898838),
  .QUASI_UNIFORM_KNOTS.);
#2422 = CARTESIAN_POINT('',(0.,57.107734366581));
#2423 = CARTESIAN_POINT('',(1.2608612286E-09,57.087799518868));
#2424 = CARTESIAN_POINT('',(-1.91194553505E-11,57.047929823342));
#2425 = CARTESIAN_POINT('',(-6.538337330187E-09,56.988125280384));
#2426 = CARTESIAN_POINT('',(-4.268922713566E-08,56.928320738443));
#2427 = CARTESIAN_POINT('',(-2.207020715654E-08,56.868516198002));
#2428 = CARTESIAN_POINT('',(-6.839539726754E-08,56.808711659501));
#2429 = CARTESIAN_POINT('',(-5.561068401507E-08,56.748907122343));
#2430 = CARTESIAN_POINT('',(-5.88075129764E-08,56.689102585848));
#2431 = CARTESIAN_POINT('',(-5.786126089531E-08,56.629298048881));
#2432 = CARTESIAN_POINT('',(-5.817107721761E-08,56.569493510361));
#2433 = CARTESIAN_POINT('',(-5.826266485299E-08,56.50968896946));
#2434 = CARTESIAN_POINT('',(-5.863727123823E-08,56.449884425796));
#2435 = CARTESIAN_POINT('',(-5.877300507409E-08,56.390079879508));
#2436 = CARTESIAN_POINT('',(-6.027074836028E-08,56.330275331206));
#2437 = CARTESIAN_POINT('',(-5.726947578769E-08,56.270470781802));
#2438 = CARTESIAN_POINT('',(-7.163947381949E-08,56.210666232356));
#2439 = CARTESIAN_POINT('',(-2.179469290355E-08,56.150861683595));
#2440 = CARTESIAN_POINT('',(-4.054720759569E-08,56.091057136348));
#2441 = CARTESIAN_POINT('',(-1.538192974305E-08,56.031252590551));
#2442 = CARTESIAN_POINT('',(-3.631425645501E-09,55.971448046087));
#2443 = CARTESIAN_POINT('',(-3.064260916986E-10,55.911643502481));
#2444 = CARTESIAN_POINT('',(2.936306664591E-11,55.851838959232));
#2445 = CARTESIAN_POINT('',(-7.888728626514E-12,55.79203441603));
#2446 = CARTESIAN_POINT('',(2.041874271803E-12,55.732229872821));
#2447 = CARTESIAN_POINT('',(-5.992671825998E-13,55.672425329615));
#2448 = CARTESIAN_POINT('',(1.051759902809E-13,55.612620786408));
#2449 = CARTESIAN_POINT('',(-6.415931095878E-14,55.552816243201));
#2450 = CARTESIAN_POINT('',(-1.233631687342E-14,55.493011699994));
#2451 = CARTESIAN_POINT('',(-2.712186112196E-14,55.433207156787));
#2452 = CARTESIAN_POINT('',(-1.95310622655E-15,55.37340261358));
#2453 = CARTESIAN_POINT('',(-2.289107223879E-14,55.313598070373));
#2454 = CARTESIAN_POINT('',(2.36186660551E-15,55.253793527166));
#2455 = CARTESIAN_POINT('',(-7.321216901434E-15,55.193988983959));
#2456 = CARTESIAN_POINT('',(4.938844667179E-15,55.134184440752));
#2457 = CARTESIAN_POINT('',(4.233045784171E-16,55.074379897545));
#2458 = CARTESIAN_POINT('',(-2.183794429285E-15,55.014575354339));
#2459 = CARTESIAN_POINT('',(6.611632338446E-15,54.954770811132));
#2460 = CARTESIAN_POINT('',(3.136955386101E-15,54.894966267925));
#2461 = CARTESIAN_POINT('',(-2.9250218435E-16,54.835161724718));
#2462 = CARTESIAN_POINT('',(1.154631470984E-14,54.775357181511));
#2463 = CARTESIAN_POINT('',(5.606804232881E-16,54.715552638304));
#2464 = CARTESIAN_POINT('',(1.286934925336E-14,54.655748095097));
#2465 = CARTESIAN_POINT('',(1.136271984882E-14,54.59594355189));
#2466 = CARTESIAN_POINT('',(1.011506801695E-14,54.536139008683));
#2467 = CARTESIAN_POINT('',(4.353853912687E-15,54.496269313212));
#2468 = CARTESIAN_POINT('',(0.,54.476334465476));
#2469 = ( GEOMETRIC_REPRESENTATION_CONTEXT(2) 
PARAMETRIC_REPRESENTATION_CONTEXT() REPRESENTATION_CONTEXT('2D SPACE',''
  ) );
#2470 = ORIENTED_EDGE('',*,*,#2471,.T.);
#2471 = EDGE_CURVE('',#2342,#2472,#2474,.T.);
#2472 = VERTEX_POINT('',#2473);
#2473 = CARTESIAN_POINT('',(-11.17824621631,-4.632151406374,
    18.906309666449));
#2474 = SURFACE_CURVE('',#2475,(#2485,#2498),.PCURVE_S1.);
#2475 = B_SPLINE_CURVE_WITH_KNOTS('',8,(#2476,#2477,#2478,#2479,#2480,
    #2481,#2482,#2483,#2484),.UNSPECIFIED.,.F.,.F.,(9,9),(0.,1.),
  .PIECEWISE_BEZIER_KNOTS.);
#2476 = CARTESIAN_POINT('',(-11.38575174833,4.095689506061,
    18.612606517048));
#2477 = CARTESIAN_POINT('',(-11.76358497433,3.045337654057,
    18.649302888292));
#2478 = CARTESIAN_POINT('',(-12.03091435366,1.954497015584,
    18.686019397081));
#2479 = CARTESIAN_POINT('',(-12.18225471574,0.837663660406,
    18.722725380912));
#2480 = CARTESIAN_POINT('',(-12.21502674895,-0.290679369947,
    18.759426490615));
#2481 = CARTESIAN_POINT('',(-12.12859471328,-1.416101326432,
    18.796133593321));
#2482 = CARTESIAN_POINT('',(-11.92434376646,-2.524264142829,
    18.832854339559));
#2483 = CARTESIAN_POINT('',(-11.60556803658,-3.600944130831,
    18.869588972126));
#2484 = CARTESIAN_POINT('',(-11.17824621633,-4.632151406322,
    18.906309666447));
#2485 = PCURVE('',#179,#2486);
#2486 = DEFINITIONAL_REPRESENTATION('',(#2487),#2497);
#2487 = B_SPLINE_CURVE_WITH_KNOTS('',8,(#2488,#2489,#2490,#2491,#2492,
    #2493,#2494,#2495,#2496),.UNSPECIFIED.,.F.,.F.,(9,9),(0.,1.),
  .PIECEWISE_BEZIER_KNOTS.);
#2488 = CARTESIAN_POINT('',(1.360294085851,57.107734366582));
#2489 = CARTESIAN_POINT('',(1.360280958582,57.207018289846));
#2490 = CARTESIAN_POINT('',(1.360263701828,57.306364091551));
#2491 = CARTESIAN_POINT('',(1.36024625201,57.405681787079));
#2492 = CARTESIAN_POINT('',(1.360235365068,57.504974563474));
#2493 = CARTESIAN_POINT('',(1.360237139827,57.604260890367));
#2494 = CARTESIAN_POINT('',(1.36025078599,57.703562868302));
#2495 = CARTESIAN_POINT('',(1.360271620725,57.802889530764));
#2496 = CARTESIAN_POINT('',(1.360294085851,57.902175561812));
#2497 = ( GEOMETRIC_REPRESENTATION_CONTEXT(2) 
PARAMETRIC_REPRESENTATION_CONTEXT() REPRESENTATION_CONTEXT('2D SPACE',''
  ) );
#2498 = PCURVE('',#2499,#2504);
#2499 = CYLINDRICAL_SURFACE('',#2500,12.1);
#2500 = AXIS2_PLACEMENT_3D('',#2501,#2502,#2503);
#2501 = CARTESIAN_POINT('',(0.,0.,0.));
#2502 = DIRECTION('',(-0.,-0.,-1.));
#2503 = DIRECTION('',(1.,0.,0.));
#2504 = DEFINITIONAL_REPRESENTATION('',(#2505),#2515);
#2505 = B_SPLINE_CURVE_WITH_KNOTS('',8,(#2506,#2507,#2508,#2509,#2510,
    #2511,#2512,#2513,#2514),.UNSPECIFIED.,.F.,.F.,(9,9),(0.,1.),
  .PIECEWISE_BEZIER_KNOTS.);
#2506 = CARTESIAN_POINT('',(-2.796284415966,-18.61260651704));
#2507 = CARTESIAN_POINT('',(-2.888535848953,-18.64930288829));
#2508 = CARTESIAN_POINT('',(-2.980844650333,-18.68601939708));
#2509 = CARTESIAN_POINT('',(-3.073126758683,-18.72272538091));
#2510 = CARTESIAN_POINT('',(-3.165384868444,-18.75942649061));
#2511 = CARTESIAN_POINT('',(-3.25763633847,-18.79613359332));
#2512 = CARTESIAN_POINT('',(-3.34990212681,-18.83285433955));
#2513 = CARTESIAN_POINT('',(-3.442190926665,-18.86958897212));
#2514 = CARTESIAN_POINT('',(-3.53444219023,-18.90630966644));
#2515 = ( GEOMETRIC_REPRESENTATION_CONTEXT(2) 
PARAMETRIC_REPRESENTATION_CONTEXT() REPRESENTATION_CONTEXT('2D SPACE',''
  ) );
#2516 = ORIENTED_EDGE('',*,*,#2517,.F.);
#2517 = EDGE_CURVE('',#2518,#2472,#2520,.T.);
#2518 = VERTEX_POINT('',#2519);
#2519 = CARTESIAN_POINT('',(-11.17824628385,4.632151243387,
    21.093690366056));
#2520 = SURFACE_CURVE('',#2521,(#2557,#2630),.PCURVE_S1.);
#2521 = B_SPLINE_CURVE_WITH_KNOTS('',9,(#2522,#2523,#2524,#2525,#2526,
    #2527,#2528,#2529,#2530,#2531,#2532,#2533,#2534,#2535,#2536,#2537,
    #2538,#2539,#2540,#2541,#2542,#2543,#2544,#2545,#2546,#2547,#2548,
    #2549,#2550,#2551,#2552,#2553,#2554,#2555,#2556),.UNSPECIFIED.,.F.,
  .F.,(10,5,1,8,7,4,10),(63.815172899719,63.818846883182,65.461041191633
    ,66.773508195504,66.773508200795,69.72817302502,69.731847793368),
  .UNSPECIFIED.);
#2522 = CARTESIAN_POINT('',(-11.17824628385,4.632151243387,
    21.093690366056));
#2523 = CARTESIAN_POINT('',(-11.176489261,4.636391086559,21.093539447862
    ));
#2524 = CARTESIAN_POINT('',(-11.17473042896,4.64063018,21.093388529669)
  );
#2525 = CARTESIAN_POINT('',(-11.17296978808,4.644868522827,
    21.093237611476));
#2526 = CARTESIAN_POINT('',(-11.17120733873,4.649106114158,
    21.093086693282));
#2527 = CARTESIAN_POINT('',(-11.16944308128,4.653342953112,
    21.092935775089));
#2528 = CARTESIAN_POINT('',(-10.37828255392,6.551021371359,
    21.02532755856));
#2529 = CARTESIAN_POINT('',(-8.304275356676,9.68993599171,
    20.903806403908));
#2530 = CARTESIAN_POINT('',(-5.165411923974,12.083981855651,
    20.782284883893));
#2531 = CARTESIAN_POINT('',(-1.27119496826,13.322236703589,
    20.660766937102));
#2532 = CARTESIAN_POINT('',(2.880673212697,13.1481562982,20.539389196903
    ));
#2533 = CARTESIAN_POINT('',(6.713601215803,11.553315822031,
    20.418028755128));
#2534 = CARTESIAN_POINT('',(9.70824208375,8.800517972909,20.296639214153
    ));
#2535 = CARTESIAN_POINT('',(11.537143817316,5.330751463243,
    20.175323133105));
#2536 = CARTESIAN_POINT('',(12.099999766442,1.639524891198,
    20.053913233032));
#2537 = CARTESIAN_POINT('',(12.099999774502,5.287562876433E-08,
    20.000000015091));
#2538 = CARTESIAN_POINT('',(12.099999774502,4.626615882108E-08,
    20.000000014873));
#2539 = CARTESIAN_POINT('',(12.099999774502,3.965668887784E-08,
    20.000000014656));
#2540 = CARTESIAN_POINT('',(12.099999774502,3.304721893459E-08,
    20.000000014438));
#2541 = CARTESIAN_POINT('',(12.099999774502,2.643774899134E-08,
    20.000000014221));
#2542 = CARTESIAN_POINT('',(12.099999774502,1.982827904808E-08,
    20.000000014004));
#2543 = CARTESIAN_POINT('',(12.099999774502,1.321880910483E-08,
    20.000000013786));
#2544 = CARTESIAN_POINT('',(12.099999888382,-3.690941132884,
    19.87862853369));
#2545 = CARTESIAN_POINT('',(10.832924408758,-7.382528850218,
    19.757260671576));
#2546 = CARTESIAN_POINT('',(8.300996524288,-10.57473264888,
    19.635888975541));
#2547 = CARTESIAN_POINT('',(4.727430132561,-12.7777354531,
    19.514518989231));
#2548 = CARTESIAN_POINT('',(0.564800738574,-13.61266981868,
    19.392998180367));
#2549 = CARTESIAN_POINT('',(-3.585201718221,-12.95851487986,
    19.271477040679));
#2550 = CARTESIAN_POINT('',(-7.157925840904,-10.98382787359,
    19.149955802195));
#2551 = CARTESIAN_POINT('',(-9.750603177731,-8.060663000912,
    19.028434611123));
#2552 = CARTESIAN_POINT('',(-11.17120577426,-4.649109875625,
    18.906913467383));
#2553 = CARTESIAN_POINT('',(-11.17296859899,-4.644871385152,
    18.906762517149));
#2554 = CARTESIAN_POINT('',(-11.17472961449,-4.640632142865,
    18.906611566916));
#2555 = CARTESIAN_POINT('',(-11.17648882038,-4.636392149644,
    18.906460616682));
#2556 = CARTESIAN_POINT('',(-11.17824621631,-4.632151406374,
    18.906309666449));
#2557 = PCURVE('',#179,#2558);
#2558 = DEFINITIONAL_REPRESENTATION('',(#2559),#2629);
#2559 = B_SPLINE_CURVE_WITH_KNOTS('',3,(#2560,#2561,#2562,#2563,#2564,
    #2565,#2566,#2567,#2568,#2569,#2570,#2571,#2572,#2573,#2574,#2575,
    #2576,#2577,#2578,#2579,#2580,#2581,#2582,#2583,#2584,#2585,#2586,
    #2587,#2588,#2589,#2590,#2591,#2592,#2593,#2594,#2595,#2596,#2597,
    #2598,#2599,#2600,#2601,#2602,#2603,#2604,#2605,#2606,#2607,#2608,
    #2609,#2610,#2611,#2612,#2613,#2614,#2615,#2616,#2617,#2618,#2619,
    #2620,#2621,#2622,#2623,#2624,#2625,#2626,#2627,#2628),
  .UNSPECIFIED.,.F.,.F.,(4,1,1,1,1,1,1,1,1,1,1,1,1,1,1,1,1,1,1,1,1,1,1,1
    ,1,1,1,1,1,1,1,1,1,1,1,1,1,1,1,1,1,1,1,1,1,1,1,1,1,1,1,1,1,1,1,1,1,1
    ,1,1,1,1,1,1,1,1,4),(63.815172899719,63.904819489017,63.994466078314
    ,64.084112667612,64.17375925691,64.263405846208,64.353052435505,
    64.442699024803,64.532345614101,64.621992203398,64.711638792696,
    64.801285381994,64.890931971291,64.980578560589,65.070225149887,
    65.159871739185,65.249518328482,65.33916491778,65.428811507078,
    65.518458096375,65.608104685673,65.697751274971,65.787397864269,
    65.877044453566,65.966691042864,66.056337632162,66.145984221459,
    66.235630810757,66.325277400055,66.414923989353,66.50457057865,
    66.594217167948,66.683863757246,66.773510346543,66.863156935841,
    66.952803525139,67.042450114436,67.132096703734,67.221743293032,
    67.31138988233,67.401036471627,67.490683060925,67.580329650223,
    67.66997623952,67.759622828818,67.849269418116,67.938916007414,
    68.028562596711,68.118209186009,68.207855775307,68.297502364604,
    68.387148953902,68.4767955432,68.566442132497,68.656088721795,
    68.745735311093,68.835381900391,68.925028489688,69.014675078986,
    69.104321668284,69.193968257581,69.283614846879,69.373261436177,
    69.462908025475,69.552554614772,69.64220120407,69.731847793368),
  .QUASI_UNIFORM_KNOTS.);
#2560 = CARTESIAN_POINT('',(1.360294085851,63.818846883182));
#2561 = CARTESIAN_POINT('',(1.360294086228,63.788964686764));
#2562 = CARTESIAN_POINT('',(1.36029408534,63.72920029387));
#2563 = CARTESIAN_POINT('',(1.36029408389,63.639553704532));
#2564 = CARTESIAN_POINT('',(1.360294087449,63.54990711534));
#2565 = CARTESIAN_POINT('',(1.360294100013,63.460260526542));
#2566 = CARTESIAN_POINT('',(1.360294124186,63.370613938252));
#2567 = CARTESIAN_POINT('',(1.360294117711,63.280967350489));
#2568 = CARTESIAN_POINT('',(1.360294119438,63.191320762934));
#2569 = CARTESIAN_POINT('',(1.360294119005,63.101674175249));
#2570 = CARTESIAN_POINT('',(1.36029411901,63.012027587048));
#2571 = CARTESIAN_POINT('',(1.360294119424,62.922380998027));
#2572 = CARTESIAN_POINT('',(1.360294117762,62.832734408038));
#2573 = CARTESIAN_POINT('',(1.360294123997,62.743087817101));
#2574 = CARTESIAN_POINT('',(1.360294100717,62.653441225527));
#2575 = CARTESIAN_POINT('',(1.360294067893,62.563794633699));
#2576 = CARTESIAN_POINT('',(1.360294055484,62.474148042113));
#2577 = CARTESIAN_POINT('',(1.360294085869,62.384501451363));
#2578 = CARTESIAN_POINT('',(1.360294118059,62.294854862178));
#2579 = CARTESIAN_POINT('',(1.360294156362,62.205208275121));
#2580 = CARTESIAN_POINT('',(1.360294144285,62.115561690699));
#2581 = CARTESIAN_POINT('',(1.360294146095,62.025915108836));
#2582 = CARTESIAN_POINT('',(1.360294144543,61.93626852907));
#2583 = CARTESIAN_POINT('',(1.360294144229,61.846621950073));
#2584 = CARTESIAN_POINT('',(1.360294143908,61.756975369454));
#2585 = CARTESIAN_POINT('',(1.360294143906,61.667328783594));
#2586 = CARTESIAN_POINT('',(1.36029414413,61.577682187834));
#2587 = CARTESIAN_POINT('',(1.360294144623,61.488035577192));
#2588 = CARTESIAN_POINT('',(1.360294145334,61.398388947694));
#2589 = CARTESIAN_POINT('',(1.360294146482,61.308742298556));
#2590 = CARTESIAN_POINT('',(1.360294147323,61.219095633626));
#2591 = CARTESIAN_POINT('',(1.36029415074,61.12944896546));
#2592 = CARTESIAN_POINT('',(1.360294146111,61.039802303947));
#2593 = CARTESIAN_POINT('',(1.360294173255,60.950155688054));
#2594 = CARTESIAN_POINT('',(1.360294083789,60.86050902861));
#2595 = CARTESIAN_POINT('',(1.360294006679,60.77086261095));
#2596 = CARTESIAN_POINT('',(1.360293968133,60.681216128212));
#2597 = CARTESIAN_POINT('',(1.360293949169,60.591569662547));
#2598 = CARTESIAN_POINT('',(1.360293945678,60.501923191945));
#2599 = CARTESIAN_POINT('',(1.360293951772,60.412276722351));
#2600 = CARTESIAN_POINT('',(1.360293963791,60.322630252237));
#2601 = CARTESIAN_POINT('',(1.360293978867,60.232983782087));
#2602 = CARTESIAN_POINT('',(1.360293995017,60.143337311839));
#2603 = CARTESIAN_POINT('',(1.360294010873,60.053690841568));
#2604 = CARTESIAN_POINT('',(1.360294025564,59.9640443713));
#2605 = CARTESIAN_POINT('',(1.360294038589,59.87439790106));
#2606 = CARTESIAN_POINT('',(1.360294049722,59.784751430861));
#2607 = CARTESIAN_POINT('',(1.360294058932,59.695104960709));
#2608 = CARTESIAN_POINT('',(1.360294066323,59.605458490606));
#2609 = CARTESIAN_POINT('',(1.360294072077,59.515812020546));
#2610 = CARTESIAN_POINT('',(1.360294076424,59.426165550525));
#2611 = CARTESIAN_POINT('',(1.360294079606,59.336519080536));
#2612 = CARTESIAN_POINT('',(1.360294081859,59.246872610571));
#2613 = CARTESIAN_POINT('',(1.360294083396,59.157226140625));
#2614 = CARTESIAN_POINT('',(1.360294084404,59.067579670691));
#2615 = CARTESIAN_POINT('',(1.360294085037,58.977933200766));
#2616 = CARTESIAN_POINT('',(1.360294085415,58.888286730846));
#2617 = CARTESIAN_POINT('',(1.360294085629,58.79864026093));
#2618 = CARTESIAN_POINT('',(1.360294085744,58.708993791016));
#2619 = CARTESIAN_POINT('',(1.360294085802,58.619347321103));
#2620 = CARTESIAN_POINT('',(1.36029408583,58.529700851191));
#2621 = CARTESIAN_POINT('',(1.360294085845,58.44005438128));
#2622 = CARTESIAN_POINT('',(1.360294085852,58.350407911369));
#2623 = CARTESIAN_POINT('',(1.360294085856,58.260761441459));
#2624 = CARTESIAN_POINT('',(1.360294085857,58.171114971549));
#2625 = CARTESIAN_POINT('',(1.360294085855,58.081468501639));
#2626 = CARTESIAN_POINT('',(1.360294085852,57.991822031728));
#2627 = CARTESIAN_POINT('',(1.360294085851,57.932057718454));
#2628 = CARTESIAN_POINT('',(1.360294085851,57.902175561817));
#2629 = ( GEOMETRIC_REPRESENTATION_CONTEXT(2) 
PARAMETRIC_REPRESENTATION_CONTEXT() REPRESENTATION_CONTEXT('2D SPACE',''
  ) );
#2630 = PCURVE('',#531,#2631);
#2631 = DEFINITIONAL_REPRESENTATION('',(#2632),#2702);
#2632 = B_SPLINE_CURVE_WITH_KNOTS('',3,(#2633,#2634,#2635,#2636,#2637,
    #2638,#2639,#2640,#2641,#2642,#2643,#2644,#2645,#2646,#2647,#2648,
    #2649,#2650,#2651,#2652,#2653,#2654,#2655,#2656,#2657,#2658,#2659,
    #2660,#2661,#2662,#2663,#2664,#2665,#2666,#2667,#2668,#2669,#2670,
    #2671,#2672,#2673,#2674,#2675,#2676,#2677,#2678,#2679,#2680,#2681,
    #2682,#2683,#2684,#2685,#2686,#2687,#2688,#2689,#2690,#2691,#2692,
    #2693,#2694,#2695,#2696,#2697,#2698,#2699,#2700,#2701),
  .UNSPECIFIED.,.F.,.F.,(4,1,1,1,1,1,1,1,1,1,1,1,1,1,1,1,1,1,1,1,1,1,1,1
    ,1,1,1,1,1,1,1,1,1,1,1,1,1,1,1,1,1,1,1,1,1,1,1,1,1,1,1,1,1,1,1,1,1,1
    ,1,1,1,1,1,1,1,1,4),(63.815172899719,63.904819489017,63.994466078314
    ,64.084112667612,64.17375925691,64.263405846208,64.353052435505,
    64.442699024803,64.532345614101,64.621992203398,64.711638792696,
    64.801285381994,64.890931971291,64.980578560589,65.070225149887,
    65.159871739185,65.249518328482,65.33916491778,65.428811507078,
    65.518458096375,65.608104685673,65.697751274971,65.787397864269,
    65.877044453566,65.966691042864,66.056337632162,66.145984221459,
    66.235630810757,66.325277400055,66.414923989353,66.50457057865,
    66.594217167948,66.683863757246,66.773510346543,66.863156935841,
    66.952803525139,67.042450114436,67.132096703734,67.221743293032,
    67.31138988233,67.401036471627,67.490683060925,67.580329650223,
    67.66997623952,67.759622828818,67.849269418116,67.938916007414,
    68.028562596711,68.118209186009,68.207855775307,68.297502364604,
    68.387148953902,68.4767955432,68.566442132497,68.656088721795,
    68.745735311093,68.835381900391,68.925028489688,69.014675078986,
    69.104321668284,69.193968257581,69.283614846879,69.373261436177,
    69.462908025475,69.552554614772,69.64220120407,69.731847793368),
  .QUASI_UNIFORM_KNOTS.);
#2633 = CARTESIAN_POINT('',(0.,63.818846883182));
#2634 = CARTESIAN_POINT('',(1.862742323088E-10,63.788964686764));
#2635 = CARTESIAN_POINT('',(-2.017720155733E-10,63.72920029387));
#2636 = CARTESIAN_POINT('',(-7.755799910829E-10,63.639553704529));
#2637 = CARTESIAN_POINT('',(7.143189996904E-10,63.549907115342));
#2638 = CARTESIAN_POINT('',(7.144470400169E-09,63.460260526555));
#2639 = CARTESIAN_POINT('',(1.964056520806E-08,63.370613938288));
#2640 = CARTESIAN_POINT('',(3.717348805864E-08,63.280967350478));
#2641 = CARTESIAN_POINT('',(5.651520620169E-08,63.191320762889));
#2642 = CARTESIAN_POINT('',(7.290079410609E-08,63.10167417517));
#2643 = CARTESIAN_POINT('',(8.090483059162E-08,63.012027586954));
#2644 = CARTESIAN_POINT('',(7.622729931545E-08,62.922380997944));
#2645 = CARTESIAN_POINT('',(5.514175547587E-08,62.832734407993));
#2646 = CARTESIAN_POINT('',(2.297699763171E-08,62.74308781713));
#2647 = CARTESIAN_POINT('',(-3.138076518533E-08,62.653441225617));
#2648 = CARTESIAN_POINT('',(-3.482855167432E-08,62.563794633731));
#2649 = CARTESIAN_POINT('',(-2.867048114674E-08,62.474148042109));
#2650 = CARTESIAN_POINT('',(-4.985497676807E-08,62.38450145146));
#2651 = CARTESIAN_POINT('',(2.872493518966E-08,62.294854862184));
#2652 = CARTESIAN_POINT('',(2.487195250376E-07,62.205208274777));
#2653 = CARTESIAN_POINT('',(6.239991000348E-07,62.115561689606));
#2654 = CARTESIAN_POINT('',(1.212913968963E-06,62.025915106609));
#2655 = CARTESIAN_POINT('',(2.061378248277E-06,61.936268525198));
#2656 = CARTESIAN_POINT('',(3.2070911627E-06,61.846621943986));
#2657 = CARTESIAN_POINT('',(4.660544916462E-06,61.756975360555));
#2658 = CARTESIAN_POINT('',(6.384702958358E-06,61.667328771363));
#2659 = CARTESIAN_POINT('',(8.269444976857E-06,61.577682171961));
#2660 = CARTESIAN_POINT('',(1.010763939405E-05,61.488035557769));
#2661 = CARTESIAN_POINT('',(1.158353491872E-05,61.398388925422));
#2662 = CARTESIAN_POINT('',(1.228579621996E-05,61.308742274931));
#2663 = CARTESIAN_POINT('',(1.177993396682E-05,61.219095610978));
#2664 = CARTESIAN_POINT('',(9.718976045337E-06,61.129448946797));
#2665 = CARTESIAN_POINT('',(6.207238788342E-06,61.03980229206));
#2666 = CARTESIAN_POINT('',(1.77428331669E-06,60.950155684791));
#2667 = CARTESIAN_POINT('',(-4.671205205931E-07,60.860509029511));
#2668 = CARTESIAN_POINT('',(9.417882825371E-08,60.770862610613));
#2669 = CARTESIAN_POINT('',(-1.089602454512E-07,60.681216128195));
#2670 = CARTESIAN_POINT('',(-5.167246656316E-08,60.591569662383));
#2671 = CARTESIAN_POINT('',(-6.564091400601E-08,60.501923191802));
#2672 = CARTESIAN_POINT('',(-5.717518980233E-08,60.412276722202));
#2673 = CARTESIAN_POINT('',(-6.913959102303E-08,60.322630252136));
#2674 = CARTESIAN_POINT('',(-2.360286275765E-08,60.232983781924));
#2675 = CARTESIAN_POINT('',(-3.581441097576E-08,60.143337311732));
#2676 = CARTESIAN_POINT('',(-3.250494636869E-08,60.053690841485));
#2677 = CARTESIAN_POINT('',(-3.353125657886E-08,59.964044371248));
#2678 = CARTESIAN_POINT('',(-3.273548034524E-08,59.874397901032));
#2679 = CARTESIAN_POINT('',(-3.489227506957E-08,59.784751430858));
#2680 = CARTESIAN_POINT('',(-2.706087240587E-08,59.69510496071));
#2681 = CARTESIAN_POINT('',(-1.835312607611E-08,59.605458490603));
#2682 = CARTESIAN_POINT('',(-1.259858499699E-08,59.515812020544));
#2683 = CARTESIAN_POINT('',(-8.262458871929E-09,59.426165550523));
#2684 = CARTESIAN_POINT('',(-5.279379299142E-09,59.336519080534));
#2685 = CARTESIAN_POINT('',(-3.247579360516E-09,59.24687261057));
#2686 = CARTESIAN_POINT('',(-1.923829471999E-09,59.157226140624));
#2687 = CARTESIAN_POINT('',(-1.092081454657E-09,59.06757967069));
#2688 = CARTESIAN_POINT('',(-5.937923546883E-10,58.977933200765));
#2689 = CARTESIAN_POINT('',(-3.112789782563E-10,58.888286730846));
#2690 = CARTESIAN_POINT('',(-1.622239565307E-10,58.79864026093));
#2691 = CARTESIAN_POINT('',(-9.102864405977E-11,58.708993791016));
#2692 = CARTESIAN_POINT('',(-6.193172597421E-11,58.619347321103));
#2693 = CARTESIAN_POINT('',(-5.291328214276E-11,58.529700851191));
#2694 = CARTESIAN_POINT('',(-5.109906439726E-11,58.44005438128));
#2695 = CARTESIAN_POINT('',(-4.932143498629E-11,58.350407911369));
#2696 = CARTESIAN_POINT('',(-4.400168039054E-11,58.260761441459));
#2697 = CARTESIAN_POINT('',(-3.392795655215E-11,58.171114971549));
#2698 = CARTESIAN_POINT('',(-2.005578115582E-11,58.081468501639));
#2699 = CARTESIAN_POINT('',(-5.392229936155E-12,57.991822031728));
#2700 = CARTESIAN_POINT('',(-3.007817566433E-13,57.932057718454));
#2701 = CARTESIAN_POINT('',(0.,57.902175561817));
#2702 = ( GEOMETRIC_REPRESENTATION_CONTEXT(2) 
PARAMETRIC_REPRESENTATION_CONTEXT() REPRESENTATION_CONTEXT('2D SPACE',''
  ) );
#2703 = ORIENTED_EDGE('',*,*,#2704,.T.);
#2704 = EDGE_CURVE('',#2518,#2705,#2707,.T.);
#2705 = VERTEX_POINT('',#2706);
#2706 = CARTESIAN_POINT('',(-11.3857516798,-4.095689696575,
    21.387393516313));
#2707 = SURFACE_CURVE('',#2708,(#2718,#2731),.PCURVE_S1.);
#2708 = B_SPLINE_CURVE_WITH_KNOTS('',8,(#2709,#2710,#2711,#2712,#2713,
    #2714,#2715,#2716,#2717),.UNSPECIFIED.,.F.,.F.,(9,9),(0.,1.),
  .PIECEWISE_BEZIER_KNOTS.);
#2709 = CARTESIAN_POINT('',(-11.17824628395,4.632151243144,
    21.093690366064));
#2710 = CARTESIAN_POINT('',(-11.60558816008,3.600895526523,
    21.130383056901));
#2711 = CARTESIAN_POINT('',(-11.92445013074,2.523977893803,
    21.167098425541));
#2712 = CARTESIAN_POINT('',(-12.12868164095,1.415614820652,
    21.203807003249));
#2713 = CARTESIAN_POINT('',(-12.2150281373,0.290145124273,21.24051308978
    ));
#2714 = CARTESIAN_POINT('',(-12.18218066373,-0.838053936497,
    21.27722409157));
#2715 = CARTESIAN_POINT('',(-12.0308433342,-1.954616113879,
    21.313944901783));
#2716 = CARTESIAN_POINT('',(-11.76362791348,-3.045218341271,
    21.350675597189));
#2717 = CARTESIAN_POINT('',(-11.3857516797,-4.09568969685,
    21.387393516322));
#2718 = PCURVE('',#179,#2719);
#2719 = DEFINITIONAL_REPRESENTATION('',(#2720),#2730);
#2720 = B_SPLINE_CURVE_WITH_KNOTS('',8,(#2721,#2722,#2723,#2724,#2725,
    #2726,#2727,#2728,#2729),.UNSPECIFIED.,.F.,.F.,(9,9),(0.,1.),
  .PIECEWISE_BEZIER_KNOTS.);
#2721 = CARTESIAN_POINT('',(1.360294085851,63.818846883206));
#2722 = CARTESIAN_POINT('',(1.360271619671,63.91813757763));
#2723 = CARTESIAN_POINT('',(1.3602507802,64.017486714204));
#2724 = CARTESIAN_POINT('',(1.360237131602,64.11680462482));
#2725 = CARTESIAN_POINT('',(1.360235370435,64.216094531053));
#2726 = CARTESIAN_POINT('',(1.360246260918,64.315375091164));
#2727 = CARTESIAN_POINT('',(1.360263702353,64.414670448364));
#2728 = CARTESIAN_POINT('',(1.360280957089,64.513992860887));
#2729 = CARTESIAN_POINT('',(1.360294085851,64.613288080758));
#2730 = ( GEOMETRIC_REPRESENTATION_CONTEXT(2) 
PARAMETRIC_REPRESENTATION_CONTEXT() REPRESENTATION_CONTEXT('2D SPACE',''
  ) );
#2731 = PCURVE('',#2732,#2737);
#2732 = CYLINDRICAL_SURFACE('',#2733,12.1);
#2733 = AXIS2_PLACEMENT_3D('',#2734,#2735,#2736);
#2734 = CARTESIAN_POINT('',(0.,0.,0.));
#2735 = DIRECTION('',(-0.,-0.,-1.));
#2736 = DIRECTION('',(1.,0.,0.));
#2737 = DEFINITIONAL_REPRESENTATION('',(#2738),#2748);
#2738 = B_SPLINE_CURVE_WITH_KNOTS('',8,(#2739,#2740,#2741,#2742,#2743,
    #2744,#2745,#2746,#2747),.UNSPECIFIED.,.F.,.F.,(9,9),(0.,1.),
  .PIECEWISE_BEZIER_KNOTS.);
#2739 = CARTESIAN_POINT('',(-2.748743131547,-21.09369036606));
#2740 = CARTESIAN_POINT('',(-2.840998728072,-21.1303830569));
#2741 = CARTESIAN_POINT('',(-2.933308409659,-21.16709842554));
#2742 = CARTESIAN_POINT('',(-3.025589001614,-21.20380700324));
#2743 = CARTESIAN_POINT('',(-3.117843797504,-21.24051308978));
#2744 = CARTESIAN_POINT('',(-3.210090557422,-21.27722409157));
#2745 = CARTESIAN_POINT('',(-3.302351909676,-21.31394490178));
#2746 = CARTESIAN_POINT('',(-3.394638978539,-21.35067559718));
#2747 = CARTESIAN_POINT('',(-3.48690090797,-21.38739351632));
#2748 = ( GEOMETRIC_REPRESENTATION_CONTEXT(2) 
PARAMETRIC_REPRESENTATION_CONTEXT() REPRESENTATION_CONTEXT('2D SPACE',''
  ) );
#2749 = ORIENTED_EDGE('',*,*,#2750,.F.);
#2750 = EDGE_CURVE('',#2751,#2705,#2753,.T.);
#2751 = VERTEX_POINT('',#2752);
#2752 = CARTESIAN_POINT('',(11.360942607591,-4.164010454812,
    22.360216403946));
#2753 = SURFACE_CURVE('',#2754,(#2773,#2780),.PCURVE_S1.);
#2754 = B_SPLINE_CURVE_WITH_KNOTS('',9,(#2755,#2756,#2757,#2758,#2759,
    #2760,#2761,#2762,#2763,#2764,#2765,#2766,#2767,#2768,#2769,#2770,
    #2771,#2772),.UNSPECIFIED.,.F.,.F.,(10,8,10),(64.619753011195,
    65.932220382187,67.251152789728),.UNSPECIFIED.);
#2755 = CARTESIAN_POINT('',(11.360942607591,-4.164010454812,
    22.360216403946));
#2756 = CARTESIAN_POINT('',(10.796704653093,-5.703416507223,
    22.306303468691));
#2757 = CARTESIAN_POINT('',(9.997809250821,-7.156814205639,
    22.252390519344));
#2758 = CARTESIAN_POINT('',(8.979252824008,-8.483312082453,
    22.198477555556));
#2759 = CARTESIAN_POINT('',(7.764344985349,-9.645062795499,
    22.144564587311));
#2760 = CARTESIAN_POINT('',(6.38395546922,-10.60929949123,
    22.090651641726));
#2761 = CARTESIAN_POINT('',(4.875130495116,-11.35015281607,
    22.036738763281));
#2762 = CARTESIAN_POINT('',(3.279177274775,-11.84998583743,
    21.982825986806));
#2763 = CARTESIAN_POINT('',(1.639524890784,-12.09999976644,
    21.928913233021));
#2764 = CARTESIAN_POINT('',(-1.647600849125,-12.0999997826,
    21.820821228387));
#2765 = CARTESIAN_POINT('',(-3.295330572619,-11.84751673394,
    21.766642909972));
#2766 = CARTESIAN_POINT('',(-4.898711545752,-11.34274834998,
    21.712464566223));
#2767 = CARTESIAN_POINT('',(-6.413671729786,-10.59466709696,
    21.658286118719));
#2768 = CARTESIAN_POINT('',(-7.798311707045,-9.621260172062,
    21.604107827604));
#2769 = CARTESIAN_POINT('',(-9.015099252735,-8.448904585615,
    21.549929065868));
#2770 = CARTESIAN_POINT('',(-10.03282989888,-7.110991452631,
    21.49575053556));
#2771 = CARTESIAN_POINT('',(-10.82803720964,-5.646056729923,
    21.441572018829));
#2772 = CARTESIAN_POINT('',(-11.3857516798,-4.095689696575,
    21.387393516313));
#2773 = PCURVE('',#179,#2774);
#2774 = DEFINITIONAL_REPRESENTATION('',(#2775),#2779);
#2775 = LINE('',#2776,#2777);
#2776 = CARTESIAN_POINT('',(1.360294085851,131.86444087046));
#2777 = VECTOR('',#2778,1.);
#2778 = DIRECTION('',(-3.459690494845E-15,-1.));
#2779 = ( GEOMETRIC_REPRESENTATION_CONTEXT(2) 
PARAMETRIC_REPRESENTATION_CONTEXT() REPRESENTATION_CONTEXT('2D SPACE',''
  ) );
#2780 = PCURVE('',#531,#2781);
#2781 = DEFINITIONAL_REPRESENTATION('',(#2782),#2786);
#2782 = LINE('',#2783,#2784);
#2783 = CARTESIAN_POINT('',(-1.171218516636E-14,131.86444087046));
#2784 = VECTOR('',#2785,1.);
#2785 = DIRECTION('',(1.968721341586E-16,-1.));
#2786 = ( GEOMETRIC_REPRESENTATION_CONTEXT(2) 
PARAMETRIC_REPRESENTATION_CONTEXT() REPRESENTATION_CONTEXT('2D SPACE',''
  ) );
#2787 = ORIENTED_EDGE('',*,*,#2788,.F.);
#2788 = EDGE_CURVE('',#2789,#2751,#2791,.T.);
#2789 = VERTEX_POINT('',#2790);
#2790 = CARTESIAN_POINT('',(11.162364524897,4.670291019897,
    22.657668218552));
#2791 = SURFACE_CURVE('',#2792,(#2805,#2834),.PCURVE_S1.);
#2792 = B_SPLINE_CURVE_WITH_KNOTS('',6,(#2793,#2794,#2795,#2796,#2797,
    #2798,#2799,#2800,#2801,#2802,#2803,#2804),.UNSPECIFIED.,.F.,.F.,(7,
    5,7),(0.,0.991502479365,1.870203670358),.UNSPECIFIED.);
#2793 = CARTESIAN_POINT('',(11.16236394192,4.670290795593,
    22.657667668613));
#2794 = CARTESIAN_POINT('',(11.470810940198,3.9330780178,22.631378544937
    ));
#2795 = CARTESIAN_POINT('',(11.720879738277,3.171303212666,
    22.605085771538));
#2796 = CARTESIAN_POINT('',(11.909999902514,2.391019335012,
    22.578800795757));
#2797 = CARTESIAN_POINT('',(12.036638196977,1.598328435584,
    22.552523339741));
#2798 = CARTESIAN_POINT('',(12.099999323506,0.799308730028,
    22.526248136449));
#2799 = CARTESIAN_POINT('',(12.099999323506,-0.708372946778,
    22.476674963393));
#2800 = CARTESIAN_POINT('',(12.050219786987,-1.416915640822,
    22.453380983935));
#2801 = CARTESIAN_POINT('',(11.950664829941,-2.121070769418,
    22.43008810754));
#2802 = CARTESIAN_POINT('',(11.80184213242,-2.816439193033,
    22.406797483251));
#2803 = CARTESIAN_POINT('',(11.604762938538,-3.498779945316,
    22.383507910813));
#2804 = CARTESIAN_POINT('',(11.360942056472,-4.164010233093,
    22.360215840664));
#2805 = PCURVE('',#179,#2806);
#2806 = DEFINITIONAL_REPRESENTATION('',(#2807),#2833);
#2807 = B_SPLINE_CURVE_WITH_KNOTS('',3,(#2808,#2809,#2810,#2811,#2812,
    #2813,#2814,#2815,#2816,#2817,#2818,#2819,#2820,#2821,#2822,#2823,
    #2824,#2825,#2826,#2827,#2828,#2829,#2830,#2831,#2832),
  .UNSPECIFIED.,.F.,.F.,(4,1,1,1,1,1,1,1,1,1,1,1,1,1,1,1,1,1,1,1,1,1,4),
  (0.,8.500925774355E-02,0.170018515487,0.255027773231,0.340037030974,
    0.425046288718,0.510055546461,0.595064804205,0.680074061948,
    0.765083319692,0.850092577435,0.935101835179,1.020111092923,
    1.105120350666,1.19012960841,1.275138866153,1.360148123897,
    1.44515738164,1.530166639384,1.615175897127,1.700185154871,
    1.785194412614,1.870203670358),.QUASI_UNIFORM_KNOTS.);
#2808 = CARTESIAN_POINT('',(1.360293253424,68.049268863539));
#2809 = CARTESIAN_POINT('',(1.360290473399,68.037080188738));
#2810 = CARTESIAN_POINT('',(1.36028498072,68.012702176109));
#2811 = CARTESIAN_POINT('',(1.36027710902,67.976134308329));
#2812 = CARTESIAN_POINT('',(1.360269785328,67.939566925971));
#2813 = CARTESIAN_POINT('',(1.360263136147,67.903000684223));
#2814 = CARTESIAN_POINT('',(1.360257288884,67.866435873216));
#2815 = CARTESIAN_POINT('',(1.360252363773,67.829872403866));
#2816 = CARTESIAN_POINT('',(1.360248464475,67.793309874284));
#2817 = CARTESIAN_POINT('',(1.3602456665,67.756747601496));
#2818 = CARTESIAN_POINT('',(1.360243995689,67.720184675845));
#2819 = CARTESIAN_POINT('',(1.360243470642,67.683619929605));
#2820 = CARTESIAN_POINT('',(1.360243954424,67.647052202449));
#2821 = CARTESIAN_POINT('',(1.360245784231,67.610479488248));
#2822 = CARTESIAN_POINT('',(1.360246662718,67.573902864894));
#2823 = CARTESIAN_POINT('',(1.360248981856,67.537324212965));
#2824 = CARTESIAN_POINT('',(1.360253311038,67.500744481391));
#2825 = CARTESIAN_POINT('',(1.360259384365,67.46416443628));
#2826 = CARTESIAN_POINT('',(1.360266406654,67.427584511257));
#2827 = CARTESIAN_POINT('',(1.360273456398,67.391004905308));
#2828 = CARTESIAN_POINT('',(1.360279765469,67.354425619735));
#2829 = CARTESIAN_POINT('',(1.360284960785,67.317846516807));
#2830 = CARTESIAN_POINT('',(1.360289133484,67.281267372927));
#2831 = CARTESIAN_POINT('',(1.360291829883,67.256881089081));
#2832 = CARTESIAN_POINT('',(1.360293267562,67.244687860846));
#2833 = ( GEOMETRIC_REPRESENTATION_CONTEXT(2) 
PARAMETRIC_REPRESENTATION_CONTEXT() REPRESENTATION_CONTEXT('2D SPACE',''
  ) );
#2834 = PCURVE('',#2835,#2840);
#2835 = CYLINDRICAL_SURFACE('',#2836,12.1);
#2836 = AXIS2_PLACEMENT_3D('',#2837,#2838,#2839);
#2837 = CARTESIAN_POINT('',(0.,0.,0.));
#2838 = DIRECTION('',(-0.,-0.,-1.));
#2839 = DIRECTION('',(1.,0.,0.));
#2840 = DEFINITIONAL_REPRESENTATION('',(#2841),#2867);
#2841 = B_SPLINE_CURVE_WITH_KNOTS('',3,(#2842,#2843,#2844,#2845,#2846,
    #2847,#2848,#2849,#2850,#2851,#2852,#2853,#2854,#2855,#2856,#2857,
    #2858,#2859,#2860,#2861,#2862,#2863,#2864,#2865,#2866),
  .UNSPECIFIED.,.F.,.F.,(4,1,1,1,1,1,1,1,1,1,1,1,1,1,1,1,1,1,1,1,1,1,4),
  (0.,8.500925774355E-02,0.170018515487,0.255027773231,0.340037030974,
    0.425046288718,0.510055546461,0.595064804205,0.680074061948,
    0.765083319692,0.850092577435,0.935101835179,1.020111092923,
    1.105120350666,1.19012960841,1.275138866153,1.360148123897,
    1.44515738164,1.530166639384,1.615175897127,1.700185154871,
    1.785194412614,1.870203670358),.QUASI_UNIFORM_KNOTS.);
#2842 = CARTESIAN_POINT('',(-6.6794492173,-22.65766766861));
#2843 = CARTESIAN_POINT('',(-6.668124152953,-22.65315970762));
#2844 = CARTESIAN_POINT('',(-6.645473417286,-22.64414358195));
#2845 = CARTESIAN_POINT('',(-6.611496546023,-22.63061931433));
#2846 = CARTESIAN_POINT('',(-6.577520140854,-22.61709557424));
#2847 = CARTESIAN_POINT('',(-6.543544803175,-22.60357270692));
#2848 = CARTESIAN_POINT('',(-6.509570794505,-22.59005091053));
#2849 = CARTESIAN_POINT('',(-6.475598023394,-22.57653022783));
#2850 = CARTESIAN_POINT('',(-6.441626107395,-22.56301056935));
#2851 = CARTESIAN_POINT('',(-6.40765440277,-22.54949172412));
#2852 = CARTESIAN_POINT('',(-6.373682055275,-22.53597338023));
#2853 = CARTESIAN_POINT('',(-6.339707971374,-22.52245510962));
#2854 = CARTESIAN_POINT('',(-6.305731064885,-22.5089364772));
#2855 = CARTESIAN_POINT('',(-6.271749465771,-22.49541667976));
#2856 = CARTESIAN_POINT('',(-6.237764165624,-22.48189622199));
#2857 = CARTESIAN_POINT('',(-6.203776912757,-22.46837557124));
#2858 = CARTESIAN_POINT('',(-6.169788588134,-22.45485493159));
#2859 = CARTESIAN_POINT('',(-6.135799903208,-22.44133448371));
#2860 = CARTESIAN_POINT('',(-6.101811261568,-22.42781432063));
#2861 = CARTESIAN_POINT('',(-6.067822850727,-22.41429446483));
#2862 = CARTESIAN_POINT('',(-6.033834677021,-22.4007748642));
#2863 = CARTESIAN_POINT('',(-5.999846620632,-22.38725539087));
#2864 = CARTESIAN_POINT('',(-5.965858484823,-22.37373585019));
#2865 = CARTESIAN_POINT('',(-5.943199535645,-22.36472258061));
#2866 = CARTESIAN_POINT('',(-5.931869978869,-22.36021584066));
#2867 = ( GEOMETRIC_REPRESENTATION_CONTEXT(2) 
PARAMETRIC_REPRESENTATION_CONTEXT() REPRESENTATION_CONTEXT('2D SPACE',''
  ) );
#2868 = ORIENTED_EDGE('',*,*,#2869,.F.);
#2869 = EDGE_CURVE('',#2870,#2789,#2872,.T.);
#2870 = VERTEX_POINT('',#2871);
#2871 = CARTESIAN_POINT('',(11.162367979492,-4.67028276348,
    24.842332102456));
#2872 = SURFACE_CURVE('',#2873,(#2892,#2899),.PCURVE_S1.);
#2873 = B_SPLINE_CURVE_WITH_KNOTS('',9,(#2874,#2875,#2876,#2877,#2878,
    #2879,#2880,#2881,#2882,#2883,#2884,#2885,#2886,#2887,#2888,#2889,
    #2890,#2891),.UNSPECIFIED.,.F.,.F.,(10,8,10),(73.120978129956,
    76.075639810121,79.030300704793),.UNSPECIFIED.);
#2874 = CARTESIAN_POINT('',(11.162367979492,-4.67028276348,
    24.842332102456));
#2875 = CARTESIAN_POINT('',(9.737717488538,-8.075172226832,
    24.720961876233));
#2876 = CARTESIAN_POINT('',(7.14461609138,-10.99117674295,
    24.599591602664));
#2877 = CARTESIAN_POINT('',(3.574898379835,-12.9601366651,
    24.478221282425));
#2878 = CARTESIAN_POINT('',(-0.56996581229,-13.61163380482,
    24.356851060848));
#2879 = CARTESIAN_POINT('',(-4.727426244044,-12.77773783478,
    24.235481169349));
#2880 = CARTESIAN_POINT('',(-8.300994439384,-10.57473525276,
    24.114111150794));
#2881 = CARTESIAN_POINT('',(-10.8329236942,-7.382530879509,
    23.992739421697));
#2882 = CARTESIAN_POINT('',(-12.09999975636,-3.690942249591,
    23.871370894451));
#2883 = CARTESIAN_POINT('',(-12.09999979264,3.690941149382,
    23.628629168569));
#2884 = CARTESIAN_POINT('',(-10.83292444049,7.3825288102,23.507260673108
    ));
#2885 = CARTESIAN_POINT('',(-8.300996562684,10.574732625212,
    23.38588897685));
#2886 = CARTESIAN_POINT('',(-4.727430169793,12.777735445635,
    23.264518990315));
#2887 = CARTESIAN_POINT('',(-0.569971472396,13.611632690771,
    23.143149131055));
#2888 = CARTESIAN_POINT('',(3.574891640967,12.960137739454,
    23.021778941787));
#2889 = CARTESIAN_POINT('',(7.14460934028,10.991180477315,
    22.900408653824));
#2890 = CARTESIAN_POINT('',(9.737711894158,8.0751785243,22.779038412513)
  );
#2891 = CARTESIAN_POINT('',(11.162364524897,4.670291019897,
    22.657668218552));
#2892 = PCURVE('',#179,#2893);
#2893 = DEFINITIONAL_REPRESENTATION('',(#2894),#2898);
#2894 = LINE('',#2895,#2896);
#2895 = CARTESIAN_POINT('',(1.36029408585,147.07956956672));
#2896 = VECTOR('',#2897,1.);
#2897 = DIRECTION('',(9.018073477479E-16,-1.));
#2898 = ( GEOMETRIC_REPRESENTATION_CONTEXT(2) 
PARAMETRIC_REPRESENTATION_CONTEXT() REPRESENTATION_CONTEXT('2D SPACE',''
  ) );
#2899 = PCURVE('',#531,#2900);
#2900 = DEFINITIONAL_REPRESENTATION('',(#2901),#2905);
#2901 = LINE('',#2902,#2903);
#2902 = CARTESIAN_POINT('',(-1.047964379353E-13,147.07956956672));
#2903 = VECTOR('',#2904,1.);
#2904 = DIRECTION('',(1.381934515544E-15,-1.));
#2905 = ( GEOMETRIC_REPRESENTATION_CONTEXT(2) 
PARAMETRIC_REPRESENTATION_CONTEXT() REPRESENTATION_CONTEXT('2D SPACE',''
  ) );
#2906 = ORIENTED_EDGE('',*,*,#2907,.T.);
#2907 = EDGE_CURVE('',#2870,#2908,#2910,.T.);
#2908 = VERTEX_POINT('',#2909);
#2909 = CARTESIAN_POINT('',(12.1,0.,24.999969284531));
#2910 = SURFACE_CURVE('',#2911,(#2917,#2926),.PCURVE_S1.);
#2911 = B_SPLINE_CURVE_WITH_KNOTS('',4,(#2912,#2913,#2914,#2915,#2916),
  .UNSPECIFIED.,.F.,.F.,(5,5),(0.,1.),.PIECEWISE_BEZIER_KNOTS.);
#2912 = CARTESIAN_POINT('',(11.146438692539,-4.708172617105,
    24.840980522804));
#2913 = CARTESIAN_POINT('',(11.61687344201,-3.594434264987,
    24.880720954361));
#2914 = CARTESIAN_POINT('',(11.938929836133,-2.418129910785,
    24.920456087912));
#2915 = CARTESIAN_POINT('',(12.099999322245,-1.208759137583,
    24.960217320825));
#2916 = CARTESIAN_POINT('',(12.099999323506,1.133315663537E-12,
    24.999968687627));
#2917 = PCURVE('',#179,#2918);
#2918 = DEFINITIONAL_REPRESENTATION('',(#2919),#2925);
#2919 = B_SPLINE_CURVE_WITH_KNOTS('',4,(#2920,#2921,#2922,#2923,#2924),
  .UNSPECIFIED.,.F.,.F.,(5,5),(0.,1.),.PIECEWISE_BEZIER_KNOTS.);
#2920 = CARTESIAN_POINT('',(1.360294085851,73.954935533188));
#2921 = CARTESIAN_POINT('',(1.36026957932,74.062473747747));
#2922 = CARTESIAN_POINT('',(1.360246488111,74.169995043663));
#2923 = CARTESIAN_POINT('',(1.360239952104,74.277557524605));
#2924 = CARTESIAN_POINT('',(1.360245154977,74.385072177678));
#2925 = ( GEOMETRIC_REPRESENTATION_CONTEXT(2) 
PARAMETRIC_REPRESENTATION_CONTEXT() REPRESENTATION_CONTEXT('2D SPACE',''
  ) );
#2926 = PCURVE('',#2927,#2932);
#2927 = CYLINDRICAL_SURFACE('',#2928,12.1);
#2928 = AXIS2_PLACEMENT_3D('',#2929,#2930,#2931);
#2929 = CARTESIAN_POINT('',(0.,0.,0.));
#2930 = DIRECTION('',(-0.,-0.,-1.));
#2931 = DIRECTION('',(1.,0.,0.));
#2932 = DEFINITIONAL_REPRESENTATION('',(#2933),#2939);
#2933 = B_SPLINE_CURVE_WITH_KNOTS('',4,(#2934,#2935,#2936,#2937,#2938),
  .UNSPECIFIED.,.F.,.F.,(5,5),(8.499092339569E-03,1.),
  .PIECEWISE_BEZIER_KNOTS.);
#2934 = CARTESIAN_POINT('',(-5.886922158015,-24.84233155097));
#2935 = CARTESIAN_POINT('',(-5.985991300437,-24.8817340977));
#2936 = CARTESIAN_POINT('',(-6.085045549621,-24.92113195598));
#2937 = CARTESIAN_POINT('',(-6.184136895439,-24.96055517136));
#2938 = CARTESIAN_POINT('',(-6.28318530718,-24.99996868762));
#2939 = ( GEOMETRIC_REPRESENTATION_CONTEXT(2) 
PARAMETRIC_REPRESENTATION_CONTEXT() REPRESENTATION_CONTEXT('2D SPACE',''
  ) );
#2940 = ORIENTED_EDGE('',*,*,#2941,.T.);
#2941 = EDGE_CURVE('',#2908,#2942,#2944,.T.);
#2942 = VERTEX_POINT('',#2943);
#2943 = CARTESIAN_POINT('',(12.099999963953,9.339956229642E-04,25.));
#2944 = SURFACE_CURVE('',#2945,(#2948,#2954),.PCURVE_S1.);
#2945 = B_SPLINE_CURVE_WITH_KNOTS('',1,(#2946,#2947),.UNSPECIFIED.,.F.,
  .F.,(2,2),(0.,1.),.PIECEWISE_BEZIER_KNOTS.);
#2946 = CARTESIAN_POINT('',(12.099999323506,1.134401507326E-12,
    24.999968687627));
#2947 = CARTESIAN_POINT('',(12.099999284595,9.703910266371E-04,
    25.0000006));
#2948 = PCURVE('',#179,#2949);
#2949 = DEFINITIONAL_REPRESENTATION('',(#2950),#2953);
#2950 = B_SPLINE_CURVE_WITH_KNOTS('',1,(#2951,#2952),.UNSPECIFIED.,.F.,
  .F.,(2,2),(0.,1.),.PIECEWISE_BEZIER_KNOTS.);
#2951 = CARTESIAN_POINT('',(1.36024512168,74.385072179923));
#2952 = CARTESIAN_POINT('',(1.360245125861,74.385158492615));
#2953 = ( GEOMETRIC_REPRESENTATION_CONTEXT(2) 
PARAMETRIC_REPRESENTATION_CONTEXT() REPRESENTATION_CONTEXT('2D SPACE',''
  ) );
#2954 = PCURVE('',#2927,#2955);
#2955 = DEFINITIONAL_REPRESENTATION('',(#2956),#2959);
#2956 = B_SPLINE_CURVE_WITH_KNOTS('',1,(#2957,#2958),.UNSPECIFIED.,.F.,
  .F.,(2,2),(0.,0.962514263556),.PIECEWISE_BEZIER_KNOTS.);
#2957 = CARTESIAN_POINT('',(-6.28318530718,-24.99996868762));
#2958 = CARTESIAN_POINT('',(-6.283262498519,-24.99999940374));
#2959 = ( GEOMETRIC_REPRESENTATION_CONTEXT(2) 
PARAMETRIC_REPRESENTATION_CONTEXT() REPRESENTATION_CONTEXT('2D SPACE',''
  ) );
#2960 = ORIENTED_EDGE('',*,*,#2961,.T.);
#2961 = EDGE_CURVE('',#2942,#2962,#2964,.T.);
#2962 = VERTEX_POINT('',#2963);
#2963 = CARTESIAN_POINT('',(-6.87253414,8.700567548557,25.));
#2964 = SURFACE_CURVE('',#2965,(#3004,#3046),.PCURVE_S1.);
#2965 = B_SPLINE_CURVE_WITH_KNOTS('',7,(#2966,#2967,#2968,#2969,#2970,
    #2971,#2972,#2973,#2974,#2975,#2976,#2977,#2978,#2979,#2980,#2981,
    #2982,#2983,#2984,#2985,#2986,#2987,#2988,#2989,#2990,#2991,#2992,
    #2993,#2994,#2995,#2996,#2997,#2998,#2999,#3000,#3001,#3002,#3003),
  .UNSPECIFIED.,.F.,.F.,(8,6,6,6,6,6,8),(0.,0.276499348504,0.53281684396
    ,0.653946721359,0.714027322764,0.774762034743,1.),.UNSPECIFIED.);
#2966 = CARTESIAN_POINT('',(12.1,9.330304531218E-04,25.));
#2967 = CARTESIAN_POINT('',(12.061309759617,1.036865286704,25.));
#2968 = CARTESIAN_POINT('',(11.918987524895,2.069188229975,25.));
#2969 = CARTESIAN_POINT('',(11.672966973801,3.084928104382,25.));
#2970 = CARTESIAN_POINT('',(11.325309486336,4.071584832917,25.));
#2971 = CARTESIAN_POINT('',(10.87977398741,5.017051960451,25.));
#2972 = CARTESIAN_POINT('',(10.341844471304,5.909620662698,25.));
#2973 = CARTESIAN_POINT('',(9.142209801567,7.506423466547,25.));
#2974 = CARTESIAN_POINT('',(8.49214049541,8.220001743596,25.));
#2975 = CARTESIAN_POINT('',(7.775196848835,8.870116101482,25.));
#2976 = CARTESIAN_POINT('',(6.998640810687,9.449123429838,25.));
#2977 = CARTESIAN_POINT('',(6.170688678466,9.950372606736,25.));
#2978 = CARTESIAN_POINT('',(5.30052574976,10.368266502822,25.));
#2979 = CARTESIAN_POINT('',(3.972290560191,10.854757149249,25.));
#2980 = CARTESIAN_POINT('',(3.538885589022,10.991349646666,25.));
#2981 = CARTESIAN_POINT('',(3.099398628952,11.10797493637,25.));
#2982 = CARTESIAN_POINT('',(2.654923098239,11.204271014005,25.));
#2983 = CARTESIAN_POINT('',(2.206578036305,11.279950679306,25.));
#2984 = CARTESIAN_POINT('',(1.755507929255,11.334802530052,25.));
#2985 = CARTESIAN_POINT('',(1.078379659151,11.385501162279,25.));
#2986 = CARTESIAN_POINT('',(0.853492874079,11.397153221274,25.));
#2987 = CARTESIAN_POINT('',(0.628364046805,11.403632425948,25.));
#2988 = CARTESIAN_POINT('',(0.403135916503,11.404926784562,25.));
#2989 = CARTESIAN_POINT('',(0.177951906218,11.401028894812,25.));
#2990 = CARTESIAN_POINT('',(-4.70440658009E-02,11.39193681794,25.));
#2991 = CARTESIAN_POINT('',(-0.498817446395,11.363217597991,25.));
#2992 = CARTESIAN_POINT('',(-0.725587763661,11.343477014844,25.));
#2993 = CARTESIAN_POINT('',(-0.951869469653,11.318437559119,25.));
#2994 = CARTESIAN_POINT('',(-1.177513426098,11.288108703252,25.));
#2995 = CARTESIAN_POINT('',(-1.402370613361,11.252505036405,25.));
#2996 = CARTESIAN_POINT('',(-1.626292130452,11.211646264469,25.));
#2997 = CARTESIAN_POINT('',(-2.675532504944,10.994633458248,25.));
#2998 = CARTESIAN_POINT('',(-3.487163050841,10.751747181942,25.));
#2999 = CARTESIAN_POINT('',(-4.276200014403,10.438173046549,25.));
#3000 = CARTESIAN_POINT('',(-5.035204912874,10.05623569741,25.));
#3001 = CARTESIAN_POINT('',(-5.75705370163,9.609155772045,25.));
#3002 = CARTESIAN_POINT('',(-6.434967074627,9.10108039341,25.));
#3003 = CARTESIAN_POINT('',(-7.062638962705,8.537298144165,25.));
#3004 = PCURVE('',#179,#3005);
#3005 = DEFINITIONAL_REPRESENTATION('',(#3006),#3045);
#3006 = B_SPLINE_CURVE_WITH_KNOTS('',7,(#3007,#3008,#3009,#3010,#3011,
    #3012,#3013,#3014,#3015,#3016,#3017,#3018,#3019,#3020,#3021,#3022,
    #3023,#3024,#3025,#3026,#3027,#3028,#3029,#3030,#3031,#3032,#3033,
    #3034,#3035,#3036,#3037,#3038,#3039,#3040,#3041,#3042,#3043,#3044),
  .UNSPECIFIED.,.F.,.F.,(8,6,6,6,6,6,8),(0.,0.276499348504,0.53281684396
    ,0.653946721359,0.714027322764,0.774762034743,1.),.UNSPECIFIED.);
#3007 = CARTESIAN_POINT('',(1.360246075858,74.385155169525));
#3008 = CARTESIAN_POINT('',(1.308759078183,74.477297771214));
#3009 = CARTESIAN_POINT('',(1.257067983869,74.569805623192));
#3010 = CARTESIAN_POINT('',(1.205195808416,74.662637530432));
#3011 = CARTESIAN_POINT('',(1.153134320343,74.75580822096));
#3012 = CARTESIAN_POINT('',(1.100872756201,74.84933696129));
#3013 = CARTESIAN_POINT('',(1.048399335393,74.943244844986));
#3014 = CARTESIAN_POINT('',(0.946915187446,75.124863691457));
#3015 = CARTESIAN_POINT('',(0.897909076223,75.212566392958));
#3016 = CARTESIAN_POINT('',(0.848733199988,75.300572920015));
#3017 = CARTESIAN_POINT('',(0.799383689179,75.388890204718));
#3018 = CARTESIAN_POINT('',(0.74984875176,75.477539341735));
#3019 = CARTESIAN_POINT('',(0.700122525557,75.566530801047));
#3020 = CARTESIAN_POINT('',(0.626638033493,75.698040692074));
#3021 = CARTESIAN_POINT('',(0.60301386317,75.740319159538));
#3022 = CARTESIAN_POINT('',(0.57934829823,75.782671702841));
#3023 = CARTESIAN_POINT('',(0.555641035907,75.825098863758));
#3024 = CARTESIAN_POINT('',(0.531891555464,75.867601576656));
#3025 = CARTESIAN_POINT('',(0.508099439358,75.910180596043));
#3026 = CARTESIAN_POINT('',(0.472442625064,75.973993031));
#3027 = CARTESIAN_POINT('',(0.460609971215,75.995169087843));
#3028 = CARTESIAN_POINT('',(0.448766787947,76.016363987729));
#3029 = CARTESIAN_POINT('',(0.436912939763,76.037577983301));
#3030 = CARTESIAN_POINT('',(0.425048270308,76.058811366401));
#3031 = CARTESIAN_POINT('',(0.413172772087,76.080064147718));
#3032 = CARTESIAN_POINT('',(0.389271334652,76.122838913566));
#3033 = CARTESIAN_POINT('',(0.377245059506,76.144361507506));
#3034 = CARTESIAN_POINT('',(0.36520785751,76.165903649439));
#3035 = CARTESIAN_POINT('',(0.353159661304,76.187465460181));
#3036 = CARTESIAN_POINT('',(0.341100409401,76.20904705018));
#3037 = CARTESIAN_POINT('',(0.329030046193,76.230648519518));
#3038 = CARTESIAN_POINT('',(0.272143535657,76.332454231932));
#3039 = CARTESIAN_POINT('',(0.227177530861,76.412926599046));
#3040 = CARTESIAN_POINT('',(0.182060073705,76.493669972953));
#3041 = CARTESIAN_POINT('',(0.136788599175,76.574688984965));
#3042 = CARTESIAN_POINT('',(9.135532207256E-02,76.655997591751));
#3043 = CARTESIAN_POINT('',(4.575592166326E-02,76.737603528574));
#3044 = CARTESIAN_POINT('',(0.,76.819489608015));
#3045 = ( GEOMETRIC_REPRESENTATION_CONTEXT(2) 
PARAMETRIC_REPRESENTATION_CONTEXT() REPRESENTATION_CONTEXT('2D SPACE',''
  ) );
#3046 = PCURVE('',#3047,#3052);
#3047 = PLANE('',#3048);
#3048 = AXIS2_PLACEMENT_3D('',#3049,#3050,#3051);
#3049 = CARTESIAN_POINT('',(-6.780694872096E-16,-4.189455084968E-17,25.)
  );
#3050 = DIRECTION('',(0.,0.,1.));
#3051 = DIRECTION('',(1.,0.,-0.));
#3052 = DEFINITIONAL_REPRESENTATION('',(#3053),#3092);
#3053 = B_SPLINE_CURVE_WITH_KNOTS('',7,(#3054,#3055,#3056,#3057,#3058,
    #3059,#3060,#3061,#3062,#3063,#3064,#3065,#3066,#3067,#3068,#3069,
    #3070,#3071,#3072,#3073,#3074,#3075,#3076,#3077,#3078,#3079,#3080,
    #3081,#3082,#3083,#3084,#3085,#3086,#3087,#3088,#3089,#3090,#3091),
  .UNSPECIFIED.,.F.,.F.,(8,6,6,6,6,6,8),(0.,0.276499348504,0.53281684396
    ,0.653946721359,0.714027322764,0.774762034743,1.),.UNSPECIFIED.);
#3054 = CARTESIAN_POINT('',(12.1,9.330304531219E-04));
#3055 = CARTESIAN_POINT('',(12.061309759617,1.036865286704));
#3056 = CARTESIAN_POINT('',(11.918987524895,2.069188229975));
#3057 = CARTESIAN_POINT('',(11.672966973801,3.084928104382));
#3058 = CARTESIAN_POINT('',(11.325309486336,4.071584832917));
#3059 = CARTESIAN_POINT('',(10.87977398741,5.017051960451));
#3060 = CARTESIAN_POINT('',(10.341844471304,5.909620662698));
#3061 = CARTESIAN_POINT('',(9.142209801567,7.506423466547));
#3062 = CARTESIAN_POINT('',(8.49214049541,8.220001743596));
#3063 = CARTESIAN_POINT('',(7.775196848835,8.870116101482));
#3064 = CARTESIAN_POINT('',(6.998640810687,9.449123429838));
#3065 = CARTESIAN_POINT('',(6.170688678466,9.950372606736));
#3066 = CARTESIAN_POINT('',(5.30052574976,10.368266502822));
#3067 = CARTESIAN_POINT('',(3.972290560191,10.854757149249));
#3068 = CARTESIAN_POINT('',(3.538885589022,10.991349646666));
#3069 = CARTESIAN_POINT('',(3.099398628952,11.10797493637));
#3070 = CARTESIAN_POINT('',(2.654923098239,11.204271014005));
#3071 = CARTESIAN_POINT('',(2.206578036305,11.279950679306));
#3072 = CARTESIAN_POINT('',(1.755507929255,11.334802530052));
#3073 = CARTESIAN_POINT('',(1.078379659151,11.385501162279));
#3074 = CARTESIAN_POINT('',(0.853492874079,11.397153221274));
#3075 = CARTESIAN_POINT('',(0.628364046805,11.403632425948));
#3076 = CARTESIAN_POINT('',(0.403135916503,11.404926784562));
#3077 = CARTESIAN_POINT('',(0.177951906218,11.401028894812));
#3078 = CARTESIAN_POINT('',(-4.70440658009E-02,11.39193681794));
#3079 = CARTESIAN_POINT('',(-0.498817446395,11.363217597991));
#3080 = CARTESIAN_POINT('',(-0.725587763661,11.343477014844));
#3081 = CARTESIAN_POINT('',(-0.951869469653,11.318437559119));
#3082 = CARTESIAN_POINT('',(-1.177513426098,11.288108703252));
#3083 = CARTESIAN_POINT('',(-1.402370613361,11.252505036405));
#3084 = CARTESIAN_POINT('',(-1.626292130452,11.211646264469));
#3085 = CARTESIAN_POINT('',(-2.675532504944,10.994633458248));
#3086 = CARTESIAN_POINT('',(-3.487163050841,10.751747181942));
#3087 = CARTESIAN_POINT('',(-4.276200014403,10.438173046549));
#3088 = CARTESIAN_POINT('',(-5.035204912874,10.05623569741));
#3089 = CARTESIAN_POINT('',(-5.75705370163,9.609155772045));
#3090 = CARTESIAN_POINT('',(-6.434967074627,9.10108039341));
#3091 = CARTESIAN_POINT('',(-7.062638962705,8.537298144165));
#3092 = ( GEOMETRIC_REPRESENTATION_CONTEXT(2) 
PARAMETRIC_REPRESENTATION_CONTEXT() REPRESENTATION_CONTEXT('2D SPACE',''
  ) );
#3093 = ORIENTED_EDGE('',*,*,#3094,.F.);
#3094 = EDGE_CURVE('',#3095,#2962,#3097,.T.);
#3095 = VERTEX_POINT('',#3096);
#3096 = CARTESIAN_POINT('',(11.1,0.,24.117618880725));
#3097 = SURFACE_CURVE('',#3098,(#3229,#3236),.PCURVE_S1.);
#3098 = B_SPLINE_CURVE_WITH_KNOTS('',9,(#3099,#3100,#3101,#3102,#3103,
    #3104,#3105,#3106,#3107,#3108,#3109,#3110,#3111,#3112,#3113,#3114,
    #3115,#3116,#3117,#3118,#3119,#3120,#3121,#3122,#3123,#3124,#3125,
    #3126,#3127,#3128,#3129,#3130,#3131,#3132,#3133,#3134,#3135,#3136,
    #3137,#3138,#3139,#3140,#3141,#3142,#3143,#3144,#3145,#3146,#3147,
    #3148,#3149,#3150,#3151,#3152,#3153,#3154,#3155,#3156,#3157,#3158,
    #3159,#3160,#3161,#3162,#3163,#3164,#3165,#3166,#3167,#3168,#3169,
    #3170,#3171,#3172,#3173,#3174,#3175,#3176,#3177,#3178,#3179,#3180,
    #3181,#3182,#3183,#3184,#3185,#3186,#3187,#3188,#3189,#3190,#3191,
    #3192,#3193,#3194,#3195,#3196,#3197,#3198,#3199,#3200,#3201,#3202,
    #3203,#3204,#3205,#3206,#3207,#3208,#3209,#3210,#3211,#3212,#3213,
    #3214,#3215,#3216,#3217,#3218,#3219,#3220,#3221,#3222,#3223,#3224,
    #3225,#3226,#3227,#3228),.UNSPECIFIED.,.F.,.F.,(10,8,8,8,8,8,8,8,8,8
    ,8,8,8,8,8,8,10),(0.,5.071709268329,10.143418536657,15.215127804986,
    20.286837073315,25.358546341643,30.430255609972,35.501964878301,
    40.573674146629,45.645383414958,50.717092683287,55.788801951616,
    60.860511219944,65.932220488273,71.003929756602,76.07563902493,
    81.147348293259),.UNSPECIFIED.);
#3099 = CARTESIAN_POINT('',(11.079999464309,-6.485415759983E-08,
    -3.399999814308));
#3100 = CARTESIAN_POINT('',(11.080002469843,5.801476609208,
    -3.191668176425));
#3101 = CARTESIAN_POINT('',(7.661374746175,11.604673060505,
    -2.98332795861));
#3102 = CARTESIAN_POINT('',(0.834470677089,15.093930246303,
    -2.775011632179));
#3103 = CARTESIAN_POINT('',(-7.633777384608,14.034538219445,
    -2.566649920629));
#3104 = CARTESIAN_POINT('',(-14.03451821911,7.633748296238,
    -2.358349943714));
#3105 = CARTESIAN_POINT('',(-15.09393821951,-0.834443640243,
    -2.149988734934));
#3106 = CARTESIAN_POINT('',(-11.60467170246,-7.661389865565,
    -1.941671632411));
#3107 = CARTESIAN_POINT('',(-5.801476689479,-11.07999771889,
    -1.73333216308));
#3108 = CARTESIAN_POINT('',(5.801476585609,-11.0800018683,-1.31666783707
    ));
#3109 = CARTESIAN_POINT('',(11.604673094144,-7.661375603739,
    -1.108328442398));
#3110 = CARTESIAN_POINT('',(15.093930208091,-0.834469702825,
    -0.900011082557));
#3111 = CARTESIAN_POINT('',(14.034538254176,7.633776498984,
    -0.691650420244));
#3112 = CARTESIAN_POINT('',(7.633748271272,14.03451885581,
    -0.483349584533));
#3113 = CARTESIAN_POINT('',(-0.834443626538,15.09393787,-0.274988932107)
  );
#3114 = CARTESIAN_POINT('',(-7.661389870807,11.604671836129,
    -6.667155700831E-02));
#3115 = CARTESIAN_POINT('',(-11.07999771792,5.801476664723,
    0.141667822954));
#3116 = CARTESIAN_POINT('',(-11.08000186876,-5.801476573791,
    0.558332169597));
#3117 = CARTESIAN_POINT('',(-7.661375603078,-11.60467311099,
    0.766671548098));
#3118 = CARTESIAN_POINT('',(-0.834469703576,-15.09393018894,
    0.97498892824));
#3119 = CARTESIAN_POINT('',(7.633776499668,-14.03453827158,
    1.183349569942));
#3120 = CARTESIAN_POINT('',(14.034518855317,-7.633748258757,
    1.391650422522));
#3121 = CARTESIAN_POINT('',(15.093937870272,0.834443619667,
    1.600011064021));
#3122 = CARTESIAN_POINT('',(11.604671836025,7.661389873434,
    1.808328444472));
#3123 = CARTESIAN_POINT('',(5.801476664742,11.079997717437,2.01666782268
    ));
#3124 = CARTESIAN_POINT('',(-5.8014765738,11.080001868999,2.433332169727
    ));
#3125 = CARTESIAN_POINT('',(-11.60467311098,7.661375602745,
    2.641671547913));
#3126 = CARTESIAN_POINT('',(-15.09393018895,0.834469703955,
    2.849988928449));
#3127 = CARTESIAN_POINT('',(-14.03453827157,-7.633776500012,
    3.058349569754));
#3128 = CARTESIAN_POINT('',(-7.633748258763,-14.03451885507,
    3.266650422656));
#3129 = CARTESIAN_POINT('',(0.83444361967,-15.0939378704,3.475011063948)
  );
#3130 = CARTESIAN_POINT('',(7.661389873434,-11.60467183597,3.6833284445)
  );
#3131 = CARTESIAN_POINT('',(11.079997717437,-5.801476664751,
    3.891667822675));
#3132 = CARTESIAN_POINT('',(11.080001868999,5.801476573804,4.30833216973
    ));
#3133 = CARTESIAN_POINT('',(7.661375602743,11.604673110979,
    4.516671547911));
#3134 = CARTESIAN_POINT('',(0.834469703958,15.093930188957,
    4.724988928451));
#3135 = CARTESIAN_POINT('',(-7.633776500017,14.034538271578,
    4.933349569753));
#3136 = CARTESIAN_POINT('',(-14.03451885506,7.633748258756,
    5.141650422657));
#3137 = CARTESIAN_POINT('',(-15.09393787041,-0.834443619665,
    5.350011063947));
#3138 = CARTESIAN_POINT('',(-11.60467183597,-7.661389873436,5.5583284445
    ));
#3139 = CARTESIAN_POINT('',(-5.801476664752,-11.07999771743,
    5.766667822675));
#3140 = CARTESIAN_POINT('',(5.801476573804,-11.08000186899,6.18333216973
    ));
#3141 = CARTESIAN_POINT('',(11.604673110978,-7.661375602746,
    6.391671547909));
#3142 = CARTESIAN_POINT('',(15.093930188959,-0.834469703954,
    6.599988928455));
#3143 = CARTESIAN_POINT('',(14.034538271575,7.633776500012,
    6.808349569748));
#3144 = CARTESIAN_POINT('',(7.633748258759,14.034518855069,
    7.016650422662));
#3145 = CARTESIAN_POINT('',(-0.834443619667,15.093937870408,
    7.225011063943));
#3146 = CARTESIAN_POINT('',(-7.661389873435,11.604671835973,
    7.433328444502));
#3147 = CARTESIAN_POINT('',(-11.07999771743,5.801476664752,
    7.641667822675));
#3148 = CARTESIAN_POINT('',(-11.08000186899,-5.801476573805,
    8.058332169731));
#3149 = CARTESIAN_POINT('',(-7.661375602748,-11.60467311097,
    8.266671547906));
#3150 = CARTESIAN_POINT('',(-0.834469703948,-15.09393018897,
    8.47498892846));
#3151 = CARTESIAN_POINT('',(7.633776500002,-14.03453827155,
    8.683349569741));
#3152 = CARTESIAN_POINT('',(14.03451885508,-7.633748258779,
    8.891650422667));
#3153 = CARTESIAN_POINT('',(15.0939378704,0.83444361968,9.10001106394));
#3154 = CARTESIAN_POINT('',(11.604671835976,7.661389873429,
    9.308328444503));
#3155 = CARTESIAN_POINT('',(5.801476664751,11.079997717438,
    9.516667822675));
#3156 = CARTESIAN_POINT('',(-5.801476573804,11.080001868999,
    9.93333216973));
#3157 = CARTESIAN_POINT('',(-11.60467311098,7.661375602743,
    10.141671547911));
#3158 = CARTESIAN_POINT('',(-15.09393018895,0.83446970396,
    10.349988928449));
#3159 = CARTESIAN_POINT('',(-14.03453827158,-7.633776500019,
    10.558349569755));
#3160 = CARTESIAN_POINT('',(-7.633748258751,-14.03451885506,
    10.766650422655));
#3161 = CARTESIAN_POINT('',(0.834443619661,-15.09393787041,
    10.975011063948));
#3162 = CARTESIAN_POINT('',(7.661389873438,-11.60467183597,
    11.183328444499));
#3163 = CARTESIAN_POINT('',(11.079997717435,-5.801476664751,
    11.391667822676));
#3164 = CARTESIAN_POINT('',(11.080001869001,5.801476573803,
    11.808332169728));
#3165 = CARTESIAN_POINT('',(7.661375602735,11.604673110983,
    12.016671547919));
#3166 = CARTESIAN_POINT('',(0.834469703972,15.093930188945,
    12.224988928435));
#3167 = CARTESIAN_POINT('',(-7.633776500031,14.034538271598,
    12.433349569774));
#3168 = CARTESIAN_POINT('',(-14.03451885505,7.633748258733,
    12.641650422638));
#3169 = CARTESIAN_POINT('',(-15.09393787041,-0.834443619648,
    12.850011063959));
#3170 = CARTESIAN_POINT('',(-11.60467183597,-7.661389873444,
    13.058328444494));
#3171 = CARTESIAN_POINT('',(-5.801476664752,-11.07999771743,
    13.266667822677));
#3172 = CARTESIAN_POINT('',(5.801476573804,-11.080001869,13.683332169727
    ));
#3173 = CARTESIAN_POINT('',(11.604673110984,-7.661375602731,
    13.891671547923));
#3174 = CARTESIAN_POINT('',(15.093930188943,-0.83446970398,
    14.099988928427));
#3175 = CARTESIAN_POINT('',(14.034538271601,7.633776500043,
    14.308349569784));
#3176 = CARTESIAN_POINT('',(7.63374825873,14.034518855045,
    14.516650422628));
#3177 = CARTESIAN_POINT('',(-0.834443619646,15.09393787042,
    14.725011063965));
#3178 = CARTESIAN_POINT('',(-7.661389873445,11.604671835969,
    14.933328444493));
#3179 = CARTESIAN_POINT('',(-11.07999771743,5.801476664752,
    15.141667822677));
#3180 = CARTESIAN_POINT('',(-11.08000186899,-5.801476573804,
    15.55833216973));
#3181 = CARTESIAN_POINT('',(-7.661375602748,-11.60467311097,
    15.766671547907));
#3182 = CARTESIAN_POINT('',(-0.834469703947,-15.09393018896,
    15.974988928462));
#3183 = CARTESIAN_POINT('',(7.6337765,-14.03453827156,16.183349569734));
#3184 = CARTESIAN_POINT('',(14.034518855082,-7.633748258778,
    16.391650422679));
#3185 = CARTESIAN_POINT('',(15.093937870399,0.834443619684,
    16.600011063929));
#3186 = CARTESIAN_POINT('',(11.604671835976,7.661389873424,
    16.80832844451));
#3187 = CARTESIAN_POINT('',(5.801476664752,11.079997717441,
    17.016667822672));
#3188 = CARTESIAN_POINT('',(-5.801476573805,11.080001868994,
    17.433332169734));
#3189 = CARTESIAN_POINT('',(-11.60467311097,7.661375602761,
    17.641671547894));
#3190 = CARTESIAN_POINT('',(-15.09393018898,0.834469703925,
    17.849988928484));
#3191 = CARTESIAN_POINT('',(-14.03453827153,-7.633776499977,
    18.058349569708));
#3192 = CARTESIAN_POINT('',(-7.633748258802,-14.03451885509,
    18.266650422701));
#3193 = CARTESIAN_POINT('',(0.834443619701,-15.09393787039,
    18.475011063917));
#3194 = CARTESIAN_POINT('',(7.661389873417,-11.60467183597,
    18.683328444514));
#3195 = CARTESIAN_POINT('',(11.079997717441,-5.801476664751,
    18.891667822672));
#3196 = CARTESIAN_POINT('',(11.080001868996,5.801476573804,
    19.308332169731));
#3197 = CARTESIAN_POINT('',(7.661375602751,11.604673110977,
    19.516671547907));
#3198 = CARTESIAN_POINT('',(0.834469703946,15.093930188961,
    19.724988928459));
#3199 = CARTESIAN_POINT('',(-7.633776500003,14.03453827157,
    19.93334956974));
#3200 = CARTESIAN_POINT('',(-14.03451885507,7.633748258765,
    20.14165042267));
#3201 = CARTESIAN_POINT('',(-15.0939378704,-0.834443619673,
    20.350011063938));
#3202 = CARTESIAN_POINT('',(-11.60467183597,-7.661389873431,
    20.558328444503));
#3203 = CARTESIAN_POINT('',(-5.801476664756,-11.07999771743,
    20.766667822677));
#3204 = CARTESIAN_POINT('',(5.801476573814,-11.080001869,21.183332169724
    ));
#3205 = CARTESIAN_POINT('',(11.604673110925,-7.66137560274,
    21.391671547943));
#3206 = CARTESIAN_POINT('',(15.093930189095,-0.834469703966,
    21.599988928365));
#3207 = CARTESIAN_POINT('',(14.03453827133,7.633776500025,
    21.808349569907));
#3208 = CARTESIAN_POINT('',(7.633748259097,14.034518855059,
    22.016650422448));
#3209 = CARTESIAN_POINT('',(-0.834443620037,15.093937870414,
    22.225011064171));
#3210 = CARTESIAN_POINT('',(-7.661389873108,11.604671835968,
    22.433328444307));
#3211 = CARTESIAN_POINT('',(-11.07999771766,5.801476664756,
    22.641667822809));
#3212 = CARTESIAN_POINT('',(-11.08000186851,-5.801476573814,
    23.058332169452));
#3213 = CARTESIAN_POINT('',(-7.661375605365,-11.60467311092,
    23.266671549409));
#3214 = CARTESIAN_POINT('',(-0.834469697113,-15.0939301891,
    23.474988924528));
#3215 = CARTESIAN_POINT('',(7.633776487564,-14.0345382713,23.68334957691
    ));
#3216 = CARTESIAN_POINT('',(14.03451887237,-7.633748259133,
    23.891650412687));
#3217 = CARTESIAN_POINT('',(15.093937851388,0.834443620068,
    24.100011074931));
#3218 = CARTESIAN_POINT('',(11.604671852707,7.661389873093,
    24.308328434819));
#3219 = CARTESIAN_POINT('',(5.801476653016,11.07999771767,
    24.516667829473));
#3220 = CARTESIAN_POINT('',(-5.80147654922,11.080001868518,
    24.933332155485));
#3221 = CARTESIAN_POINT('',(-11.60467324371,7.661375605335,
    25.141671624824));
#3222 = CARTESIAN_POINT('',(-15.09392984186,0.834469697183,
    25.349988727323));
#3223 = CARTESIAN_POINT('',(-14.03453890385,-7.633776487678,
    25.558349936138));
#3224 = CARTESIAN_POINT('',(-7.633747379258,-14.03451887222,
    25.766649913022));
#3225 = CARTESIAN_POINT('',(0.834442652132,-15.09393785153,
    25.975011624589));
#3226 = CARTESIAN_POINT('',(7.661390725076,-11.60467185259,
    26.183327951014));
#3227 = CARTESIAN_POINT('',(11.07999712005,-5.801476653094,
    26.391668168832));
#3228 = CARTESIAN_POINT('',(11.080000120233,-5.185508200611E-08,
    26.599999806714));
#3229 = PCURVE('',#179,#3230);
#3230 = DEFINITIONAL_REPRESENTATION('',(#3231),#3235);
#3231 = LINE('',#3232,#3233);
#3232 = CARTESIAN_POINT('',(0.,0.));
#3233 = VECTOR('',#3234,1.);
#3234 = DIRECTION('',(0.,1.));
#3235 = ( GEOMETRIC_REPRESENTATION_CONTEXT(2) 
PARAMETRIC_REPRESENTATION_CONTEXT() REPRESENTATION_CONTEXT('2D SPACE',''
  ) );
#3236 = PCURVE('',#3237,#3242);
#3237 = CYLINDRICAL_SURFACE('',#3238,11.1);
#3238 = AXIS2_PLACEMENT_3D('',#3239,#3240,#3241);
#3239 = CARTESIAN_POINT('',(0.,0.,0.));
#3240 = DIRECTION('',(-0.,-0.,-1.));
#3241 = DIRECTION('',(1.,0.,0.));
#3242 = DEFINITIONAL_REPRESENTATION('',(#3243),#3252);
#3243 = B_SPLINE_CURVE_WITH_KNOTS('',7,(#3244,#3245,#3246,#3247,#3248,
    #3249,#3250,#3251),.UNSPECIFIED.,.F.,.F.,(8,8),(74.385133460757,
    76.771809537901),.PIECEWISE_BEZIER_KNOTS.);
#3244 = CARTESIAN_POINT('',(-5.691738619738E-05,-24.10002373631));
#3245 = CARTESIAN_POINT('',(-0.316284886782,-24.22607363212));
#3246 = CARTESIAN_POINT('',(-0.636376306251,-24.35212375147));
#3247 = CARTESIAN_POINT('',(-0.945177250328,-24.47817205571));
#3248 = CARTESIAN_POINT('',(-1.272492995862,-24.60422486504));
#3249 = CARTESIAN_POINT('',(-1.581364303058,-24.73027213827));
#3250 = CARTESIAN_POINT('',(-1.901425127422,-24.85632290685));
#3251 = CARTESIAN_POINT('',(-2.217643806365,-24.98237278022));
#3252 = ( GEOMETRIC_REPRESENTATION_CONTEXT(2) 
PARAMETRIC_REPRESENTATION_CONTEXT() REPRESENTATION_CONTEXT('2D SPACE',''
  ) );
#3253 = ORIENTED_EDGE('',*,*,#3254,.F.);
#3254 = EDGE_CURVE('',#3255,#3095,#3257,.T.);
#3255 = VERTEX_POINT('',#3256);
#3256 = CARTESIAN_POINT('',(11.1,0.,21.61761664877));
#3257 = SURFACE_CURVE('',#3258,(#3389,#3396),.PCURVE_S1.);
#3258 = B_SPLINE_CURVE_WITH_KNOTS('',9,(#3259,#3260,#3261,#3262,#3263,
    #3264,#3265,#3266,#3267,#3268,#3269,#3270,#3271,#3272,#3273,#3274,
    #3275,#3276,#3277,#3278,#3279,#3280,#3281,#3282,#3283,#3284,#3285,
    #3286,#3287,#3288,#3289,#3290,#3291,#3292,#3293,#3294,#3295,#3296,
    #3297,#3298,#3299,#3300,#3301,#3302,#3303,#3304,#3305,#3306,#3307,
    #3308,#3309,#3310,#3311,#3312,#3313,#3314,#3315,#3316,#3317,#3318,
    #3319,#3320,#3321,#3322,#3323,#3324,#3325,#3326,#3327,#3328,#3329,
    #3330,#3331,#3332,#3333,#3334,#3335,#3336,#3337,#3338,#3339,#3340,
    #3341,#3342,#3343,#3344,#3345,#3346,#3347,#3348,#3349,#3350,#3351,
    #3352,#3353,#3354,#3355,#3356,#3357,#3358,#3359,#3360,#3361,#3362,
    #3363,#3364,#3365,#3366,#3367,#3368,#3369,#3370,#3371,#3372,#3373,
    #3374,#3375,#3376,#3377,#3378,#3379,#3380,#3381,#3382,#3383,#3384,
    #3385,#3386,#3387,#3388),.UNSPECIFIED.,.F.,.F.,(10,8,8,8,8,8,8,8,8,8
    ,8,8,8,8,8,8,10),(0.,5.071709268329,10.143418536657,15.215127804986,
    20.286837073315,25.358546341643,30.430255609972,35.501964878301,
    40.573674146629,45.645383414958,50.717092683287,55.788801951616,
    60.860511219944,65.932220488273,71.003929756602,76.07563902493,
    81.147348293259),.UNSPECIFIED.);
#3259 = CARTESIAN_POINT('',(11.079999464309,-6.485415759983E-08,
    -3.399999814308));
#3260 = CARTESIAN_POINT('',(11.080002469843,5.801476609208,
    -3.191668176425));
#3261 = CARTESIAN_POINT('',(7.661374746175,11.604673060505,
    -2.98332795861));
#3262 = CARTESIAN_POINT('',(0.834470677089,15.093930246303,
    -2.775011632179));
#3263 = CARTESIAN_POINT('',(-7.633777384608,14.034538219445,
    -2.566649920629));
#3264 = CARTESIAN_POINT('',(-14.03451821911,7.633748296238,
    -2.358349943714));
#3265 = CARTESIAN_POINT('',(-15.09393821951,-0.834443640243,
    -2.149988734934));
#3266 = CARTESIAN_POINT('',(-11.60467170246,-7.661389865565,
    -1.941671632411));
#3267 = CARTESIAN_POINT('',(-5.801476689479,-11.07999771889,
    -1.73333216308));
#3268 = CARTESIAN_POINT('',(5.801476585609,-11.0800018683,-1.31666783707
    ));
#3269 = CARTESIAN_POINT('',(11.604673094144,-7.661375603739,
    -1.108328442398));
#3270 = CARTESIAN_POINT('',(15.093930208091,-0.834469702825,
    -0.900011082557));
#3271 = CARTESIAN_POINT('',(14.034538254176,7.633776498984,
    -0.691650420244));
#3272 = CARTESIAN_POINT('',(7.633748271272,14.03451885581,
    -0.483349584533));
#3273 = CARTESIAN_POINT('',(-0.834443626538,15.09393787,-0.274988932107)
  );
#3274 = CARTESIAN_POINT('',(-7.661389870807,11.604671836129,
    -6.667155700831E-02));
#3275 = CARTESIAN_POINT('',(-11.07999771792,5.801476664723,
    0.141667822954));
#3276 = CARTESIAN_POINT('',(-11.08000186876,-5.801476573791,
    0.558332169597));
#3277 = CARTESIAN_POINT('',(-7.661375603078,-11.60467311099,
    0.766671548098));
#3278 = CARTESIAN_POINT('',(-0.834469703576,-15.09393018894,
    0.97498892824));
#3279 = CARTESIAN_POINT('',(7.633776499668,-14.03453827158,
    1.183349569942));
#3280 = CARTESIAN_POINT('',(14.034518855317,-7.633748258757,
    1.391650422522));
#3281 = CARTESIAN_POINT('',(15.093937870272,0.834443619667,
    1.600011064021));
#3282 = CARTESIAN_POINT('',(11.604671836025,7.661389873434,
    1.808328444472));
#3283 = CARTESIAN_POINT('',(5.801476664742,11.079997717437,2.01666782268
    ));
#3284 = CARTESIAN_POINT('',(-5.8014765738,11.080001868999,2.433332169727
    ));
#3285 = CARTESIAN_POINT('',(-11.60467311098,7.661375602745,
    2.641671547913));
#3286 = CARTESIAN_POINT('',(-15.09393018895,0.834469703955,
    2.849988928449));
#3287 = CARTESIAN_POINT('',(-14.03453827157,-7.633776500012,
    3.058349569754));
#3288 = CARTESIAN_POINT('',(-7.633748258763,-14.03451885507,
    3.266650422656));
#3289 = CARTESIAN_POINT('',(0.83444361967,-15.0939378704,3.475011063948)
  );
#3290 = CARTESIAN_POINT('',(7.661389873434,-11.60467183597,3.6833284445)
  );
#3291 = CARTESIAN_POINT('',(11.079997717437,-5.801476664751,
    3.891667822675));
#3292 = CARTESIAN_POINT('',(11.080001868999,5.801476573804,4.30833216973
    ));
#3293 = CARTESIAN_POINT('',(7.661375602743,11.604673110979,
    4.516671547911));
#3294 = CARTESIAN_POINT('',(0.834469703958,15.093930188957,
    4.724988928451));
#3295 = CARTESIAN_POINT('',(-7.633776500017,14.034538271578,
    4.933349569753));
#3296 = CARTESIAN_POINT('',(-14.03451885506,7.633748258756,
    5.141650422657));
#3297 = CARTESIAN_POINT('',(-15.09393787041,-0.834443619665,
    5.350011063947));
#3298 = CARTESIAN_POINT('',(-11.60467183597,-7.661389873436,5.5583284445
    ));
#3299 = CARTESIAN_POINT('',(-5.801476664752,-11.07999771743,
    5.766667822675));
#3300 = CARTESIAN_POINT('',(5.801476573804,-11.08000186899,6.18333216973
    ));
#3301 = CARTESIAN_POINT('',(11.604673110978,-7.661375602746,
    6.391671547909));
#3302 = CARTESIAN_POINT('',(15.093930188959,-0.834469703954,
    6.599988928455));
#3303 = CARTESIAN_POINT('',(14.034538271575,7.633776500012,
    6.808349569748));
#3304 = CARTESIAN_POINT('',(7.633748258759,14.034518855069,
    7.016650422662));
#3305 = CARTESIAN_POINT('',(-0.834443619667,15.093937870408,
    7.225011063943));
#3306 = CARTESIAN_POINT('',(-7.661389873435,11.604671835973,
    7.433328444502));
#3307 = CARTESIAN_POINT('',(-11.07999771743,5.801476664752,
    7.641667822675));
#3308 = CARTESIAN_POINT('',(-11.08000186899,-5.801476573805,
    8.058332169731));
#3309 = CARTESIAN_POINT('',(-7.661375602748,-11.60467311097,
    8.266671547906));
#3310 = CARTESIAN_POINT('',(-0.834469703948,-15.09393018897,
    8.47498892846));
#3311 = CARTESIAN_POINT('',(7.633776500002,-14.03453827155,
    8.683349569741));
#3312 = CARTESIAN_POINT('',(14.03451885508,-7.633748258779,
    8.891650422667));
#3313 = CARTESIAN_POINT('',(15.0939378704,0.83444361968,9.10001106394));
#3314 = CARTESIAN_POINT('',(11.604671835976,7.661389873429,
    9.308328444503));
#3315 = CARTESIAN_POINT('',(5.801476664751,11.079997717438,
    9.516667822675));
#3316 = CARTESIAN_POINT('',(-5.801476573804,11.080001868999,
    9.93333216973));
#3317 = CARTESIAN_POINT('',(-11.60467311098,7.661375602743,
    10.141671547911));
#3318 = CARTESIAN_POINT('',(-15.09393018895,0.83446970396,
    10.349988928449));
#3319 = CARTESIAN_POINT('',(-14.03453827158,-7.633776500019,
    10.558349569755));
#3320 = CARTESIAN_POINT('',(-7.633748258751,-14.03451885506,
    10.766650422655));
#3321 = CARTESIAN_POINT('',(0.834443619661,-15.09393787041,
    10.975011063948));
#3322 = CARTESIAN_POINT('',(7.661389873438,-11.60467183597,
    11.183328444499));
#3323 = CARTESIAN_POINT('',(11.079997717435,-5.801476664751,
    11.391667822676));
#3324 = CARTESIAN_POINT('',(11.080001869001,5.801476573803,
    11.808332169728));
#3325 = CARTESIAN_POINT('',(7.661375602735,11.604673110983,
    12.016671547919));
#3326 = CARTESIAN_POINT('',(0.834469703972,15.093930188945,
    12.224988928435));
#3327 = CARTESIAN_POINT('',(-7.633776500031,14.034538271598,
    12.433349569774));
#3328 = CARTESIAN_POINT('',(-14.03451885505,7.633748258733,
    12.641650422638));
#3329 = CARTESIAN_POINT('',(-15.09393787041,-0.834443619648,
    12.850011063959));
#3330 = CARTESIAN_POINT('',(-11.60467183597,-7.661389873444,
    13.058328444494));
#3331 = CARTESIAN_POINT('',(-5.801476664752,-11.07999771743,
    13.266667822677));
#3332 = CARTESIAN_POINT('',(5.801476573804,-11.080001869,13.683332169727
    ));
#3333 = CARTESIAN_POINT('',(11.604673110984,-7.661375602731,
    13.891671547923));
#3334 = CARTESIAN_POINT('',(15.093930188943,-0.83446970398,
    14.099988928427));
#3335 = CARTESIAN_POINT('',(14.034538271601,7.633776500043,
    14.308349569784));
#3336 = CARTESIAN_POINT('',(7.63374825873,14.034518855045,
    14.516650422628));
#3337 = CARTESIAN_POINT('',(-0.834443619646,15.09393787042,
    14.725011063965));
#3338 = CARTESIAN_POINT('',(-7.661389873445,11.604671835969,
    14.933328444493));
#3339 = CARTESIAN_POINT('',(-11.07999771743,5.801476664752,
    15.141667822677));
#3340 = CARTESIAN_POINT('',(-11.08000186899,-5.801476573804,
    15.55833216973));
#3341 = CARTESIAN_POINT('',(-7.661375602748,-11.60467311097,
    15.766671547907));
#3342 = CARTESIAN_POINT('',(-0.834469703947,-15.09393018896,
    15.974988928462));
#3343 = CARTESIAN_POINT('',(7.6337765,-14.03453827156,16.183349569734));
#3344 = CARTESIAN_POINT('',(14.034518855082,-7.633748258778,
    16.391650422679));
#3345 = CARTESIAN_POINT('',(15.093937870399,0.834443619684,
    16.600011063929));
#3346 = CARTESIAN_POINT('',(11.604671835976,7.661389873424,
    16.80832844451));
#3347 = CARTESIAN_POINT('',(5.801476664752,11.079997717441,
    17.016667822672));
#3348 = CARTESIAN_POINT('',(-5.801476573805,11.080001868994,
    17.433332169734));
#3349 = CARTESIAN_POINT('',(-11.60467311097,7.661375602761,
    17.641671547894));
#3350 = CARTESIAN_POINT('',(-15.09393018898,0.834469703925,
    17.849988928484));
#3351 = CARTESIAN_POINT('',(-14.03453827153,-7.633776499977,
    18.058349569708));
#3352 = CARTESIAN_POINT('',(-7.633748258802,-14.03451885509,
    18.266650422701));
#3353 = CARTESIAN_POINT('',(0.834443619701,-15.09393787039,
    18.475011063917));
#3354 = CARTESIAN_POINT('',(7.661389873417,-11.60467183597,
    18.683328444514));
#3355 = CARTESIAN_POINT('',(11.079997717441,-5.801476664751,
    18.891667822672));
#3356 = CARTESIAN_POINT('',(11.080001868996,5.801476573804,
    19.308332169731));
#3357 = CARTESIAN_POINT('',(7.661375602751,11.604673110977,
    19.516671547907));
#3358 = CARTESIAN_POINT('',(0.834469703946,15.093930188961,
    19.724988928459));
#3359 = CARTESIAN_POINT('',(-7.633776500003,14.03453827157,
    19.93334956974));
#3360 = CARTESIAN_POINT('',(-14.03451885507,7.633748258765,
    20.14165042267));
#3361 = CARTESIAN_POINT('',(-15.0939378704,-0.834443619673,
    20.350011063938));
#3362 = CARTESIAN_POINT('',(-11.60467183597,-7.661389873431,
    20.558328444503));
#3363 = CARTESIAN_POINT('',(-5.801476664756,-11.07999771743,
    20.766667822677));
#3364 = CARTESIAN_POINT('',(5.801476573814,-11.080001869,21.183332169724
    ));
#3365 = CARTESIAN_POINT('',(11.604673110925,-7.66137560274,
    21.391671547943));
#3366 = CARTESIAN_POINT('',(15.093930189095,-0.834469703966,
    21.599988928365));
#3367 = CARTESIAN_POINT('',(14.03453827133,7.633776500025,
    21.808349569907));
#3368 = CARTESIAN_POINT('',(7.633748259097,14.034518855059,
    22.016650422448));
#3369 = CARTESIAN_POINT('',(-0.834443620037,15.093937870414,
    22.225011064171));
#3370 = CARTESIAN_POINT('',(-7.661389873108,11.604671835968,
    22.433328444307));
#3371 = CARTESIAN_POINT('',(-11.07999771766,5.801476664756,
    22.641667822809));
#3372 = CARTESIAN_POINT('',(-11.08000186851,-5.801476573814,
    23.058332169452));
#3373 = CARTESIAN_POINT('',(-7.661375605365,-11.60467311092,
    23.266671549409));
#3374 = CARTESIAN_POINT('',(-0.834469697113,-15.0939301891,
    23.474988924528));
#3375 = CARTESIAN_POINT('',(7.633776487564,-14.0345382713,23.68334957691
    ));
#3376 = CARTESIAN_POINT('',(14.03451887237,-7.633748259133,
    23.891650412687));
#3377 = CARTESIAN_POINT('',(15.093937851388,0.834443620068,
    24.100011074931));
#3378 = CARTESIAN_POINT('',(11.604671852707,7.661389873093,
    24.308328434819));
#3379 = CARTESIAN_POINT('',(5.801476653016,11.07999771767,
    24.516667829473));
#3380 = CARTESIAN_POINT('',(-5.80147654922,11.080001868518,
    24.933332155485));
#3381 = CARTESIAN_POINT('',(-11.60467324371,7.661375605335,
    25.141671624824));
#3382 = CARTESIAN_POINT('',(-15.09392984186,0.834469697183,
    25.349988727323));
#3383 = CARTESIAN_POINT('',(-14.03453890385,-7.633776487678,
    25.558349936138));
#3384 = CARTESIAN_POINT('',(-7.633747379258,-14.03451887222,
    25.766649913022));
#3385 = CARTESIAN_POINT('',(0.834442652132,-15.09393785153,
    25.975011624589));
#3386 = CARTESIAN_POINT('',(7.661390725076,-11.60467185259,
    26.183327951014));
#3387 = CARTESIAN_POINT('',(11.07999712005,-5.801476653094,
    26.391668168832));
#3388 = CARTESIAN_POINT('',(11.080000120233,-5.185508200611E-08,
    26.599999806714));
#3389 = PCURVE('',#179,#3390);
#3390 = DEFINITIONAL_REPRESENTATION('',(#3391),#3395);
#3391 = LINE('',#3392,#3393);
#3392 = CARTESIAN_POINT('',(0.,0.));
#3393 = VECTOR('',#3394,1.);
#3394 = DIRECTION('',(0.,1.));
#3395 = ( GEOMETRIC_REPRESENTATION_CONTEXT(2) 
PARAMETRIC_REPRESENTATION_CONTEXT() REPRESENTATION_CONTEXT('2D SPACE',''
  ) );
#3396 = PCURVE('',#3397,#3402);
#3397 = CYLINDRICAL_SURFACE('',#3398,11.1);
#3398 = AXIS2_PLACEMENT_3D('',#3399,#3400,#3401);
#3399 = CARTESIAN_POINT('',(0.,0.,0.));
#3400 = DIRECTION('',(-0.,-0.,-1.));
#3401 = DIRECTION('',(1.,0.,0.));
#3402 = DEFINITIONAL_REPRESENTATION('',(#3403),#3422);
#3403 = B_SPLINE_CURVE_WITH_KNOTS('',9,(#3404,#3405,#3406,#3407,#3408,
    #3409,#3410,#3411,#3412,#3413,#3414,#3415,#3416,#3417,#3418,#3419,
    #3420,#3421),.UNSPECIFIED.,.F.,.F.,(10,8,10),(67.622848600742,
    71.00399103075,74.385133460757),.UNSPECIFIED.);
#3404 = CARTESIAN_POINT('',(-5.692875362648E-05,-21.60002156195));
#3405 = CARTESIAN_POINT('',(-0.34849515972,-21.73891061197));
#3406 = CARTESIAN_POINT('',(-0.70245813589,-21.87779967409));
#3407 = CARTESIAN_POINT('',(-1.034608239966,-22.01668860766));
#3408 = CARTESIAN_POINT('',(-1.417308585871,-22.15557727182));
#3409 = CARTESIAN_POINT('',(-1.724280298164,-22.29446646326));
#3410 = CARTESIAN_POINT('',(-2.107288730236,-22.4333569759));
#3411 = CARTESIAN_POINT('',(-2.439158405283,-22.57224298093));
#3412 = CARTESIAN_POINT('',(-2.793212237657,-22.71113441305));
#3413 = CARTESIAN_POINT('',(-3.490086927361,-22.98891088479));
#3414 = CARTESIAN_POINT('',(-3.844140696252,-23.12780232221));
#3415 = CARTESIAN_POINT('',(-4.176010573021,-23.26668830966));
#3416 = CARTESIAN_POINT('',(-4.559018817556,-23.4055788517));
#3417 = CARTESIAN_POINT('',(-4.865990414095,-23.54446801473));
#3418 = CARTESIAN_POINT('',(-5.248691076602,-23.68335669563));
#3419 = CARTESIAN_POINT('',(-5.580841014944,-23.8222456232));
#3420 = CARTESIAN_POINT('',(-5.934803997218,-23.9611346863));
#3421 = CARTESIAN_POINT('',(-6.283242224566,-24.10002373631));
#3422 = ( GEOMETRIC_REPRESENTATION_CONTEXT(2) 
PARAMETRIC_REPRESENTATION_CONTEXT() REPRESENTATION_CONTEXT('2D SPACE',''
  ) );
#3423 = ORIENTED_EDGE('',*,*,#3424,.F.);
#3424 = EDGE_CURVE('',#3425,#3255,#3427,.T.);
#3425 = VERTEX_POINT('',#3426);
#3426 = CARTESIAN_POINT('',(11.1,0.,19.117647239734));
#3427 = SURFACE_CURVE('',#3428,(#3559,#3566),.PCURVE_S1.);
#3428 = B_SPLINE_CURVE_WITH_KNOTS('',9,(#3429,#3430,#3431,#3432,#3433,
    #3434,#3435,#3436,#3437,#3438,#3439,#3440,#3441,#3442,#3443,#3444,
    #3445,#3446,#3447,#3448,#3449,#3450,#3451,#3452,#3453,#3454,#3455,
    #3456,#3457,#3458,#3459,#3460,#3461,#3462,#3463,#3464,#3465,#3466,
    #3467,#3468,#3469,#3470,#3471,#3472,#3473,#3474,#3475,#3476,#3477,
    #3478,#3479,#3480,#3481,#3482,#3483,#3484,#3485,#3486,#3487,#3488,
    #3489,#3490,#3491,#3492,#3493,#3494,#3495,#3496,#3497,#3498,#3499,
    #3500,#3501,#3502,#3503,#3504,#3505,#3506,#3507,#3508,#3509,#3510,
    #3511,#3512,#3513,#3514,#3515,#3516,#3517,#3518,#3519,#3520,#3521,
    #3522,#3523,#3524,#3525,#3526,#3527,#3528,#3529,#3530,#3531,#3532,
    #3533,#3534,#3535,#3536,#3537,#3538,#3539,#3540,#3541,#3542,#3543,
    #3544,#3545,#3546,#3547,#3548,#3549,#3550,#3551,#3552,#3553,#3554,
    #3555,#3556,#3557,#3558),.UNSPECIFIED.,.F.,.F.,(10,8,8,8,8,8,8,8,8,8
    ,8,8,8,8,8,8,10),(0.,5.071709268329,10.143418536657,15.215127804986,
    20.286837073315,25.358546341643,30.430255609972,35.501964878301,
    40.573674146629,45.645383414958,50.717092683287,55.788801951616,
    60.860511219944,65.932220488273,71.003929756602,76.07563902493,
    81.147348293259),.UNSPECIFIED.);
#3429 = CARTESIAN_POINT('',(11.079999464309,-6.485415759983E-08,
    -3.399999814308));
#3430 = CARTESIAN_POINT('',(11.080002469843,5.801476609208,
    -3.191668176425));
#3431 = CARTESIAN_POINT('',(7.661374746175,11.604673060505,
    -2.98332795861));
#3432 = CARTESIAN_POINT('',(0.834470677089,15.093930246303,
    -2.775011632179));
#3433 = CARTESIAN_POINT('',(-7.633777384608,14.034538219445,
    -2.566649920629));
#3434 = CARTESIAN_POINT('',(-14.03451821911,7.633748296238,
    -2.358349943714));
#3435 = CARTESIAN_POINT('',(-15.09393821951,-0.834443640243,
    -2.149988734934));
#3436 = CARTESIAN_POINT('',(-11.60467170246,-7.661389865565,
    -1.941671632411));
#3437 = CARTESIAN_POINT('',(-5.801476689479,-11.07999771889,
    -1.73333216308));
#3438 = CARTESIAN_POINT('',(5.801476585609,-11.0800018683,-1.31666783707
    ));
#3439 = CARTESIAN_POINT('',(11.604673094144,-7.661375603739,
    -1.108328442398));
#3440 = CARTESIAN_POINT('',(15.093930208091,-0.834469702825,
    -0.900011082557));
#3441 = CARTESIAN_POINT('',(14.034538254176,7.633776498984,
    -0.691650420244));
#3442 = CARTESIAN_POINT('',(7.633748271272,14.03451885581,
    -0.483349584533));
#3443 = CARTESIAN_POINT('',(-0.834443626538,15.09393787,-0.274988932107)
  );
#3444 = CARTESIAN_POINT('',(-7.661389870807,11.604671836129,
    -6.667155700831E-02));
#3445 = CARTESIAN_POINT('',(-11.07999771792,5.801476664723,
    0.141667822954));
#3446 = CARTESIAN_POINT('',(-11.08000186876,-5.801476573791,
    0.558332169597));
#3447 = CARTESIAN_POINT('',(-7.661375603078,-11.60467311099,
    0.766671548098));
#3448 = CARTESIAN_POINT('',(-0.834469703576,-15.09393018894,
    0.97498892824));
#3449 = CARTESIAN_POINT('',(7.633776499668,-14.03453827158,
    1.183349569942));
#3450 = CARTESIAN_POINT('',(14.034518855317,-7.633748258757,
    1.391650422522));
#3451 = CARTESIAN_POINT('',(15.093937870272,0.834443619667,
    1.600011064021));
#3452 = CARTESIAN_POINT('',(11.604671836025,7.661389873434,
    1.808328444472));
#3453 = CARTESIAN_POINT('',(5.801476664742,11.079997717437,2.01666782268
    ));
#3454 = CARTESIAN_POINT('',(-5.8014765738,11.080001868999,2.433332169727
    ));
#3455 = CARTESIAN_POINT('',(-11.60467311098,7.661375602745,
    2.641671547913));
#3456 = CARTESIAN_POINT('',(-15.09393018895,0.834469703955,
    2.849988928449));
#3457 = CARTESIAN_POINT('',(-14.03453827157,-7.633776500012,
    3.058349569754));
#3458 = CARTESIAN_POINT('',(-7.633748258763,-14.03451885507,
    3.266650422656));
#3459 = CARTESIAN_POINT('',(0.83444361967,-15.0939378704,3.475011063948)
  );
#3460 = CARTESIAN_POINT('',(7.661389873434,-11.60467183597,3.6833284445)
  );
#3461 = CARTESIAN_POINT('',(11.079997717437,-5.801476664751,
    3.891667822675));
#3462 = CARTESIAN_POINT('',(11.080001868999,5.801476573804,4.30833216973
    ));
#3463 = CARTESIAN_POINT('',(7.661375602743,11.604673110979,
    4.516671547911));
#3464 = CARTESIAN_POINT('',(0.834469703958,15.093930188957,
    4.724988928451));
#3465 = CARTESIAN_POINT('',(-7.633776500017,14.034538271578,
    4.933349569753));
#3466 = CARTESIAN_POINT('',(-14.03451885506,7.633748258756,
    5.141650422657));
#3467 = CARTESIAN_POINT('',(-15.09393787041,-0.834443619665,
    5.350011063947));
#3468 = CARTESIAN_POINT('',(-11.60467183597,-7.661389873436,5.5583284445
    ));
#3469 = CARTESIAN_POINT('',(-5.801476664752,-11.07999771743,
    5.766667822675));
#3470 = CARTESIAN_POINT('',(5.801476573804,-11.08000186899,6.18333216973
    ));
#3471 = CARTESIAN_POINT('',(11.604673110978,-7.661375602746,
    6.391671547909));
#3472 = CARTESIAN_POINT('',(15.093930188959,-0.834469703954,
    6.599988928455));
#3473 = CARTESIAN_POINT('',(14.034538271575,7.633776500012,
    6.808349569748));
#3474 = CARTESIAN_POINT('',(7.633748258759,14.034518855069,
    7.016650422662));
#3475 = CARTESIAN_POINT('',(-0.834443619667,15.093937870408,
    7.225011063943));
#3476 = CARTESIAN_POINT('',(-7.661389873435,11.604671835973,
    7.433328444502));
#3477 = CARTESIAN_POINT('',(-11.07999771743,5.801476664752,
    7.641667822675));
#3478 = CARTESIAN_POINT('',(-11.08000186899,-5.801476573805,
    8.058332169731));
#3479 = CARTESIAN_POINT('',(-7.661375602748,-11.60467311097,
    8.266671547906));
#3480 = CARTESIAN_POINT('',(-0.834469703948,-15.09393018897,
    8.47498892846));
#3481 = CARTESIAN_POINT('',(7.633776500002,-14.03453827155,
    8.683349569741));
#3482 = CARTESIAN_POINT('',(14.03451885508,-7.633748258779,
    8.891650422667));
#3483 = CARTESIAN_POINT('',(15.0939378704,0.83444361968,9.10001106394));
#3484 = CARTESIAN_POINT('',(11.604671835976,7.661389873429,
    9.308328444503));
#3485 = CARTESIAN_POINT('',(5.801476664751,11.079997717438,
    9.516667822675));
#3486 = CARTESIAN_POINT('',(-5.801476573804,11.080001868999,
    9.93333216973));
#3487 = CARTESIAN_POINT('',(-11.60467311098,7.661375602743,
    10.141671547911));
#3488 = CARTESIAN_POINT('',(-15.09393018895,0.83446970396,
    10.349988928449));
#3489 = CARTESIAN_POINT('',(-14.03453827158,-7.633776500019,
    10.558349569755));
#3490 = CARTESIAN_POINT('',(-7.633748258751,-14.03451885506,
    10.766650422655));
#3491 = CARTESIAN_POINT('',(0.834443619661,-15.09393787041,
    10.975011063948));
#3492 = CARTESIAN_POINT('',(7.661389873438,-11.60467183597,
    11.183328444499));
#3493 = CARTESIAN_POINT('',(11.079997717435,-5.801476664751,
    11.391667822676));
#3494 = CARTESIAN_POINT('',(11.080001869001,5.801476573803,
    11.808332169728));
#3495 = CARTESIAN_POINT('',(7.661375602735,11.604673110983,
    12.016671547919));
#3496 = CARTESIAN_POINT('',(0.834469703972,15.093930188945,
    12.224988928435));
#3497 = CARTESIAN_POINT('',(-7.633776500031,14.034538271598,
    12.433349569774));
#3498 = CARTESIAN_POINT('',(-14.03451885505,7.633748258733,
    12.641650422638));
#3499 = CARTESIAN_POINT('',(-15.09393787041,-0.834443619648,
    12.850011063959));
#3500 = CARTESIAN_POINT('',(-11.60467183597,-7.661389873444,
    13.058328444494));
#3501 = CARTESIAN_POINT('',(-5.801476664752,-11.07999771743,
    13.266667822677));
#3502 = CARTESIAN_POINT('',(5.801476573804,-11.080001869,13.683332169727
    ));
#3503 = CARTESIAN_POINT('',(11.604673110984,-7.661375602731,
    13.891671547923));
#3504 = CARTESIAN_POINT('',(15.093930188943,-0.83446970398,
    14.099988928427));
#3505 = CARTESIAN_POINT('',(14.034538271601,7.633776500043,
    14.308349569784));
#3506 = CARTESIAN_POINT('',(7.63374825873,14.034518855045,
    14.516650422628));
#3507 = CARTESIAN_POINT('',(-0.834443619646,15.09393787042,
    14.725011063965));
#3508 = CARTESIAN_POINT('',(-7.661389873445,11.604671835969,
    14.933328444493));
#3509 = CARTESIAN_POINT('',(-11.07999771743,5.801476664752,
    15.141667822677));
#3510 = CARTESIAN_POINT('',(-11.08000186899,-5.801476573804,
    15.55833216973));
#3511 = CARTESIAN_POINT('',(-7.661375602748,-11.60467311097,
    15.766671547907));
#3512 = CARTESIAN_POINT('',(-0.834469703947,-15.09393018896,
    15.974988928462));
#3513 = CARTESIAN_POINT('',(7.6337765,-14.03453827156,16.183349569734));
#3514 = CARTESIAN_POINT('',(14.034518855082,-7.633748258778,
    16.391650422679));
#3515 = CARTESIAN_POINT('',(15.093937870399,0.834443619684,
    16.600011063929));
#3516 = CARTESIAN_POINT('',(11.604671835976,7.661389873424,
    16.80832844451));
#3517 = CARTESIAN_POINT('',(5.801476664752,11.079997717441,
    17.016667822672));
#3518 = CARTESIAN_POINT('',(-5.801476573805,11.080001868994,
    17.433332169734));
#3519 = CARTESIAN_POINT('',(-11.60467311097,7.661375602761,
    17.641671547894));
#3520 = CARTESIAN_POINT('',(-15.09393018898,0.834469703925,
    17.849988928484));
#3521 = CARTESIAN_POINT('',(-14.03453827153,-7.633776499977,
    18.058349569708));
#3522 = CARTESIAN_POINT('',(-7.633748258802,-14.03451885509,
    18.266650422701));
#3523 = CARTESIAN_POINT('',(0.834443619701,-15.09393787039,
    18.475011063917));
#3524 = CARTESIAN_POINT('',(7.661389873417,-11.60467183597,
    18.683328444514));
#3525 = CARTESIAN_POINT('',(11.079997717441,-5.801476664751,
    18.891667822672));
#3526 = CARTESIAN_POINT('',(11.080001868996,5.801476573804,
    19.308332169731));
#3527 = CARTESIAN_POINT('',(7.661375602751,11.604673110977,
    19.516671547907));
#3528 = CARTESIAN_POINT('',(0.834469703946,15.093930188961,
    19.724988928459));
#3529 = CARTESIAN_POINT('',(-7.633776500003,14.03453827157,
    19.93334956974));
#3530 = CARTESIAN_POINT('',(-14.03451885507,7.633748258765,
    20.14165042267));
#3531 = CARTESIAN_POINT('',(-15.0939378704,-0.834443619673,
    20.350011063938));
#3532 = CARTESIAN_POINT('',(-11.60467183597,-7.661389873431,
    20.558328444503));
#3533 = CARTESIAN_POINT('',(-5.801476664756,-11.07999771743,
    20.766667822677));
#3534 = CARTESIAN_POINT('',(5.801476573814,-11.080001869,21.183332169724
    ));
#3535 = CARTESIAN_POINT('',(11.604673110925,-7.66137560274,
    21.391671547943));
#3536 = CARTESIAN_POINT('',(15.093930189095,-0.834469703966,
    21.599988928365));
#3537 = CARTESIAN_POINT('',(14.03453827133,7.633776500025,
    21.808349569907));
#3538 = CARTESIAN_POINT('',(7.633748259097,14.034518855059,
    22.016650422448));
#3539 = CARTESIAN_POINT('',(-0.834443620037,15.093937870414,
    22.225011064171));
#3540 = CARTESIAN_POINT('',(-7.661389873108,11.604671835968,
    22.433328444307));
#3541 = CARTESIAN_POINT('',(-11.07999771766,5.801476664756,
    22.641667822809));
#3542 = CARTESIAN_POINT('',(-11.08000186851,-5.801476573814,
    23.058332169452));
#3543 = CARTESIAN_POINT('',(-7.661375605365,-11.60467311092,
    23.266671549409));
#3544 = CARTESIAN_POINT('',(-0.834469697113,-15.0939301891,
    23.474988924528));
#3545 = CARTESIAN_POINT('',(7.633776487564,-14.0345382713,23.68334957691
    ));
#3546 = CARTESIAN_POINT('',(14.03451887237,-7.633748259133,
    23.891650412687));
#3547 = CARTESIAN_POINT('',(15.093937851388,0.834443620068,
    24.100011074931));
#3548 = CARTESIAN_POINT('',(11.604671852707,7.661389873093,
    24.308328434819));
#3549 = CARTESIAN_POINT('',(5.801476653016,11.07999771767,
    24.516667829473));
#3550 = CARTESIAN_POINT('',(-5.80147654922,11.080001868518,
    24.933332155485));
#3551 = CARTESIAN_POINT('',(-11.60467324371,7.661375605335,
    25.141671624824));
#3552 = CARTESIAN_POINT('',(-15.09392984186,0.834469697183,
    25.349988727323));
#3553 = CARTESIAN_POINT('',(-14.03453890385,-7.633776487678,
    25.558349936138));
#3554 = CARTESIAN_POINT('',(-7.633747379258,-14.03451887222,
    25.766649913022));
#3555 = CARTESIAN_POINT('',(0.834442652132,-15.09393785153,
    25.975011624589));
#3556 = CARTESIAN_POINT('',(7.661390725076,-11.60467185259,
    26.183327951014));
#3557 = CARTESIAN_POINT('',(11.07999712005,-5.801476653094,
    26.391668168832));
#3558 = CARTESIAN_POINT('',(11.080000120233,-5.185508200611E-08,
    26.599999806714));
#3559 = PCURVE('',#179,#3560);
#3560 = DEFINITIONAL_REPRESENTATION('',(#3561),#3565);
#3561 = LINE('',#3562,#3563);
#3562 = CARTESIAN_POINT('',(0.,0.));
#3563 = VECTOR('',#3564,1.);
#3564 = DIRECTION('',(0.,1.));
#3565 = ( GEOMETRIC_REPRESENTATION_CONTEXT(2) 
PARAMETRIC_REPRESENTATION_CONTEXT() REPRESENTATION_CONTEXT('2D SPACE',''
  ) );
#3566 = PCURVE('',#3567,#3572);
#3567 = CYLINDRICAL_SURFACE('',#3568,11.1);
#3568 = AXIS2_PLACEMENT_3D('',#3569,#3570,#3571);
#3569 = CARTESIAN_POINT('',(0.,0.,0.));
#3570 = DIRECTION('',(-0.,-0.,-1.));
#3571 = DIRECTION('',(1.,0.,0.));
#3572 = DEFINITIONAL_REPRESENTATION('',(#3573),#3592);
#3573 = B_SPLINE_CURVE_WITH_KNOTS('',9,(#3574,#3575,#3576,#3577,#3578,
    #3579,#3580,#3581,#3582,#3583,#3584,#3585,#3586,#3587,#3588,#3589,
    #3590,#3591),.UNSPECIFIED.,.F.,.F.,(10,8,10),(60.860572590751,
    64.241710595747,67.622848600742),.UNSPECIFIED.);
#3574 = CARTESIAN_POINT('',(-5.701872893018E-05,-19.10002268473));
#3575 = CARTESIAN_POINT('',(-0.348493907585,-19.23891073896));
#3576 = CARTESIAN_POINT('',(-0.702547212953,-19.37780199403));
#3577 = CARTESIAN_POINT('',(-1.034416656417,-19.51668780017));
#3578 = CARTESIAN_POINT('',(-1.417424396743,-19.65557816042));
#3579 = CARTESIAN_POINT('',(-1.724395595927,-19.7944671415));
#3580 = CARTESIAN_POINT('',(-2.107095754171,-19.93335564126));
#3581 = CARTESIAN_POINT('',(-2.43924525911,-20.07224438659));
#3582 = CARTESIAN_POINT('',(-2.793207778015,-20.21113326787));
#3583 = CARTESIAN_POINT('',(-3.490083320541,-20.48891100437));
#3584 = CARTESIAN_POINT('',(-3.844041583739,-20.62780016542));
#3585 = CARTESIAN_POINT('',(-4.176394578084,-20.76668661457));
#3586 = CARTESIAN_POINT('',(-4.558393526531,-20.90558133821));
#3587 = CARTESIAN_POINT('',(-4.866494238493,-21.04446235857));
#3588 = CARTESIAN_POINT('',(-5.248493237581,-21.1833570844));
#3589 = CARTESIAN_POINT('',(-5.580846238632,-21.32224353221));
#3590 = CARTESIAN_POINT('',(-5.93480446098,-21.46113269369));
#3591 = CARTESIAN_POINT('',(-6.283242235933,-21.60002156195));
#3592 = ( GEOMETRIC_REPRESENTATION_CONTEXT(2) 
PARAMETRIC_REPRESENTATION_CONTEXT() REPRESENTATION_CONTEXT('2D SPACE',''
  ) );
#3593 = ORIENTED_EDGE('',*,*,#3594,.F.);
#3594 = EDGE_CURVE('',#3595,#3425,#3597,.T.);
#3595 = VERTEX_POINT('',#3596);
#3596 = CARTESIAN_POINT('',(11.1,0.,16.617618880725));
#3597 = SURFACE_CURVE('',#3598,(#3729,#3736),.PCURVE_S1.);
#3598 = B_SPLINE_CURVE_WITH_KNOTS('',9,(#3599,#3600,#3601,#3602,#3603,
    #3604,#3605,#3606,#3607,#3608,#3609,#3610,#3611,#3612,#3613,#3614,
    #3615,#3616,#3617,#3618,#3619,#3620,#3621,#3622,#3623,#3624,#3625,
    #3626,#3627,#3628,#3629,#3630,#3631,#3632,#3633,#3634,#3635,#3636,
    #3637,#3638,#3639,#3640,#3641,#3642,#3643,#3644,#3645,#3646,#3647,
    #3648,#3649,#3650,#3651,#3652,#3653,#3654,#3655,#3656,#3657,#3658,
    #3659,#3660,#3661,#3662,#3663,#3664,#3665,#3666,#3667,#3668,#3669,
    #3670,#3671,#3672,#3673,#3674,#3675,#3676,#3677,#3678,#3679,#3680,
    #3681,#3682,#3683,#3684,#3685,#3686,#3687,#3688,#3689,#3690,#3691,
    #3692,#3693,#3694,#3695,#3696,#3697,#3698,#3699,#3700,#3701,#3702,
    #3703,#3704,#3705,#3706,#3707,#3708,#3709,#3710,#3711,#3712,#3713,
    #3714,#3715,#3716,#3717,#3718,#3719,#3720,#3721,#3722,#3723,#3724,
    #3725,#3726,#3727,#3728),.UNSPECIFIED.,.F.,.F.,(10,8,8,8,8,8,8,8,8,8
    ,8,8,8,8,8,8,10),(0.,5.071709268329,10.143418536657,15.215127804986,
    20.286837073315,25.358546341643,30.430255609972,35.501964878301,
    40.573674146629,45.645383414958,50.717092683287,55.788801951616,
    60.860511219944,65.932220488273,71.003929756602,76.07563902493,
    81.147348293259),.UNSPECIFIED.);
#3599 = CARTESIAN_POINT('',(11.079999464309,-6.485415759983E-08,
    -3.399999814308));
#3600 = CARTESIAN_POINT('',(11.080002469843,5.801476609208,
    -3.191668176425));
#3601 = CARTESIAN_POINT('',(7.661374746175,11.604673060505,
    -2.98332795861));
#3602 = CARTESIAN_POINT('',(0.834470677089,15.093930246303,
    -2.775011632179));
#3603 = CARTESIAN_POINT('',(-7.633777384608,14.034538219445,
    -2.566649920629));
#3604 = CARTESIAN_POINT('',(-14.03451821911,7.633748296238,
    -2.358349943714));
#3605 = CARTESIAN_POINT('',(-15.09393821951,-0.834443640243,
    -2.149988734934));
#3606 = CARTESIAN_POINT('',(-11.60467170246,-7.661389865565,
    -1.941671632411));
#3607 = CARTESIAN_POINT('',(-5.801476689479,-11.07999771889,
    -1.73333216308));
#3608 = CARTESIAN_POINT('',(5.801476585609,-11.0800018683,-1.31666783707
    ));
#3609 = CARTESIAN_POINT('',(11.604673094144,-7.661375603739,
    -1.108328442398));
#3610 = CARTESIAN_POINT('',(15.093930208091,-0.834469702825,
    -0.900011082557));
#3611 = CARTESIAN_POINT('',(14.034538254176,7.633776498984,
    -0.691650420244));
#3612 = CARTESIAN_POINT('',(7.633748271272,14.03451885581,
    -0.483349584533));
#3613 = CARTESIAN_POINT('',(-0.834443626538,15.09393787,-0.274988932107)
  );
#3614 = CARTESIAN_POINT('',(-7.661389870807,11.604671836129,
    -6.667155700831E-02));
#3615 = CARTESIAN_POINT('',(-11.07999771792,5.801476664723,
    0.141667822954));
#3616 = CARTESIAN_POINT('',(-11.08000186876,-5.801476573791,
    0.558332169597));
#3617 = CARTESIAN_POINT('',(-7.661375603078,-11.60467311099,
    0.766671548098));
#3618 = CARTESIAN_POINT('',(-0.834469703576,-15.09393018894,
    0.97498892824));
#3619 = CARTESIAN_POINT('',(7.633776499668,-14.03453827158,
    1.183349569942));
#3620 = CARTESIAN_POINT('',(14.034518855317,-7.633748258757,
    1.391650422522));
#3621 = CARTESIAN_POINT('',(15.093937870272,0.834443619667,
    1.600011064021));
#3622 = CARTESIAN_POINT('',(11.604671836025,7.661389873434,
    1.808328444472));
#3623 = CARTESIAN_POINT('',(5.801476664742,11.079997717437,2.01666782268
    ));
#3624 = CARTESIAN_POINT('',(-5.8014765738,11.080001868999,2.433332169727
    ));
#3625 = CARTESIAN_POINT('',(-11.60467311098,7.661375602745,
    2.641671547913));
#3626 = CARTESIAN_POINT('',(-15.09393018895,0.834469703955,
    2.849988928449));
#3627 = CARTESIAN_POINT('',(-14.03453827157,-7.633776500012,
    3.058349569754));
#3628 = CARTESIAN_POINT('',(-7.633748258763,-14.03451885507,
    3.266650422656));
#3629 = CARTESIAN_POINT('',(0.83444361967,-15.0939378704,3.475011063948)
  );
#3630 = CARTESIAN_POINT('',(7.661389873434,-11.60467183597,3.6833284445)
  );
#3631 = CARTESIAN_POINT('',(11.079997717437,-5.801476664751,
    3.891667822675));
#3632 = CARTESIAN_POINT('',(11.080001868999,5.801476573804,4.30833216973
    ));
#3633 = CARTESIAN_POINT('',(7.661375602743,11.604673110979,
    4.516671547911));
#3634 = CARTESIAN_POINT('',(0.834469703958,15.093930188957,
    4.724988928451));
#3635 = CARTESIAN_POINT('',(-7.633776500017,14.034538271578,
    4.933349569753));
#3636 = CARTESIAN_POINT('',(-14.03451885506,7.633748258756,
    5.141650422657));
#3637 = CARTESIAN_POINT('',(-15.09393787041,-0.834443619665,
    5.350011063947));
#3638 = CARTESIAN_POINT('',(-11.60467183597,-7.661389873436,5.5583284445
    ));
#3639 = CARTESIAN_POINT('',(-5.801476664752,-11.07999771743,
    5.766667822675));
#3640 = CARTESIAN_POINT('',(5.801476573804,-11.08000186899,6.18333216973
    ));
#3641 = CARTESIAN_POINT('',(11.604673110978,-7.661375602746,
    6.391671547909));
#3642 = CARTESIAN_POINT('',(15.093930188959,-0.834469703954,
    6.599988928455));
#3643 = CARTESIAN_POINT('',(14.034538271575,7.633776500012,
    6.808349569748));
#3644 = CARTESIAN_POINT('',(7.633748258759,14.034518855069,
    7.016650422662));
#3645 = CARTESIAN_POINT('',(-0.834443619667,15.093937870408,
    7.225011063943));
#3646 = CARTESIAN_POINT('',(-7.661389873435,11.604671835973,
    7.433328444502));
#3647 = CARTESIAN_POINT('',(-11.07999771743,5.801476664752,
    7.641667822675));
#3648 = CARTESIAN_POINT('',(-11.08000186899,-5.801476573805,
    8.058332169731));
#3649 = CARTESIAN_POINT('',(-7.661375602748,-11.60467311097,
    8.266671547906));
#3650 = CARTESIAN_POINT('',(-0.834469703948,-15.09393018897,
    8.47498892846));
#3651 = CARTESIAN_POINT('',(7.633776500002,-14.03453827155,
    8.683349569741));
#3652 = CARTESIAN_POINT('',(14.03451885508,-7.633748258779,
    8.891650422667));
#3653 = CARTESIAN_POINT('',(15.0939378704,0.83444361968,9.10001106394));
#3654 = CARTESIAN_POINT('',(11.604671835976,7.661389873429,
    9.308328444503));
#3655 = CARTESIAN_POINT('',(5.801476664751,11.079997717438,
    9.516667822675));
#3656 = CARTESIAN_POINT('',(-5.801476573804,11.080001868999,
    9.93333216973));
#3657 = CARTESIAN_POINT('',(-11.60467311098,7.661375602743,
    10.141671547911));
#3658 = CARTESIAN_POINT('',(-15.09393018895,0.83446970396,
    10.349988928449));
#3659 = CARTESIAN_POINT('',(-14.03453827158,-7.633776500019,
    10.558349569755));
#3660 = CARTESIAN_POINT('',(-7.633748258751,-14.03451885506,
    10.766650422655));
#3661 = CARTESIAN_POINT('',(0.834443619661,-15.09393787041,
    10.975011063948));
#3662 = CARTESIAN_POINT('',(7.661389873438,-11.60467183597,
    11.183328444499));
#3663 = CARTESIAN_POINT('',(11.079997717435,-5.801476664751,
    11.391667822676));
#3664 = CARTESIAN_POINT('',(11.080001869001,5.801476573803,
    11.808332169728));
#3665 = CARTESIAN_POINT('',(7.661375602735,11.604673110983,
    12.016671547919));
#3666 = CARTESIAN_POINT('',(0.834469703972,15.093930188945,
    12.224988928435));
#3667 = CARTESIAN_POINT('',(-7.633776500031,14.034538271598,
    12.433349569774));
#3668 = CARTESIAN_POINT('',(-14.03451885505,7.633748258733,
    12.641650422638));
#3669 = CARTESIAN_POINT('',(-15.09393787041,-0.834443619648,
    12.850011063959));
#3670 = CARTESIAN_POINT('',(-11.60467183597,-7.661389873444,
    13.058328444494));
#3671 = CARTESIAN_POINT('',(-5.801476664752,-11.07999771743,
    13.266667822677));
#3672 = CARTESIAN_POINT('',(5.801476573804,-11.080001869,13.683332169727
    ));
#3673 = CARTESIAN_POINT('',(11.604673110984,-7.661375602731,
    13.891671547923));
#3674 = CARTESIAN_POINT('',(15.093930188943,-0.83446970398,
    14.099988928427));
#3675 = CARTESIAN_POINT('',(14.034538271601,7.633776500043,
    14.308349569784));
#3676 = CARTESIAN_POINT('',(7.63374825873,14.034518855045,
    14.516650422628));
#3677 = CARTESIAN_POINT('',(-0.834443619646,15.09393787042,
    14.725011063965));
#3678 = CARTESIAN_POINT('',(-7.661389873445,11.604671835969,
    14.933328444493));
#3679 = CARTESIAN_POINT('',(-11.07999771743,5.801476664752,
    15.141667822677));
#3680 = CARTESIAN_POINT('',(-11.08000186899,-5.801476573804,
    15.55833216973));
#3681 = CARTESIAN_POINT('',(-7.661375602748,-11.60467311097,
    15.766671547907));
#3682 = CARTESIAN_POINT('',(-0.834469703947,-15.09393018896,
    15.974988928462));
#3683 = CARTESIAN_POINT('',(7.6337765,-14.03453827156,16.183349569734));
#3684 = CARTESIAN_POINT('',(14.034518855082,-7.633748258778,
    16.391650422679));
#3685 = CARTESIAN_POINT('',(15.093937870399,0.834443619684,
    16.600011063929));
#3686 = CARTESIAN_POINT('',(11.604671835976,7.661389873424,
    16.80832844451));
#3687 = CARTESIAN_POINT('',(5.801476664752,11.079997717441,
    17.016667822672));
#3688 = CARTESIAN_POINT('',(-5.801476573805,11.080001868994,
    17.433332169734));
#3689 = CARTESIAN_POINT('',(-11.60467311097,7.661375602761,
    17.641671547894));
#3690 = CARTESIAN_POINT('',(-15.09393018898,0.834469703925,
    17.849988928484));
#3691 = CARTESIAN_POINT('',(-14.03453827153,-7.633776499977,
    18.058349569708));
#3692 = CARTESIAN_POINT('',(-7.633748258802,-14.03451885509,
    18.266650422701));
#3693 = CARTESIAN_POINT('',(0.834443619701,-15.09393787039,
    18.475011063917));
#3694 = CARTESIAN_POINT('',(7.661389873417,-11.60467183597,
    18.683328444514));
#3695 = CARTESIAN_POINT('',(11.079997717441,-5.801476664751,
    18.891667822672));
#3696 = CARTESIAN_POINT('',(11.080001868996,5.801476573804,
    19.308332169731));
#3697 = CARTESIAN_POINT('',(7.661375602751,11.604673110977,
    19.516671547907));
#3698 = CARTESIAN_POINT('',(0.834469703946,15.093930188961,
    19.724988928459));
#3699 = CARTESIAN_POINT('',(-7.633776500003,14.03453827157,
    19.93334956974));
#3700 = CARTESIAN_POINT('',(-14.03451885507,7.633748258765,
    20.14165042267));
#3701 = CARTESIAN_POINT('',(-15.0939378704,-0.834443619673,
    20.350011063938));
#3702 = CARTESIAN_POINT('',(-11.60467183597,-7.661389873431,
    20.558328444503));
#3703 = CARTESIAN_POINT('',(-5.801476664756,-11.07999771743,
    20.766667822677));
#3704 = CARTESIAN_POINT('',(5.801476573814,-11.080001869,21.183332169724
    ));
#3705 = CARTESIAN_POINT('',(11.604673110925,-7.66137560274,
    21.391671547943));
#3706 = CARTESIAN_POINT('',(15.093930189095,-0.834469703966,
    21.599988928365));
#3707 = CARTESIAN_POINT('',(14.03453827133,7.633776500025,
    21.808349569907));
#3708 = CARTESIAN_POINT('',(7.633748259097,14.034518855059,
    22.016650422448));
#3709 = CARTESIAN_POINT('',(-0.834443620037,15.093937870414,
    22.225011064171));
#3710 = CARTESIAN_POINT('',(-7.661389873108,11.604671835968,
    22.433328444307));
#3711 = CARTESIAN_POINT('',(-11.07999771766,5.801476664756,
    22.641667822809));
#3712 = CARTESIAN_POINT('',(-11.08000186851,-5.801476573814,
    23.058332169452));
#3713 = CARTESIAN_POINT('',(-7.661375605365,-11.60467311092,
    23.266671549409));
#3714 = CARTESIAN_POINT('',(-0.834469697113,-15.0939301891,
    23.474988924528));
#3715 = CARTESIAN_POINT('',(7.633776487564,-14.0345382713,23.68334957691
    ));
#3716 = CARTESIAN_POINT('',(14.03451887237,-7.633748259133,
    23.891650412687));
#3717 = CARTESIAN_POINT('',(15.093937851388,0.834443620068,
    24.100011074931));
#3718 = CARTESIAN_POINT('',(11.604671852707,7.661389873093,
    24.308328434819));
#3719 = CARTESIAN_POINT('',(5.801476653016,11.07999771767,
    24.516667829473));
#3720 = CARTESIAN_POINT('',(-5.80147654922,11.080001868518,
    24.933332155485));
#3721 = CARTESIAN_POINT('',(-11.60467324371,7.661375605335,
    25.141671624824));
#3722 = CARTESIAN_POINT('',(-15.09392984186,0.834469697183,
    25.349988727323));
#3723 = CARTESIAN_POINT('',(-14.03453890385,-7.633776487678,
    25.558349936138));
#3724 = CARTESIAN_POINT('',(-7.633747379258,-14.03451887222,
    25.766649913022));
#3725 = CARTESIAN_POINT('',(0.834442652132,-15.09393785153,
    25.975011624589));
#3726 = CARTESIAN_POINT('',(7.661390725076,-11.60467185259,
    26.183327951014));
#3727 = CARTESIAN_POINT('',(11.07999712005,-5.801476653094,
    26.391668168832));
#3728 = CARTESIAN_POINT('',(11.080000120233,-5.185508200611E-08,
    26.599999806714));
#3729 = PCURVE('',#179,#3730);
#3730 = DEFINITIONAL_REPRESENTATION('',(#3731),#3735);
#3731 = LINE('',#3732,#3733);
#3732 = CARTESIAN_POINT('',(0.,0.));
#3733 = VECTOR('',#3734,1.);
#3734 = DIRECTION('',(0.,1.));
#3735 = ( GEOMETRIC_REPRESENTATION_CONTEXT(2) 
PARAMETRIC_REPRESENTATION_CONTEXT() REPRESENTATION_CONTEXT('2D SPACE',''
  ) );
#3736 = PCURVE('',#3737,#3742);
#3737 = CYLINDRICAL_SURFACE('',#3738,11.1);
#3738 = AXIS2_PLACEMENT_3D('',#3739,#3740,#3741);
#3739 = CARTESIAN_POINT('',(0.,0.,0.));
#3740 = DIRECTION('',(-0.,-0.,-1.));
#3741 = DIRECTION('',(1.,0.,0.));
#3742 = DEFINITIONAL_REPRESENTATION('',(#3743),#3762);
#3743 = B_SPLINE_CURVE_WITH_KNOTS('',9,(#3744,#3745,#3746,#3747,#3748,
    #3749,#3750,#3751,#3752,#3753,#3754,#3755,#3756,#3757,#3758,#3759,
    #3760,#3761),.UNSPECIFIED.,.F.,.F.,(10,8,10),(54.098296387443,
    57.479434489097,60.860572590751),.UNSPECIFIED.);
#3744 = CARTESIAN_POINT('',(-5.707446574688E-05,-16.60002379881));
#3745 = CARTESIAN_POINT('',(-0.348494855762,-16.73891267103));
#3746 = CARTESIAN_POINT('',(-0.702449055553,-16.87780021508));
#3747 = CARTESIAN_POINT('',(-1.0348181181,-17.01669305801));
#3748 = CARTESIAN_POINT('',(-1.416787032671,-17.15557583177));
#3749 = CARTESIAN_POINT('',(-1.724920099543,-17.29446972499));
#3750 = CARTESIAN_POINT('',(-2.106898467526,-17.4333562433));
#3751 = CARTESIAN_POINT('',(-2.439258796537,-17.57224560562));
#3752 = CARTESIAN_POINT('',(-2.793215909011,-17.71113432564));
#3753 = CARTESIAN_POINT('',(-3.490091478693,-17.98891207009));
#3754 = CARTESIAN_POINT('',(-3.844052882114,-18.1278005091));
#3755 = CARTESIAN_POINT('',(-4.176209878984,-18.26669217523));
#3756 = CARTESIAN_POINT('',(-4.558889091102,-18.40557244967));
#3757 = CARTESIAN_POINT('',(-4.865892762551,-18.54447433404));
#3758 = CARTESIAN_POINT('',(-5.248870652067,-18.68335271242));
#3759 = CARTESIAN_POINT('',(-5.580755965291,-18.8222449309));
#3760 = CARTESIAN_POINT('',(-5.934805270012,-18.96113456402));
#3761 = CARTESIAN_POINT('',(-6.283242168829,-19.10002262223));
#3762 = ( GEOMETRIC_REPRESENTATION_CONTEXT(2) 
PARAMETRIC_REPRESENTATION_CONTEXT() REPRESENTATION_CONTEXT('2D SPACE',''
  ) );
#3763 = ORIENTED_EDGE('',*,*,#3764,.F.);
#3764 = EDGE_CURVE('',#3765,#3595,#3767,.T.);
#3765 = VERTEX_POINT('',#3766);
#3766 = CARTESIAN_POINT('',(11.1,0.,14.11761664877));
#3767 = SURFACE_CURVE('',#3768,(#3899,#3906),.PCURVE_S1.);
#3768 = B_SPLINE_CURVE_WITH_KNOTS('',9,(#3769,#3770,#3771,#3772,#3773,
    #3774,#3775,#3776,#3777,#3778,#3779,#3780,#3781,#3782,#3783,#3784,
    #3785,#3786,#3787,#3788,#3789,#3790,#3791,#3792,#3793,#3794,#3795,
    #3796,#3797,#3798,#3799,#3800,#3801,#3802,#3803,#3804,#3805,#3806,
    #3807,#3808,#3809,#3810,#3811,#3812,#3813,#3814,#3815,#3816,#3817,
    #3818,#3819,#3820,#3821,#3822,#3823,#3824,#3825,#3826,#3827,#3828,
    #3829,#3830,#3831,#3832,#3833,#3834,#3835,#3836,#3837,#3838,#3839,
    #3840,#3841,#3842,#3843,#3844,#3845,#3846,#3847,#3848,#3849,#3850,
    #3851,#3852,#3853,#3854,#3855,#3856,#3857,#3858,#3859,#3860,#3861,
    #3862,#3863,#3864,#3865,#3866,#3867,#3868,#3869,#3870,#3871,#3872,
    #3873,#3874,#3875,#3876,#3877,#3878,#3879,#3880,#3881,#3882,#3883,
    #3884,#3885,#3886,#3887,#3888,#3889,#3890,#3891,#3892,#3893,#3894,
    #3895,#3896,#3897,#3898),.UNSPECIFIED.,.F.,.F.,(10,8,8,8,8,8,8,8,8,8
    ,8,8,8,8,8,8,10),(0.,5.071709268329,10.143418536657,15.215127804986,
    20.286837073315,25.358546341643,30.430255609972,35.501964878301,
    40.573674146629,45.645383414958,50.717092683287,55.788801951616,
    60.860511219944,65.932220488273,71.003929756602,76.07563902493,
    81.147348293259),.UNSPECIFIED.);
#3769 = CARTESIAN_POINT('',(11.079999464309,-6.485415759983E-08,
    -3.399999814308));
#3770 = CARTESIAN_POINT('',(11.080002469843,5.801476609208,
    -3.191668176425));
#3771 = CARTESIAN_POINT('',(7.661374746175,11.604673060505,
    -2.98332795861));
#3772 = CARTESIAN_POINT('',(0.834470677089,15.093930246303,
    -2.775011632179));
#3773 = CARTESIAN_POINT('',(-7.633777384608,14.034538219445,
    -2.566649920629));
#3774 = CARTESIAN_POINT('',(-14.03451821911,7.633748296238,
    -2.358349943714));
#3775 = CARTESIAN_POINT('',(-15.09393821951,-0.834443640243,
    -2.149988734934));
#3776 = CARTESIAN_POINT('',(-11.60467170246,-7.661389865565,
    -1.941671632411));
#3777 = CARTESIAN_POINT('',(-5.801476689479,-11.07999771889,
    -1.73333216308));
#3778 = CARTESIAN_POINT('',(5.801476585609,-11.0800018683,-1.31666783707
    ));
#3779 = CARTESIAN_POINT('',(11.604673094144,-7.661375603739,
    -1.108328442398));
#3780 = CARTESIAN_POINT('',(15.093930208091,-0.834469702825,
    -0.900011082557));
#3781 = CARTESIAN_POINT('',(14.034538254176,7.633776498984,
    -0.691650420244));
#3782 = CARTESIAN_POINT('',(7.633748271272,14.03451885581,
    -0.483349584533));
#3783 = CARTESIAN_POINT('',(-0.834443626538,15.09393787,-0.274988932107)
  );
#3784 = CARTESIAN_POINT('',(-7.661389870807,11.604671836129,
    -6.667155700831E-02));
#3785 = CARTESIAN_POINT('',(-11.07999771792,5.801476664723,
    0.141667822954));
#3786 = CARTESIAN_POINT('',(-11.08000186876,-5.801476573791,
    0.558332169597));
#3787 = CARTESIAN_POINT('',(-7.661375603078,-11.60467311099,
    0.766671548098));
#3788 = CARTESIAN_POINT('',(-0.834469703576,-15.09393018894,
    0.97498892824));
#3789 = CARTESIAN_POINT('',(7.633776499668,-14.03453827158,
    1.183349569942));
#3790 = CARTESIAN_POINT('',(14.034518855317,-7.633748258757,
    1.391650422522));
#3791 = CARTESIAN_POINT('',(15.093937870272,0.834443619667,
    1.600011064021));
#3792 = CARTESIAN_POINT('',(11.604671836025,7.661389873434,
    1.808328444472));
#3793 = CARTESIAN_POINT('',(5.801476664742,11.079997717437,2.01666782268
    ));
#3794 = CARTESIAN_POINT('',(-5.8014765738,11.080001868999,2.433332169727
    ));
#3795 = CARTESIAN_POINT('',(-11.60467311098,7.661375602745,
    2.641671547913));
#3796 = CARTESIAN_POINT('',(-15.09393018895,0.834469703955,
    2.849988928449));
#3797 = CARTESIAN_POINT('',(-14.03453827157,-7.633776500012,
    3.058349569754));
#3798 = CARTESIAN_POINT('',(-7.633748258763,-14.03451885507,
    3.266650422656));
#3799 = CARTESIAN_POINT('',(0.83444361967,-15.0939378704,3.475011063948)
  );
#3800 = CARTESIAN_POINT('',(7.661389873434,-11.60467183597,3.6833284445)
  );
#3801 = CARTESIAN_POINT('',(11.079997717437,-5.801476664751,
    3.891667822675));
#3802 = CARTESIAN_POINT('',(11.080001868999,5.801476573804,4.30833216973
    ));
#3803 = CARTESIAN_POINT('',(7.661375602743,11.604673110979,
    4.516671547911));
#3804 = CARTESIAN_POINT('',(0.834469703958,15.093930188957,
    4.724988928451));
#3805 = CARTESIAN_POINT('',(-7.633776500017,14.034538271578,
    4.933349569753));
#3806 = CARTESIAN_POINT('',(-14.03451885506,7.633748258756,
    5.141650422657));
#3807 = CARTESIAN_POINT('',(-15.09393787041,-0.834443619665,
    5.350011063947));
#3808 = CARTESIAN_POINT('',(-11.60467183597,-7.661389873436,5.5583284445
    ));
#3809 = CARTESIAN_POINT('',(-5.801476664752,-11.07999771743,
    5.766667822675));
#3810 = CARTESIAN_POINT('',(5.801476573804,-11.08000186899,6.18333216973
    ));
#3811 = CARTESIAN_POINT('',(11.604673110978,-7.661375602746,
    6.391671547909));
#3812 = CARTESIAN_POINT('',(15.093930188959,-0.834469703954,
    6.599988928455));
#3813 = CARTESIAN_POINT('',(14.034538271575,7.633776500012,
    6.808349569748));
#3814 = CARTESIAN_POINT('',(7.633748258759,14.034518855069,
    7.016650422662));
#3815 = CARTESIAN_POINT('',(-0.834443619667,15.093937870408,
    7.225011063943));
#3816 = CARTESIAN_POINT('',(-7.661389873435,11.604671835973,
    7.433328444502));
#3817 = CARTESIAN_POINT('',(-11.07999771743,5.801476664752,
    7.641667822675));
#3818 = CARTESIAN_POINT('',(-11.08000186899,-5.801476573805,
    8.058332169731));
#3819 = CARTESIAN_POINT('',(-7.661375602748,-11.60467311097,
    8.266671547906));
#3820 = CARTESIAN_POINT('',(-0.834469703948,-15.09393018897,
    8.47498892846));
#3821 = CARTESIAN_POINT('',(7.633776500002,-14.03453827155,
    8.683349569741));
#3822 = CARTESIAN_POINT('',(14.03451885508,-7.633748258779,
    8.891650422667));
#3823 = CARTESIAN_POINT('',(15.0939378704,0.83444361968,9.10001106394));
#3824 = CARTESIAN_POINT('',(11.604671835976,7.661389873429,
    9.308328444503));
#3825 = CARTESIAN_POINT('',(5.801476664751,11.079997717438,
    9.516667822675));
#3826 = CARTESIAN_POINT('',(-5.801476573804,11.080001868999,
    9.93333216973));
#3827 = CARTESIAN_POINT('',(-11.60467311098,7.661375602743,
    10.141671547911));
#3828 = CARTESIAN_POINT('',(-15.09393018895,0.83446970396,
    10.349988928449));
#3829 = CARTESIAN_POINT('',(-14.03453827158,-7.633776500019,
    10.558349569755));
#3830 = CARTESIAN_POINT('',(-7.633748258751,-14.03451885506,
    10.766650422655));
#3831 = CARTESIAN_POINT('',(0.834443619661,-15.09393787041,
    10.975011063948));
#3832 = CARTESIAN_POINT('',(7.661389873438,-11.60467183597,
    11.183328444499));
#3833 = CARTESIAN_POINT('',(11.079997717435,-5.801476664751,
    11.391667822676));
#3834 = CARTESIAN_POINT('',(11.080001869001,5.801476573803,
    11.808332169728));
#3835 = CARTESIAN_POINT('',(7.661375602735,11.604673110983,
    12.016671547919));
#3836 = CARTESIAN_POINT('',(0.834469703972,15.093930188945,
    12.224988928435));
#3837 = CARTESIAN_POINT('',(-7.633776500031,14.034538271598,
    12.433349569774));
#3838 = CARTESIAN_POINT('',(-14.03451885505,7.633748258733,
    12.641650422638));
#3839 = CARTESIAN_POINT('',(-15.09393787041,-0.834443619648,
    12.850011063959));
#3840 = CARTESIAN_POINT('',(-11.60467183597,-7.661389873444,
    13.058328444494));
#3841 = CARTESIAN_POINT('',(-5.801476664752,-11.07999771743,
    13.266667822677));
#3842 = CARTESIAN_POINT('',(5.801476573804,-11.080001869,13.683332169727
    ));
#3843 = CARTESIAN_POINT('',(11.604673110984,-7.661375602731,
    13.891671547923));
#3844 = CARTESIAN_POINT('',(15.093930188943,-0.83446970398,
    14.099988928427));
#3845 = CARTESIAN_POINT('',(14.034538271601,7.633776500043,
    14.308349569784));
#3846 = CARTESIAN_POINT('',(7.63374825873,14.034518855045,
    14.516650422628));
#3847 = CARTESIAN_POINT('',(-0.834443619646,15.09393787042,
    14.725011063965));
#3848 = CARTESIAN_POINT('',(-7.661389873445,11.604671835969,
    14.933328444493));
#3849 = CARTESIAN_POINT('',(-11.07999771743,5.801476664752,
    15.141667822677));
#3850 = CARTESIAN_POINT('',(-11.08000186899,-5.801476573804,
    15.55833216973));
#3851 = CARTESIAN_POINT('',(-7.661375602748,-11.60467311097,
    15.766671547907));
#3852 = CARTESIAN_POINT('',(-0.834469703947,-15.09393018896,
    15.974988928462));
#3853 = CARTESIAN_POINT('',(7.6337765,-14.03453827156,16.183349569734));
#3854 = CARTESIAN_POINT('',(14.034518855082,-7.633748258778,
    16.391650422679));
#3855 = CARTESIAN_POINT('',(15.093937870399,0.834443619684,
    16.600011063929));
#3856 = CARTESIAN_POINT('',(11.604671835976,7.661389873424,
    16.80832844451));
#3857 = CARTESIAN_POINT('',(5.801476664752,11.079997717441,
    17.016667822672));
#3858 = CARTESIAN_POINT('',(-5.801476573805,11.080001868994,
    17.433332169734));
#3859 = CARTESIAN_POINT('',(-11.60467311097,7.661375602761,
    17.641671547894));
#3860 = CARTESIAN_POINT('',(-15.09393018898,0.834469703925,
    17.849988928484));
#3861 = CARTESIAN_POINT('',(-14.03453827153,-7.633776499977,
    18.058349569708));
#3862 = CARTESIAN_POINT('',(-7.633748258802,-14.03451885509,
    18.266650422701));
#3863 = CARTESIAN_POINT('',(0.834443619701,-15.09393787039,
    18.475011063917));
#3864 = CARTESIAN_POINT('',(7.661389873417,-11.60467183597,
    18.683328444514));
#3865 = CARTESIAN_POINT('',(11.079997717441,-5.801476664751,
    18.891667822672));
#3866 = CARTESIAN_POINT('',(11.080001868996,5.801476573804,
    19.308332169731));
#3867 = CARTESIAN_POINT('',(7.661375602751,11.604673110977,
    19.516671547907));
#3868 = CARTESIAN_POINT('',(0.834469703946,15.093930188961,
    19.724988928459));
#3869 = CARTESIAN_POINT('',(-7.633776500003,14.03453827157,
    19.93334956974));
#3870 = CARTESIAN_POINT('',(-14.03451885507,7.633748258765,
    20.14165042267));
#3871 = CARTESIAN_POINT('',(-15.0939378704,-0.834443619673,
    20.350011063938));
#3872 = CARTESIAN_POINT('',(-11.60467183597,-7.661389873431,
    20.558328444503));
#3873 = CARTESIAN_POINT('',(-5.801476664756,-11.07999771743,
    20.766667822677));
#3874 = CARTESIAN_POINT('',(5.801476573814,-11.080001869,21.183332169724
    ));
#3875 = CARTESIAN_POINT('',(11.604673110925,-7.66137560274,
    21.391671547943));
#3876 = CARTESIAN_POINT('',(15.093930189095,-0.834469703966,
    21.599988928365));
#3877 = CARTESIAN_POINT('',(14.03453827133,7.633776500025,
    21.808349569907));
#3878 = CARTESIAN_POINT('',(7.633748259097,14.034518855059,
    22.016650422448));
#3879 = CARTESIAN_POINT('',(-0.834443620037,15.093937870414,
    22.225011064171));
#3880 = CARTESIAN_POINT('',(-7.661389873108,11.604671835968,
    22.433328444307));
#3881 = CARTESIAN_POINT('',(-11.07999771766,5.801476664756,
    22.641667822809));
#3882 = CARTESIAN_POINT('',(-11.08000186851,-5.801476573814,
    23.058332169452));
#3883 = CARTESIAN_POINT('',(-7.661375605365,-11.60467311092,
    23.266671549409));
#3884 = CARTESIAN_POINT('',(-0.834469697113,-15.0939301891,
    23.474988924528));
#3885 = CARTESIAN_POINT('',(7.633776487564,-14.0345382713,23.68334957691
    ));
#3886 = CARTESIAN_POINT('',(14.03451887237,-7.633748259133,
    23.891650412687));
#3887 = CARTESIAN_POINT('',(15.093937851388,0.834443620068,
    24.100011074931));
#3888 = CARTESIAN_POINT('',(11.604671852707,7.661389873093,
    24.308328434819));
#3889 = CARTESIAN_POINT('',(5.801476653016,11.07999771767,
    24.516667829473));
#3890 = CARTESIAN_POINT('',(-5.80147654922,11.080001868518,
    24.933332155485));
#3891 = CARTESIAN_POINT('',(-11.60467324371,7.661375605335,
    25.141671624824));
#3892 = CARTESIAN_POINT('',(-15.09392984186,0.834469697183,
    25.349988727323));
#3893 = CARTESIAN_POINT('',(-14.03453890385,-7.633776487678,
    25.558349936138));
#3894 = CARTESIAN_POINT('',(-7.633747379258,-14.03451887222,
    25.766649913022));
#3895 = CARTESIAN_POINT('',(0.834442652132,-15.09393785153,
    25.975011624589));
#3896 = CARTESIAN_POINT('',(7.661390725076,-11.60467185259,
    26.183327951014));
#3897 = CARTESIAN_POINT('',(11.07999712005,-5.801476653094,
    26.391668168832));
#3898 = CARTESIAN_POINT('',(11.080000120233,-5.185508200611E-08,
    26.599999806714));
#3899 = PCURVE('',#179,#3900);
#3900 = DEFINITIONAL_REPRESENTATION('',(#3901),#3905);
#3901 = LINE('',#3902,#3903);
#3902 = CARTESIAN_POINT('',(0.,0.));
#3903 = VECTOR('',#3904,1.);
#3904 = DIRECTION('',(0.,1.));
#3905 = ( GEOMETRIC_REPRESENTATION_CONTEXT(2) 
PARAMETRIC_REPRESENTATION_CONTEXT() REPRESENTATION_CONTEXT('2D SPACE',''
  ) );
#3906 = PCURVE('',#3907,#3912);
#3907 = CYLINDRICAL_SURFACE('',#3908,11.1);
#3908 = AXIS2_PLACEMENT_3D('',#3909,#3910,#3911);
#3909 = CARTESIAN_POINT('',(0.,0.,0.));
#3910 = DIRECTION('',(-0.,-0.,-1.));
#3911 = DIRECTION('',(1.,0.,0.));
#3912 = DEFINITIONAL_REPRESENTATION('',(#3913),#3932);
#3913 = B_SPLINE_CURVE_WITH_KNOTS('',9,(#3914,#3915,#3916,#3917,#3918,
    #3919,#3920,#3921,#3922,#3923,#3924,#3925,#3926,#3927,#3928,#3929,
    #3930,#3931),.UNSPECIFIED.,.F.,.F.,(10,8,10),(47.336011527428,
    50.717153957435,54.098296387443),.UNSPECIFIED.);
#3914 = CARTESIAN_POINT('',(-5.692875362568E-05,-14.10002156195));
#3915 = CARTESIAN_POINT('',(-0.34849515972,-14.23891061197));
#3916 = CARTESIAN_POINT('',(-0.702458135872,-14.37779967426));
#3917 = CARTESIAN_POINT('',(-1.034608240057,-14.51668860664));
#3918 = CARTESIAN_POINT('',(-1.417308585689,-14.6555772727));
#3919 = CARTESIAN_POINT('',(-1.724280298367,-14.79446646227));
#3920 = CARTESIAN_POINT('',(-2.10728873012,-14.93335697636));
#3921 = CARTESIAN_POINT('',(-2.439158405324,-15.07224298088));
#3922 = CARTESIAN_POINT('',(-2.793212237657,-15.21113441299));
#3923 = CARTESIAN_POINT('',(-3.49008692736,-15.488910885));
#3924 = CARTESIAN_POINT('',(-3.844140696212,-15.62780232183));
#3925 = CARTESIAN_POINT('',(-4.176010573261,-15.76668830987));
#3926 = CARTESIAN_POINT('',(-4.559018817061,-15.90557885175));
#3927 = CARTESIAN_POINT('',(-4.86599041475,-16.04446801421));
#3928 = CARTESIAN_POINT('',(-5.248691076413,-16.18335669618));
#3929 = CARTESIAN_POINT('',(-5.580841014968,-16.32224562321));
#3930 = CARTESIAN_POINT('',(-5.934803997218,-16.46113468629));
#3931 = CARTESIAN_POINT('',(-6.283242224566,-16.60002373631));
#3932 = ( GEOMETRIC_REPRESENTATION_CONTEXT(2) 
PARAMETRIC_REPRESENTATION_CONTEXT() REPRESENTATION_CONTEXT('2D SPACE',''
  ) );
#3933 = ORIENTED_EDGE('',*,*,#3934,.F.);
#3934 = EDGE_CURVE('',#3935,#3765,#3937,.T.);
#3935 = VERTEX_POINT('',#3936);
#3936 = CARTESIAN_POINT('',(11.1,0.,11.617647239735));
#3937 = SURFACE_CURVE('',#3938,(#4069,#4076),.PCURVE_S1.);
#3938 = B_SPLINE_CURVE_WITH_KNOTS('',9,(#3939,#3940,#3941,#3942,#3943,
    #3944,#3945,#3946,#3947,#3948,#3949,#3950,#3951,#3952,#3953,#3954,
    #3955,#3956,#3957,#3958,#3959,#3960,#3961,#3962,#3963,#3964,#3965,
    #3966,#3967,#3968,#3969,#3970,#3971,#3972,#3973,#3974,#3975,#3976,
    #3977,#3978,#3979,#3980,#3981,#3982,#3983,#3984,#3985,#3986,#3987,
    #3988,#3989,#3990,#3991,#3992,#3993,#3994,#3995,#3996,#3997,#3998,
    #3999,#4000,#4001,#4002,#4003,#4004,#4005,#4006,#4007,#4008,#4009,
    #4010,#4011,#4012,#4013,#4014,#4015,#4016,#4017,#4018,#4019,#4020,
    #4021,#4022,#4023,#4024,#4025,#4026,#4027,#4028,#4029,#4030,#4031,
    #4032,#4033,#4034,#4035,#4036,#4037,#4038,#4039,#4040,#4041,#4042,
    #4043,#4044,#4045,#4046,#4047,#4048,#4049,#4050,#4051,#4052,#4053,
    #4054,#4055,#4056,#4057,#4058,#4059,#4060,#4061,#4062,#4063,#4064,
    #4065,#4066,#4067,#4068),.UNSPECIFIED.,.F.,.F.,(10,8,8,8,8,8,8,8,8,8
    ,8,8,8,8,8,8,10),(0.,5.071709268329,10.143418536657,15.215127804986,
    20.286837073315,25.358546341643,30.430255609972,35.501964878301,
    40.573674146629,45.645383414958,50.717092683287,55.788801951616,
    60.860511219944,65.932220488273,71.003929756602,76.07563902493,
    81.147348293259),.UNSPECIFIED.);
#3939 = CARTESIAN_POINT('',(11.079999464309,-6.485415759983E-08,
    -3.399999814308));
#3940 = CARTESIAN_POINT('',(11.080002469843,5.801476609208,
    -3.191668176425));
#3941 = CARTESIAN_POINT('',(7.661374746175,11.604673060505,
    -2.98332795861));
#3942 = CARTESIAN_POINT('',(0.834470677089,15.093930246303,
    -2.775011632179));
#3943 = CARTESIAN_POINT('',(-7.633777384608,14.034538219445,
    -2.566649920629));
#3944 = CARTESIAN_POINT('',(-14.03451821911,7.633748296238,
    -2.358349943714));
#3945 = CARTESIAN_POINT('',(-15.09393821951,-0.834443640243,
    -2.149988734934));
#3946 = CARTESIAN_POINT('',(-11.60467170246,-7.661389865565,
    -1.941671632411));
#3947 = CARTESIAN_POINT('',(-5.801476689479,-11.07999771889,
    -1.73333216308));
#3948 = CARTESIAN_POINT('',(5.801476585609,-11.0800018683,-1.31666783707
    ));
#3949 = CARTESIAN_POINT('',(11.604673094144,-7.661375603739,
    -1.108328442398));
#3950 = CARTESIAN_POINT('',(15.093930208091,-0.834469702825,
    -0.900011082557));
#3951 = CARTESIAN_POINT('',(14.034538254176,7.633776498984,
    -0.691650420244));
#3952 = CARTESIAN_POINT('',(7.633748271272,14.03451885581,
    -0.483349584533));
#3953 = CARTESIAN_POINT('',(-0.834443626538,15.09393787,-0.274988932107)
  );
#3954 = CARTESIAN_POINT('',(-7.661389870807,11.604671836129,
    -6.667155700831E-02));
#3955 = CARTESIAN_POINT('',(-11.07999771792,5.801476664723,
    0.141667822954));
#3956 = CARTESIAN_POINT('',(-11.08000186876,-5.801476573791,
    0.558332169597));
#3957 = CARTESIAN_POINT('',(-7.661375603078,-11.60467311099,
    0.766671548098));
#3958 = CARTESIAN_POINT('',(-0.834469703576,-15.09393018894,
    0.97498892824));
#3959 = CARTESIAN_POINT('',(7.633776499668,-14.03453827158,
    1.183349569942));
#3960 = CARTESIAN_POINT('',(14.034518855317,-7.633748258757,
    1.391650422522));
#3961 = CARTESIAN_POINT('',(15.093937870272,0.834443619667,
    1.600011064021));
#3962 = CARTESIAN_POINT('',(11.604671836025,7.661389873434,
    1.808328444472));
#3963 = CARTESIAN_POINT('',(5.801476664742,11.079997717437,2.01666782268
    ));
#3964 = CARTESIAN_POINT('',(-5.8014765738,11.080001868999,2.433332169727
    ));
#3965 = CARTESIAN_POINT('',(-11.60467311098,7.661375602745,
    2.641671547913));
#3966 = CARTESIAN_POINT('',(-15.09393018895,0.834469703955,
    2.849988928449));
#3967 = CARTESIAN_POINT('',(-14.03453827157,-7.633776500012,
    3.058349569754));
#3968 = CARTESIAN_POINT('',(-7.633748258763,-14.03451885507,
    3.266650422656));
#3969 = CARTESIAN_POINT('',(0.83444361967,-15.0939378704,3.475011063948)
  );
#3970 = CARTESIAN_POINT('',(7.661389873434,-11.60467183597,3.6833284445)
  );
#3971 = CARTESIAN_POINT('',(11.079997717437,-5.801476664751,
    3.891667822675));
#3972 = CARTESIAN_POINT('',(11.080001868999,5.801476573804,4.30833216973
    ));
#3973 = CARTESIAN_POINT('',(7.661375602743,11.604673110979,
    4.516671547911));
#3974 = CARTESIAN_POINT('',(0.834469703958,15.093930188957,
    4.724988928451));
#3975 = CARTESIAN_POINT('',(-7.633776500017,14.034538271578,
    4.933349569753));
#3976 = CARTESIAN_POINT('',(-14.03451885506,7.633748258756,
    5.141650422657));
#3977 = CARTESIAN_POINT('',(-15.09393787041,-0.834443619665,
    5.350011063947));
#3978 = CARTESIAN_POINT('',(-11.60467183597,-7.661389873436,5.5583284445
    ));
#3979 = CARTESIAN_POINT('',(-5.801476664752,-11.07999771743,
    5.766667822675));
#3980 = CARTESIAN_POINT('',(5.801476573804,-11.08000186899,6.18333216973
    ));
#3981 = CARTESIAN_POINT('',(11.604673110978,-7.661375602746,
    6.391671547909));
#3982 = CARTESIAN_POINT('',(15.093930188959,-0.834469703954,
    6.599988928455));
#3983 = CARTESIAN_POINT('',(14.034538271575,7.633776500012,
    6.808349569748));
#3984 = CARTESIAN_POINT('',(7.633748258759,14.034518855069,
    7.016650422662));
#3985 = CARTESIAN_POINT('',(-0.834443619667,15.093937870408,
    7.225011063943));
#3986 = CARTESIAN_POINT('',(-7.661389873435,11.604671835973,
    7.433328444502));
#3987 = CARTESIAN_POINT('',(-11.07999771743,5.801476664752,
    7.641667822675));
#3988 = CARTESIAN_POINT('',(-11.08000186899,-5.801476573805,
    8.058332169731));
#3989 = CARTESIAN_POINT('',(-7.661375602748,-11.60467311097,
    8.266671547906));
#3990 = CARTESIAN_POINT('',(-0.834469703948,-15.09393018897,
    8.47498892846));
#3991 = CARTESIAN_POINT('',(7.633776500002,-14.03453827155,
    8.683349569741));
#3992 = CARTESIAN_POINT('',(14.03451885508,-7.633748258779,
    8.891650422667));
#3993 = CARTESIAN_POINT('',(15.0939378704,0.83444361968,9.10001106394));
#3994 = CARTESIAN_POINT('',(11.604671835976,7.661389873429,
    9.308328444503));
#3995 = CARTESIAN_POINT('',(5.801476664751,11.079997717438,
    9.516667822675));
#3996 = CARTESIAN_POINT('',(-5.801476573804,11.080001868999,
    9.93333216973));
#3997 = CARTESIAN_POINT('',(-11.60467311098,7.661375602743,
    10.141671547911));
#3998 = CARTESIAN_POINT('',(-15.09393018895,0.83446970396,
    10.349988928449));
#3999 = CARTESIAN_POINT('',(-14.03453827158,-7.633776500019,
    10.558349569755));
#4000 = CARTESIAN_POINT('',(-7.633748258751,-14.03451885506,
    10.766650422655));
#4001 = CARTESIAN_POINT('',(0.834443619661,-15.09393787041,
    10.975011063948));
#4002 = CARTESIAN_POINT('',(7.661389873438,-11.60467183597,
    11.183328444499));
#4003 = CARTESIAN_POINT('',(11.079997717435,-5.801476664751,
    11.391667822676));
#4004 = CARTESIAN_POINT('',(11.080001869001,5.801476573803,
    11.808332169728));
#4005 = CARTESIAN_POINT('',(7.661375602735,11.604673110983,
    12.016671547919));
#4006 = CARTESIAN_POINT('',(0.834469703972,15.093930188945,
    12.224988928435));
#4007 = CARTESIAN_POINT('',(-7.633776500031,14.034538271598,
    12.433349569774));
#4008 = CARTESIAN_POINT('',(-14.03451885505,7.633748258733,
    12.641650422638));
#4009 = CARTESIAN_POINT('',(-15.09393787041,-0.834443619648,
    12.850011063959));
#4010 = CARTESIAN_POINT('',(-11.60467183597,-7.661389873444,
    13.058328444494));
#4011 = CARTESIAN_POINT('',(-5.801476664752,-11.07999771743,
    13.266667822677));
#4012 = CARTESIAN_POINT('',(5.801476573804,-11.080001869,13.683332169727
    ));
#4013 = CARTESIAN_POINT('',(11.604673110984,-7.661375602731,
    13.891671547923));
#4014 = CARTESIAN_POINT('',(15.093930188943,-0.83446970398,
    14.099988928427));
#4015 = CARTESIAN_POINT('',(14.034538271601,7.633776500043,
    14.308349569784));
#4016 = CARTESIAN_POINT('',(7.63374825873,14.034518855045,
    14.516650422628));
#4017 = CARTESIAN_POINT('',(-0.834443619646,15.09393787042,
    14.725011063965));
#4018 = CARTESIAN_POINT('',(-7.661389873445,11.604671835969,
    14.933328444493));
#4019 = CARTESIAN_POINT('',(-11.07999771743,5.801476664752,
    15.141667822677));
#4020 = CARTESIAN_POINT('',(-11.08000186899,-5.801476573804,
    15.55833216973));
#4021 = CARTESIAN_POINT('',(-7.661375602748,-11.60467311097,
    15.766671547907));
#4022 = CARTESIAN_POINT('',(-0.834469703947,-15.09393018896,
    15.974988928462));
#4023 = CARTESIAN_POINT('',(7.6337765,-14.03453827156,16.183349569734));
#4024 = CARTESIAN_POINT('',(14.034518855082,-7.633748258778,
    16.391650422679));
#4025 = CARTESIAN_POINT('',(15.093937870399,0.834443619684,
    16.600011063929));
#4026 = CARTESIAN_POINT('',(11.604671835976,7.661389873424,
    16.80832844451));
#4027 = CARTESIAN_POINT('',(5.801476664752,11.079997717441,
    17.016667822672));
#4028 = CARTESIAN_POINT('',(-5.801476573805,11.080001868994,
    17.433332169734));
#4029 = CARTESIAN_POINT('',(-11.60467311097,7.661375602761,
    17.641671547894));
#4030 = CARTESIAN_POINT('',(-15.09393018898,0.834469703925,
    17.849988928484));
#4031 = CARTESIAN_POINT('',(-14.03453827153,-7.633776499977,
    18.058349569708));
#4032 = CARTESIAN_POINT('',(-7.633748258802,-14.03451885509,
    18.266650422701));
#4033 = CARTESIAN_POINT('',(0.834443619701,-15.09393787039,
    18.475011063917));
#4034 = CARTESIAN_POINT('',(7.661389873417,-11.60467183597,
    18.683328444514));
#4035 = CARTESIAN_POINT('',(11.079997717441,-5.801476664751,
    18.891667822672));
#4036 = CARTESIAN_POINT('',(11.080001868996,5.801476573804,
    19.308332169731));
#4037 = CARTESIAN_POINT('',(7.661375602751,11.604673110977,
    19.516671547907));
#4038 = CARTESIAN_POINT('',(0.834469703946,15.093930188961,
    19.724988928459));
#4039 = CARTESIAN_POINT('',(-7.633776500003,14.03453827157,
    19.93334956974));
#4040 = CARTESIAN_POINT('',(-14.03451885507,7.633748258765,
    20.14165042267));
#4041 = CARTESIAN_POINT('',(-15.0939378704,-0.834443619673,
    20.350011063938));
#4042 = CARTESIAN_POINT('',(-11.60467183597,-7.661389873431,
    20.558328444503));
#4043 = CARTESIAN_POINT('',(-5.801476664756,-11.07999771743,
    20.766667822677));
#4044 = CARTESIAN_POINT('',(5.801476573814,-11.080001869,21.183332169724
    ));
#4045 = CARTESIAN_POINT('',(11.604673110925,-7.66137560274,
    21.391671547943));
#4046 = CARTESIAN_POINT('',(15.093930189095,-0.834469703966,
    21.599988928365));
#4047 = CARTESIAN_POINT('',(14.03453827133,7.633776500025,
    21.808349569907));
#4048 = CARTESIAN_POINT('',(7.633748259097,14.034518855059,
    22.016650422448));
#4049 = CARTESIAN_POINT('',(-0.834443620037,15.093937870414,
    22.225011064171));
#4050 = CARTESIAN_POINT('',(-7.661389873108,11.604671835968,
    22.433328444307));
#4051 = CARTESIAN_POINT('',(-11.07999771766,5.801476664756,
    22.641667822809));
#4052 = CARTESIAN_POINT('',(-11.08000186851,-5.801476573814,
    23.058332169452));
#4053 = CARTESIAN_POINT('',(-7.661375605365,-11.60467311092,
    23.266671549409));
#4054 = CARTESIAN_POINT('',(-0.834469697113,-15.0939301891,
    23.474988924528));
#4055 = CARTESIAN_POINT('',(7.633776487564,-14.0345382713,23.68334957691
    ));
#4056 = CARTESIAN_POINT('',(14.03451887237,-7.633748259133,
    23.891650412687));
#4057 = CARTESIAN_POINT('',(15.093937851388,0.834443620068,
    24.100011074931));
#4058 = CARTESIAN_POINT('',(11.604671852707,7.661389873093,
    24.308328434819));
#4059 = CARTESIAN_POINT('',(5.801476653016,11.07999771767,
    24.516667829473));
#4060 = CARTESIAN_POINT('',(-5.80147654922,11.080001868518,
    24.933332155485));
#4061 = CARTESIAN_POINT('',(-11.60467324371,7.661375605335,
    25.141671624824));
#4062 = CARTESIAN_POINT('',(-15.09392984186,0.834469697183,
    25.349988727323));
#4063 = CARTESIAN_POINT('',(-14.03453890385,-7.633776487678,
    25.558349936138));
#4064 = CARTESIAN_POINT('',(-7.633747379258,-14.03451887222,
    25.766649913022));
#4065 = CARTESIAN_POINT('',(0.834442652132,-15.09393785153,
    25.975011624589));
#4066 = CARTESIAN_POINT('',(7.661390725076,-11.60467185259,
    26.183327951014));
#4067 = CARTESIAN_POINT('',(11.07999712005,-5.801476653094,
    26.391668168832));
#4068 = CARTESIAN_POINT('',(11.080000120233,-5.185508200611E-08,
    26.599999806714));
#4069 = PCURVE('',#179,#4070);
#4070 = DEFINITIONAL_REPRESENTATION('',(#4071),#4075);
#4071 = LINE('',#4072,#4073);
#4072 = CARTESIAN_POINT('',(0.,0.));
#4073 = VECTOR('',#4074,1.);
#4074 = DIRECTION('',(0.,1.));
#4075 = ( GEOMETRIC_REPRESENTATION_CONTEXT(2) 
PARAMETRIC_REPRESENTATION_CONTEXT() REPRESENTATION_CONTEXT('2D SPACE',''
  ) );
#4076 = PCURVE('',#4077,#4082);
#4077 = CYLINDRICAL_SURFACE('',#4078,11.1);
#4078 = AXIS2_PLACEMENT_3D('',#4079,#4080,#4081);
#4079 = CARTESIAN_POINT('',(0.,0.,0.));
#4080 = DIRECTION('',(-0.,-0.,-1.));
#4081 = DIRECTION('',(1.,0.,0.));
#4082 = DEFINITIONAL_REPRESENTATION('',(#4083),#4102);
#4083 = B_SPLINE_CURVE_WITH_KNOTS('',9,(#4084,#4085,#4086,#4087,#4088,
    #4089,#4090,#4091,#4092,#4093,#4094,#4095,#4096,#4097,#4098,#4099,
    #4100,#4101),.UNSPECIFIED.,.F.,.F.,(10,8,10),(40.573735517436,
    43.954873522432,47.336011527428),.UNSPECIFIED.);
#4084 = CARTESIAN_POINT('',(-5.701872892906E-05,-11.60002268473));
#4085 = CARTESIAN_POINT('',(-0.348493907585,-11.73891073896));
#4086 = CARTESIAN_POINT('',(-0.702547212929,-11.87780199418));
#4087 = CARTESIAN_POINT('',(-1.034416656556,-12.01668779959));
#4088 = CARTESIAN_POINT('',(-1.417424396452,-12.15557816153));
#4089 = CARTESIAN_POINT('',(-1.72439559616,-12.29446713981));
#4090 = CARTESIAN_POINT('',(-2.107095754054,-12.43335564149));
#4091 = CARTESIAN_POINT('',(-2.439245259142,-12.57224438645));
#4092 = CARTESIAN_POINT('',(-2.793207778015,-12.71113326787));
#4093 = CARTESIAN_POINT('',(-3.490083320541,-12.98891100437));
#4094 = CARTESIAN_POINT('',(-3.84404158373,-13.12780016542));
#4095 = CARTESIAN_POINT('',(-4.176394577793,-13.26668661434));
#4096 = CARTESIAN_POINT('',(-4.558393526459,-13.40558133838));
#4097 = CARTESIAN_POINT('',(-4.866494238493,-13.54446235892));
#4098 = CARTESIAN_POINT('',(-5.248493237756,-13.68335708446));
#4099 = CARTESIAN_POINT('',(-5.58084623865,-13.82224353234));
#4100 = CARTESIAN_POINT('',(-5.93480446098,-13.96113269369));
#4101 = CARTESIAN_POINT('',(-6.283242235933,-14.10002156195));
#4102 = ( GEOMETRIC_REPRESENTATION_CONTEXT(2) 
PARAMETRIC_REPRESENTATION_CONTEXT() REPRESENTATION_CONTEXT('2D SPACE',''
  ) );
#4103 = ORIENTED_EDGE('',*,*,#4104,.F.);
#4104 = EDGE_CURVE('',#4105,#3935,#4107,.T.);
#4105 = VERTEX_POINT('',#4106);
#4106 = CARTESIAN_POINT('',(11.1,0.,9.117618880725));
#4107 = SURFACE_CURVE('',#4108,(#4239,#4246),.PCURVE_S1.);
#4108 = B_SPLINE_CURVE_WITH_KNOTS('',9,(#4109,#4110,#4111,#4112,#4113,
    #4114,#4115,#4116,#4117,#4118,#4119,#4120,#4121,#4122,#4123,#4124,
    #4125,#4126,#4127,#4128,#4129,#4130,#4131,#4132,#4133,#4134,#4135,
    #4136,#4137,#4138,#4139,#4140,#4141,#4142,#4143,#4144,#4145,#4146,
    #4147,#4148,#4149,#4150,#4151,#4152,#4153,#4154,#4155,#4156,#4157,
    #4158,#4159,#4160,#4161,#4162,#4163,#4164,#4165,#4166,#4167,#4168,
    #4169,#4170,#4171,#4172,#4173,#4174,#4175,#4176,#4177,#4178,#4179,
    #4180,#4181,#4182,#4183,#4184,#4185,#4186,#4187,#4188,#4189,#4190,
    #4191,#4192,#4193,#4194,#4195,#4196,#4197,#4198,#4199,#4200,#4201,
    #4202,#4203,#4204,#4205,#4206,#4207,#4208,#4209,#4210,#4211,#4212,
    #4213,#4214,#4215,#4216,#4217,#4218,#4219,#4220,#4221,#4222,#4223,
    #4224,#4225,#4226,#4227,#4228,#4229,#4230,#4231,#4232,#4233,#4234,
    #4235,#4236,#4237,#4238),.UNSPECIFIED.,.F.,.F.,(10,8,8,8,8,8,8,8,8,8
    ,8,8,8,8,8,8,10),(0.,5.071709268329,10.143418536657,15.215127804986,
    20.286837073315,25.358546341643,30.430255609972,35.501964878301,
    40.573674146629,45.645383414958,50.717092683287,55.788801951616,
    60.860511219944,65.932220488273,71.003929756602,76.07563902493,
    81.147348293259),.UNSPECIFIED.);
#4109 = CARTESIAN_POINT('',(11.079999464309,-6.485415759983E-08,
    -3.399999814308));
#4110 = CARTESIAN_POINT('',(11.080002469843,5.801476609208,
    -3.191668176425));
#4111 = CARTESIAN_POINT('',(7.661374746175,11.604673060505,
    -2.98332795861));
#4112 = CARTESIAN_POINT('',(0.834470677089,15.093930246303,
    -2.775011632179));
#4113 = CARTESIAN_POINT('',(-7.633777384608,14.034538219445,
    -2.566649920629));
#4114 = CARTESIAN_POINT('',(-14.03451821911,7.633748296238,
    -2.358349943714));
#4115 = CARTESIAN_POINT('',(-15.09393821951,-0.834443640243,
    -2.149988734934));
#4116 = CARTESIAN_POINT('',(-11.60467170246,-7.661389865565,
    -1.941671632411));
#4117 = CARTESIAN_POINT('',(-5.801476689479,-11.07999771889,
    -1.73333216308));
#4118 = CARTESIAN_POINT('',(5.801476585609,-11.0800018683,-1.31666783707
    ));
#4119 = CARTESIAN_POINT('',(11.604673094144,-7.661375603739,
    -1.108328442398));
#4120 = CARTESIAN_POINT('',(15.093930208091,-0.834469702825,
    -0.900011082557));
#4121 = CARTESIAN_POINT('',(14.034538254176,7.633776498984,
    -0.691650420244));
#4122 = CARTESIAN_POINT('',(7.633748271272,14.03451885581,
    -0.483349584533));
#4123 = CARTESIAN_POINT('',(-0.834443626538,15.09393787,-0.274988932107)
  );
#4124 = CARTESIAN_POINT('',(-7.661389870807,11.604671836129,
    -6.667155700831E-02));
#4125 = CARTESIAN_POINT('',(-11.07999771792,5.801476664723,
    0.141667822954));
#4126 = CARTESIAN_POINT('',(-11.08000186876,-5.801476573791,
    0.558332169597));
#4127 = CARTESIAN_POINT('',(-7.661375603078,-11.60467311099,
    0.766671548098));
#4128 = CARTESIAN_POINT('',(-0.834469703576,-15.09393018894,
    0.97498892824));
#4129 = CARTESIAN_POINT('',(7.633776499668,-14.03453827158,
    1.183349569942));
#4130 = CARTESIAN_POINT('',(14.034518855317,-7.633748258757,
    1.391650422522));
#4131 = CARTESIAN_POINT('',(15.093937870272,0.834443619667,
    1.600011064021));
#4132 = CARTESIAN_POINT('',(11.604671836025,7.661389873434,
    1.808328444472));
#4133 = CARTESIAN_POINT('',(5.801476664742,11.079997717437,2.01666782268
    ));
#4134 = CARTESIAN_POINT('',(-5.8014765738,11.080001868999,2.433332169727
    ));
#4135 = CARTESIAN_POINT('',(-11.60467311098,7.661375602745,
    2.641671547913));
#4136 = CARTESIAN_POINT('',(-15.09393018895,0.834469703955,
    2.849988928449));
#4137 = CARTESIAN_POINT('',(-14.03453827157,-7.633776500012,
    3.058349569754));
#4138 = CARTESIAN_POINT('',(-7.633748258763,-14.03451885507,
    3.266650422656));
#4139 = CARTESIAN_POINT('',(0.83444361967,-15.0939378704,3.475011063948)
  );
#4140 = CARTESIAN_POINT('',(7.661389873434,-11.60467183597,3.6833284445)
  );
#4141 = CARTESIAN_POINT('',(11.079997717437,-5.801476664751,
    3.891667822675));
#4142 = CARTESIAN_POINT('',(11.080001868999,5.801476573804,4.30833216973
    ));
#4143 = CARTESIAN_POINT('',(7.661375602743,11.604673110979,
    4.516671547911));
#4144 = CARTESIAN_POINT('',(0.834469703958,15.093930188957,
    4.724988928451));
#4145 = CARTESIAN_POINT('',(-7.633776500017,14.034538271578,
    4.933349569753));
#4146 = CARTESIAN_POINT('',(-14.03451885506,7.633748258756,
    5.141650422657));
#4147 = CARTESIAN_POINT('',(-15.09393787041,-0.834443619665,
    5.350011063947));
#4148 = CARTESIAN_POINT('',(-11.60467183597,-7.661389873436,5.5583284445
    ));
#4149 = CARTESIAN_POINT('',(-5.801476664752,-11.07999771743,
    5.766667822675));
#4150 = CARTESIAN_POINT('',(5.801476573804,-11.08000186899,6.18333216973
    ));
#4151 = CARTESIAN_POINT('',(11.604673110978,-7.661375602746,
    6.391671547909));
#4152 = CARTESIAN_POINT('',(15.093930188959,-0.834469703954,
    6.599988928455));
#4153 = CARTESIAN_POINT('',(14.034538271575,7.633776500012,
    6.808349569748));
#4154 = CARTESIAN_POINT('',(7.633748258759,14.034518855069,
    7.016650422662));
#4155 = CARTESIAN_POINT('',(-0.834443619667,15.093937870408,
    7.225011063943));
#4156 = CARTESIAN_POINT('',(-7.661389873435,11.604671835973,
    7.433328444502));
#4157 = CARTESIAN_POINT('',(-11.07999771743,5.801476664752,
    7.641667822675));
#4158 = CARTESIAN_POINT('',(-11.08000186899,-5.801476573805,
    8.058332169731));
#4159 = CARTESIAN_POINT('',(-7.661375602748,-11.60467311097,
    8.266671547906));
#4160 = CARTESIAN_POINT('',(-0.834469703948,-15.09393018897,
    8.47498892846));
#4161 = CARTESIAN_POINT('',(7.633776500002,-14.03453827155,
    8.683349569741));
#4162 = CARTESIAN_POINT('',(14.03451885508,-7.633748258779,
    8.891650422667));
#4163 = CARTESIAN_POINT('',(15.0939378704,0.83444361968,9.10001106394));
#4164 = CARTESIAN_POINT('',(11.604671835976,7.661389873429,
    9.308328444503));
#4165 = CARTESIAN_POINT('',(5.801476664751,11.079997717438,
    9.516667822675));
#4166 = CARTESIAN_POINT('',(-5.801476573804,11.080001868999,
    9.93333216973));
#4167 = CARTESIAN_POINT('',(-11.60467311098,7.661375602743,
    10.141671547911));
#4168 = CARTESIAN_POINT('',(-15.09393018895,0.83446970396,
    10.349988928449));
#4169 = CARTESIAN_POINT('',(-14.03453827158,-7.633776500019,
    10.558349569755));
#4170 = CARTESIAN_POINT('',(-7.633748258751,-14.03451885506,
    10.766650422655));
#4171 = CARTESIAN_POINT('',(0.834443619661,-15.09393787041,
    10.975011063948));
#4172 = CARTESIAN_POINT('',(7.661389873438,-11.60467183597,
    11.183328444499));
#4173 = CARTESIAN_POINT('',(11.079997717435,-5.801476664751,
    11.391667822676));
#4174 = CARTESIAN_POINT('',(11.080001869001,5.801476573803,
    11.808332169728));
#4175 = CARTESIAN_POINT('',(7.661375602735,11.604673110983,
    12.016671547919));
#4176 = CARTESIAN_POINT('',(0.834469703972,15.093930188945,
    12.224988928435));
#4177 = CARTESIAN_POINT('',(-7.633776500031,14.034538271598,
    12.433349569774));
#4178 = CARTESIAN_POINT('',(-14.03451885505,7.633748258733,
    12.641650422638));
#4179 = CARTESIAN_POINT('',(-15.09393787041,-0.834443619648,
    12.850011063959));
#4180 = CARTESIAN_POINT('',(-11.60467183597,-7.661389873444,
    13.058328444494));
#4181 = CARTESIAN_POINT('',(-5.801476664752,-11.07999771743,
    13.266667822677));
#4182 = CARTESIAN_POINT('',(5.801476573804,-11.080001869,13.683332169727
    ));
#4183 = CARTESIAN_POINT('',(11.604673110984,-7.661375602731,
    13.891671547923));
#4184 = CARTESIAN_POINT('',(15.093930188943,-0.83446970398,
    14.099988928427));
#4185 = CARTESIAN_POINT('',(14.034538271601,7.633776500043,
    14.308349569784));
#4186 = CARTESIAN_POINT('',(7.63374825873,14.034518855045,
    14.516650422628));
#4187 = CARTESIAN_POINT('',(-0.834443619646,15.09393787042,
    14.725011063965));
#4188 = CARTESIAN_POINT('',(-7.661389873445,11.604671835969,
    14.933328444493));
#4189 = CARTESIAN_POINT('',(-11.07999771743,5.801476664752,
    15.141667822677));
#4190 = CARTESIAN_POINT('',(-11.08000186899,-5.801476573804,
    15.55833216973));
#4191 = CARTESIAN_POINT('',(-7.661375602748,-11.60467311097,
    15.766671547907));
#4192 = CARTESIAN_POINT('',(-0.834469703947,-15.09393018896,
    15.974988928462));
#4193 = CARTESIAN_POINT('',(7.6337765,-14.03453827156,16.183349569734));
#4194 = CARTESIAN_POINT('',(14.034518855082,-7.633748258778,
    16.391650422679));
#4195 = CARTESIAN_POINT('',(15.093937870399,0.834443619684,
    16.600011063929));
#4196 = CARTESIAN_POINT('',(11.604671835976,7.661389873424,
    16.80832844451));
#4197 = CARTESIAN_POINT('',(5.801476664752,11.079997717441,
    17.016667822672));
#4198 = CARTESIAN_POINT('',(-5.801476573805,11.080001868994,
    17.433332169734));
#4199 = CARTESIAN_POINT('',(-11.60467311097,7.661375602761,
    17.641671547894));
#4200 = CARTESIAN_POINT('',(-15.09393018898,0.834469703925,
    17.849988928484));
#4201 = CARTESIAN_POINT('',(-14.03453827153,-7.633776499977,
    18.058349569708));
#4202 = CARTESIAN_POINT('',(-7.633748258802,-14.03451885509,
    18.266650422701));
#4203 = CARTESIAN_POINT('',(0.834443619701,-15.09393787039,
    18.475011063917));
#4204 = CARTESIAN_POINT('',(7.661389873417,-11.60467183597,
    18.683328444514));
#4205 = CARTESIAN_POINT('',(11.079997717441,-5.801476664751,
    18.891667822672));
#4206 = CARTESIAN_POINT('',(11.080001868996,5.801476573804,
    19.308332169731));
#4207 = CARTESIAN_POINT('',(7.661375602751,11.604673110977,
    19.516671547907));
#4208 = CARTESIAN_POINT('',(0.834469703946,15.093930188961,
    19.724988928459));
#4209 = CARTESIAN_POINT('',(-7.633776500003,14.03453827157,
    19.93334956974));
#4210 = CARTESIAN_POINT('',(-14.03451885507,7.633748258765,
    20.14165042267));
#4211 = CARTESIAN_POINT('',(-15.0939378704,-0.834443619673,
    20.350011063938));
#4212 = CARTESIAN_POINT('',(-11.60467183597,-7.661389873431,
    20.558328444503));
#4213 = CARTESIAN_POINT('',(-5.801476664756,-11.07999771743,
    20.766667822677));
#4214 = CARTESIAN_POINT('',(5.801476573814,-11.080001869,21.183332169724
    ));
#4215 = CARTESIAN_POINT('',(11.604673110925,-7.66137560274,
    21.391671547943));
#4216 = CARTESIAN_POINT('',(15.093930189095,-0.834469703966,
    21.599988928365));
#4217 = CARTESIAN_POINT('',(14.03453827133,7.633776500025,
    21.808349569907));
#4218 = CARTESIAN_POINT('',(7.633748259097,14.034518855059,
    22.016650422448));
#4219 = CARTESIAN_POINT('',(-0.834443620037,15.093937870414,
    22.225011064171));
#4220 = CARTESIAN_POINT('',(-7.661389873108,11.604671835968,
    22.433328444307));
#4221 = CARTESIAN_POINT('',(-11.07999771766,5.801476664756,
    22.641667822809));
#4222 = CARTESIAN_POINT('',(-11.08000186851,-5.801476573814,
    23.058332169452));
#4223 = CARTESIAN_POINT('',(-7.661375605365,-11.60467311092,
    23.266671549409));
#4224 = CARTESIAN_POINT('',(-0.834469697113,-15.0939301891,
    23.474988924528));
#4225 = CARTESIAN_POINT('',(7.633776487564,-14.0345382713,23.68334957691
    ));
#4226 = CARTESIAN_POINT('',(14.03451887237,-7.633748259133,
    23.891650412687));
#4227 = CARTESIAN_POINT('',(15.093937851388,0.834443620068,
    24.100011074931));
#4228 = CARTESIAN_POINT('',(11.604671852707,7.661389873093,
    24.308328434819));
#4229 = CARTESIAN_POINT('',(5.801476653016,11.07999771767,
    24.516667829473));
#4230 = CARTESIAN_POINT('',(-5.80147654922,11.080001868518,
    24.933332155485));
#4231 = CARTESIAN_POINT('',(-11.60467324371,7.661375605335,
    25.141671624824));
#4232 = CARTESIAN_POINT('',(-15.09392984186,0.834469697183,
    25.349988727323));
#4233 = CARTESIAN_POINT('',(-14.03453890385,-7.633776487678,
    25.558349936138));
#4234 = CARTESIAN_POINT('',(-7.633747379258,-14.03451887222,
    25.766649913022));
#4235 = CARTESIAN_POINT('',(0.834442652132,-15.09393785153,
    25.975011624589));
#4236 = CARTESIAN_POINT('',(7.661390725076,-11.60467185259,
    26.183327951014));
#4237 = CARTESIAN_POINT('',(11.07999712005,-5.801476653094,
    26.391668168832));
#4238 = CARTESIAN_POINT('',(11.080000120233,-5.185508200611E-08,
    26.599999806714));
#4239 = PCURVE('',#179,#4240);
#4240 = DEFINITIONAL_REPRESENTATION('',(#4241),#4245);
#4241 = LINE('',#4242,#4243);
#4242 = CARTESIAN_POINT('',(0.,0.));
#4243 = VECTOR('',#4244,1.);
#4244 = DIRECTION('',(0.,1.));
#4245 = ( GEOMETRIC_REPRESENTATION_CONTEXT(2) 
PARAMETRIC_REPRESENTATION_CONTEXT() REPRESENTATION_CONTEXT('2D SPACE',''
  ) );
#4246 = PCURVE('',#4247,#4252);
#4247 = CYLINDRICAL_SURFACE('',#4248,11.1);
#4248 = AXIS2_PLACEMENT_3D('',#4249,#4250,#4251);
#4249 = CARTESIAN_POINT('',(0.,0.,0.));
#4250 = DIRECTION('',(-0.,-0.,-1.));
#4251 = DIRECTION('',(1.,0.,0.));
#4252 = DEFINITIONAL_REPRESENTATION('',(#4253),#4272);
#4253 = B_SPLINE_CURVE_WITH_KNOTS('',9,(#4254,#4255,#4256,#4257,#4258,
    #4259,#4260,#4261,#4262,#4263,#4264,#4265,#4266,#4267,#4268,#4269,
    #4270,#4271),.UNSPECIFIED.,.F.,.F.,(10,8,10),(33.811459314128,
    37.192597415782,40.573735517436),.UNSPECIFIED.);
#4254 = CARTESIAN_POINT('',(-5.707446575226E-05,-9.100023798811));
#4255 = CARTESIAN_POINT('',(-0.348494855762,-9.238912671031));
#4256 = CARTESIAN_POINT('',(-0.702449055561,-9.377800215123));
#4257 = CARTESIAN_POINT('',(-1.034818118085,-9.51669305806));
#4258 = CARTESIAN_POINT('',(-1.416787032635,-9.655575831013));
#4259 = CARTESIAN_POINT('',(-1.724920099456,-9.79446972569));
#4260 = CARTESIAN_POINT('',(-2.1068984675,-9.933356243186));
#4261 = CARTESIAN_POINT('',(-2.439258796529,-10.07224560564));
#4262 = CARTESIAN_POINT('',(-2.793215909011,-10.21113432564));
#4263 = CARTESIAN_POINT('',(-3.490091478693,-10.48891207009));
#4264 = CARTESIAN_POINT('',(-3.844052882148,-10.62780050897));
#4265 = CARTESIAN_POINT('',(-4.176209878809,-10.76669217569));
#4266 = CARTESIAN_POINT('',(-4.558889091189,-10.90557244885));
#4267 = CARTESIAN_POINT('',(-4.865892762275,-11.04447433445));
#4268 = CARTESIAN_POINT('',(-5.248870652096,-11.18335271236));
#4269 = CARTESIAN_POINT('',(-5.580755965271,-11.32224493091));
#4270 = CARTESIAN_POINT('',(-5.934805270012,-11.46113456402));
#4271 = CARTESIAN_POINT('',(-6.283242168829,-11.60002262223));
#4272 = ( GEOMETRIC_REPRESENTATION_CONTEXT(2) 
PARAMETRIC_REPRESENTATION_CONTEXT() REPRESENTATION_CONTEXT('2D SPACE',''
  ) );
#4273 = ORIENTED_EDGE('',*,*,#4274,.F.);
#4274 = EDGE_CURVE('',#4275,#4105,#4277,.T.);
#4275 = VERTEX_POINT('',#4276);
#4276 = CARTESIAN_POINT('',(11.1,0.,6.61761664877));
#4277 = SURFACE_CURVE('',#4278,(#4409,#4416),.PCURVE_S1.);
#4278 = B_SPLINE_CURVE_WITH_KNOTS('',9,(#4279,#4280,#4281,#4282,#4283,
    #4284,#4285,#4286,#4287,#4288,#4289,#4290,#4291,#4292,#4293,#4294,
    #4295,#4296,#4297,#4298,#4299,#4300,#4301,#4302,#4303,#4304,#4305,
    #4306,#4307,#4308,#4309,#4310,#4311,#4312,#4313,#4314,#4315,#4316,
    #4317,#4318,#4319,#4320,#4321,#4322,#4323,#4324,#4325,#4326,#4327,
    #4328,#4329,#4330,#4331,#4332,#4333,#4334,#4335,#4336,#4337,#4338,
    #4339,#4340,#4341,#4342,#4343,#4344,#4345,#4346,#4347,#4348,#4349,
    #4350,#4351,#4352,#4353,#4354,#4355,#4356,#4357,#4358,#4359,#4360,
    #4361,#4362,#4363,#4364,#4365,#4366,#4367,#4368,#4369,#4370,#4371,
    #4372,#4373,#4374,#4375,#4376,#4377,#4378,#4379,#4380,#4381,#4382,
    #4383,#4384,#4385,#4386,#4387,#4388,#4389,#4390,#4391,#4392,#4393,
    #4394,#4395,#4396,#4397,#4398,#4399,#4400,#4401,#4402,#4403,#4404,
    #4405,#4406,#4407,#4408),.UNSPECIFIED.,.F.,.F.,(10,8,8,8,8,8,8,8,8,8
    ,8,8,8,8,8,8,10),(0.,5.071709268329,10.143418536657,15.215127804986,
    20.286837073315,25.358546341643,30.430255609972,35.501964878301,
    40.573674146629,45.645383414958,50.717092683287,55.788801951616,
    60.860511219944,65.932220488273,71.003929756602,76.07563902493,
    81.147348293259),.UNSPECIFIED.);
#4279 = CARTESIAN_POINT('',(11.079999464309,-6.485415759983E-08,
    -3.399999814308));
#4280 = CARTESIAN_POINT('',(11.080002469843,5.801476609208,
    -3.191668176425));
#4281 = CARTESIAN_POINT('',(7.661374746175,11.604673060505,
    -2.98332795861));
#4282 = CARTESIAN_POINT('',(0.834470677089,15.093930246303,
    -2.775011632179));
#4283 = CARTESIAN_POINT('',(-7.633777384608,14.034538219445,
    -2.566649920629));
#4284 = CARTESIAN_POINT('',(-14.03451821911,7.633748296238,
    -2.358349943714));
#4285 = CARTESIAN_POINT('',(-15.09393821951,-0.834443640243,
    -2.149988734934));
#4286 = CARTESIAN_POINT('',(-11.60467170246,-7.661389865565,
    -1.941671632411));
#4287 = CARTESIAN_POINT('',(-5.801476689479,-11.07999771889,
    -1.73333216308));
#4288 = CARTESIAN_POINT('',(5.801476585609,-11.0800018683,-1.31666783707
    ));
#4289 = CARTESIAN_POINT('',(11.604673094144,-7.661375603739,
    -1.108328442398));
#4290 = CARTESIAN_POINT('',(15.093930208091,-0.834469702825,
    -0.900011082557));
#4291 = CARTESIAN_POINT('',(14.034538254176,7.633776498984,
    -0.691650420244));
#4292 = CARTESIAN_POINT('',(7.633748271272,14.03451885581,
    -0.483349584533));
#4293 = CARTESIAN_POINT('',(-0.834443626538,15.09393787,-0.274988932107)
  );
#4294 = CARTESIAN_POINT('',(-7.661389870807,11.604671836129,
    -6.667155700831E-02));
#4295 = CARTESIAN_POINT('',(-11.07999771792,5.801476664723,
    0.141667822954));
#4296 = CARTESIAN_POINT('',(-11.08000186876,-5.801476573791,
    0.558332169597));
#4297 = CARTESIAN_POINT('',(-7.661375603078,-11.60467311099,
    0.766671548098));
#4298 = CARTESIAN_POINT('',(-0.834469703576,-15.09393018894,
    0.97498892824));
#4299 = CARTESIAN_POINT('',(7.633776499668,-14.03453827158,
    1.183349569942));
#4300 = CARTESIAN_POINT('',(14.034518855317,-7.633748258757,
    1.391650422522));
#4301 = CARTESIAN_POINT('',(15.093937870272,0.834443619667,
    1.600011064021));
#4302 = CARTESIAN_POINT('',(11.604671836025,7.661389873434,
    1.808328444472));
#4303 = CARTESIAN_POINT('',(5.801476664742,11.079997717437,2.01666782268
    ));
#4304 = CARTESIAN_POINT('',(-5.8014765738,11.080001868999,2.433332169727
    ));
#4305 = CARTESIAN_POINT('',(-11.60467311098,7.661375602745,
    2.641671547913));
#4306 = CARTESIAN_POINT('',(-15.09393018895,0.834469703955,
    2.849988928449));
#4307 = CARTESIAN_POINT('',(-14.03453827157,-7.633776500012,
    3.058349569754));
#4308 = CARTESIAN_POINT('',(-7.633748258763,-14.03451885507,
    3.266650422656));
#4309 = CARTESIAN_POINT('',(0.83444361967,-15.0939378704,3.475011063948)
  );
#4310 = CARTESIAN_POINT('',(7.661389873434,-11.60467183597,3.6833284445)
  );
#4311 = CARTESIAN_POINT('',(11.079997717437,-5.801476664751,
    3.891667822675));
#4312 = CARTESIAN_POINT('',(11.080001868999,5.801476573804,4.30833216973
    ));
#4313 = CARTESIAN_POINT('',(7.661375602743,11.604673110979,
    4.516671547911));
#4314 = CARTESIAN_POINT('',(0.834469703958,15.093930188957,
    4.724988928451));
#4315 = CARTESIAN_POINT('',(-7.633776500017,14.034538271578,
    4.933349569753));
#4316 = CARTESIAN_POINT('',(-14.03451885506,7.633748258756,
    5.141650422657));
#4317 = CARTESIAN_POINT('',(-15.09393787041,-0.834443619665,
    5.350011063947));
#4318 = CARTESIAN_POINT('',(-11.60467183597,-7.661389873436,5.5583284445
    ));
#4319 = CARTESIAN_POINT('',(-5.801476664752,-11.07999771743,
    5.766667822675));
#4320 = CARTESIAN_POINT('',(5.801476573804,-11.08000186899,6.18333216973
    ));
#4321 = CARTESIAN_POINT('',(11.604673110978,-7.661375602746,
    6.391671547909));
#4322 = CARTESIAN_POINT('',(15.093930188959,-0.834469703954,
    6.599988928455));
#4323 = CARTESIAN_POINT('',(14.034538271575,7.633776500012,
    6.808349569748));
#4324 = CARTESIAN_POINT('',(7.633748258759,14.034518855069,
    7.016650422662));
#4325 = CARTESIAN_POINT('',(-0.834443619667,15.093937870408,
    7.225011063943));
#4326 = CARTESIAN_POINT('',(-7.661389873435,11.604671835973,
    7.433328444502));
#4327 = CARTESIAN_POINT('',(-11.07999771743,5.801476664752,
    7.641667822675));
#4328 = CARTESIAN_POINT('',(-11.08000186899,-5.801476573805,
    8.058332169731));
#4329 = CARTESIAN_POINT('',(-7.661375602748,-11.60467311097,
    8.266671547906));
#4330 = CARTESIAN_POINT('',(-0.834469703948,-15.09393018897,
    8.47498892846));
#4331 = CARTESIAN_POINT('',(7.633776500002,-14.03453827155,
    8.683349569741));
#4332 = CARTESIAN_POINT('',(14.03451885508,-7.633748258779,
    8.891650422667));
#4333 = CARTESIAN_POINT('',(15.0939378704,0.83444361968,9.10001106394));
#4334 = CARTESIAN_POINT('',(11.604671835976,7.661389873429,
    9.308328444503));
#4335 = CARTESIAN_POINT('',(5.801476664751,11.079997717438,
    9.516667822675));
#4336 = CARTESIAN_POINT('',(-5.801476573804,11.080001868999,
    9.93333216973));
#4337 = CARTESIAN_POINT('',(-11.60467311098,7.661375602743,
    10.141671547911));
#4338 = CARTESIAN_POINT('',(-15.09393018895,0.83446970396,
    10.349988928449));
#4339 = CARTESIAN_POINT('',(-14.03453827158,-7.633776500019,
    10.558349569755));
#4340 = CARTESIAN_POINT('',(-7.633748258751,-14.03451885506,
    10.766650422655));
#4341 = CARTESIAN_POINT('',(0.834443619661,-15.09393787041,
    10.975011063948));
#4342 = CARTESIAN_POINT('',(7.661389873438,-11.60467183597,
    11.183328444499));
#4343 = CARTESIAN_POINT('',(11.079997717435,-5.801476664751,
    11.391667822676));
#4344 = CARTESIAN_POINT('',(11.080001869001,5.801476573803,
    11.808332169728));
#4345 = CARTESIAN_POINT('',(7.661375602735,11.604673110983,
    12.016671547919));
#4346 = CARTESIAN_POINT('',(0.834469703972,15.093930188945,
    12.224988928435));
#4347 = CARTESIAN_POINT('',(-7.633776500031,14.034538271598,
    12.433349569774));
#4348 = CARTESIAN_POINT('',(-14.03451885505,7.633748258733,
    12.641650422638));
#4349 = CARTESIAN_POINT('',(-15.09393787041,-0.834443619648,
    12.850011063959));
#4350 = CARTESIAN_POINT('',(-11.60467183597,-7.661389873444,
    13.058328444494));
#4351 = CARTESIAN_POINT('',(-5.801476664752,-11.07999771743,
    13.266667822677));
#4352 = CARTESIAN_POINT('',(5.801476573804,-11.080001869,13.683332169727
    ));
#4353 = CARTESIAN_POINT('',(11.604673110984,-7.661375602731,
    13.891671547923));
#4354 = CARTESIAN_POINT('',(15.093930188943,-0.83446970398,
    14.099988928427));
#4355 = CARTESIAN_POINT('',(14.034538271601,7.633776500043,
    14.308349569784));
#4356 = CARTESIAN_POINT('',(7.63374825873,14.034518855045,
    14.516650422628));
#4357 = CARTESIAN_POINT('',(-0.834443619646,15.09393787042,
    14.725011063965));
#4358 = CARTESIAN_POINT('',(-7.661389873445,11.604671835969,
    14.933328444493));
#4359 = CARTESIAN_POINT('',(-11.07999771743,5.801476664752,
    15.141667822677));
#4360 = CARTESIAN_POINT('',(-11.08000186899,-5.801476573804,
    15.55833216973));
#4361 = CARTESIAN_POINT('',(-7.661375602748,-11.60467311097,
    15.766671547907));
#4362 = CARTESIAN_POINT('',(-0.834469703947,-15.09393018896,
    15.974988928462));
#4363 = CARTESIAN_POINT('',(7.6337765,-14.03453827156,16.183349569734));
#4364 = CARTESIAN_POINT('',(14.034518855082,-7.633748258778,
    16.391650422679));
#4365 = CARTESIAN_POINT('',(15.093937870399,0.834443619684,
    16.600011063929));
#4366 = CARTESIAN_POINT('',(11.604671835976,7.661389873424,
    16.80832844451));
#4367 = CARTESIAN_POINT('',(5.801476664752,11.079997717441,
    17.016667822672));
#4368 = CARTESIAN_POINT('',(-5.801476573805,11.080001868994,
    17.433332169734));
#4369 = CARTESIAN_POINT('',(-11.60467311097,7.661375602761,
    17.641671547894));
#4370 = CARTESIAN_POINT('',(-15.09393018898,0.834469703925,
    17.849988928484));
#4371 = CARTESIAN_POINT('',(-14.03453827153,-7.633776499977,
    18.058349569708));
#4372 = CARTESIAN_POINT('',(-7.633748258802,-14.03451885509,
    18.266650422701));
#4373 = CARTESIAN_POINT('',(0.834443619701,-15.09393787039,
    18.475011063917));
#4374 = CARTESIAN_POINT('',(7.661389873417,-11.60467183597,
    18.683328444514));
#4375 = CARTESIAN_POINT('',(11.079997717441,-5.801476664751,
    18.891667822672));
#4376 = CARTESIAN_POINT('',(11.080001868996,5.801476573804,
    19.308332169731));
#4377 = CARTESIAN_POINT('',(7.661375602751,11.604673110977,
    19.516671547907));
#4378 = CARTESIAN_POINT('',(0.834469703946,15.093930188961,
    19.724988928459));
#4379 = CARTESIAN_POINT('',(-7.633776500003,14.03453827157,
    19.93334956974));
#4380 = CARTESIAN_POINT('',(-14.03451885507,7.633748258765,
    20.14165042267));
#4381 = CARTESIAN_POINT('',(-15.0939378704,-0.834443619673,
    20.350011063938));
#4382 = CARTESIAN_POINT('',(-11.60467183597,-7.661389873431,
    20.558328444503));
#4383 = CARTESIAN_POINT('',(-5.801476664756,-11.07999771743,
    20.766667822677));
#4384 = CARTESIAN_POINT('',(5.801476573814,-11.080001869,21.183332169724
    ));
#4385 = CARTESIAN_POINT('',(11.604673110925,-7.66137560274,
    21.391671547943));
#4386 = CARTESIAN_POINT('',(15.093930189095,-0.834469703966,
    21.599988928365));
#4387 = CARTESIAN_POINT('',(14.03453827133,7.633776500025,
    21.808349569907));
#4388 = CARTESIAN_POINT('',(7.633748259097,14.034518855059,
    22.016650422448));
#4389 = CARTESIAN_POINT('',(-0.834443620037,15.093937870414,
    22.225011064171));
#4390 = CARTESIAN_POINT('',(-7.661389873108,11.604671835968,
    22.433328444307));
#4391 = CARTESIAN_POINT('',(-11.07999771766,5.801476664756,
    22.641667822809));
#4392 = CARTESIAN_POINT('',(-11.08000186851,-5.801476573814,
    23.058332169452));
#4393 = CARTESIAN_POINT('',(-7.661375605365,-11.60467311092,
    23.266671549409));
#4394 = CARTESIAN_POINT('',(-0.834469697113,-15.0939301891,
    23.474988924528));
#4395 = CARTESIAN_POINT('',(7.633776487564,-14.0345382713,23.68334957691
    ));
#4396 = CARTESIAN_POINT('',(14.03451887237,-7.633748259133,
    23.891650412687));
#4397 = CARTESIAN_POINT('',(15.093937851388,0.834443620068,
    24.100011074931));
#4398 = CARTESIAN_POINT('',(11.604671852707,7.661389873093,
    24.308328434819));
#4399 = CARTESIAN_POINT('',(5.801476653016,11.07999771767,
    24.516667829473));
#4400 = CARTESIAN_POINT('',(-5.80147654922,11.080001868518,
    24.933332155485));
#4401 = CARTESIAN_POINT('',(-11.60467324371,7.661375605335,
    25.141671624824));
#4402 = CARTESIAN_POINT('',(-15.09392984186,0.834469697183,
    25.349988727323));
#4403 = CARTESIAN_POINT('',(-14.03453890385,-7.633776487678,
    25.558349936138));
#4404 = CARTESIAN_POINT('',(-7.633747379258,-14.03451887222,
    25.766649913022));
#4405 = CARTESIAN_POINT('',(0.834442652132,-15.09393785153,
    25.975011624589));
#4406 = CARTESIAN_POINT('',(7.661390725076,-11.60467185259,
    26.183327951014));
#4407 = CARTESIAN_POINT('',(11.07999712005,-5.801476653094,
    26.391668168832));
#4408 = CARTESIAN_POINT('',(11.080000120233,-5.185508200611E-08,
    26.599999806714));
#4409 = PCURVE('',#179,#4410);
#4410 = DEFINITIONAL_REPRESENTATION('',(#4411),#4415);
#4411 = LINE('',#4412,#4413);
#4412 = CARTESIAN_POINT('',(0.,0.));
#4413 = VECTOR('',#4414,1.);
#4414 = DIRECTION('',(0.,1.));
#4415 = ( GEOMETRIC_REPRESENTATION_CONTEXT(2) 
PARAMETRIC_REPRESENTATION_CONTEXT() REPRESENTATION_CONTEXT('2D SPACE',''
  ) );
#4416 = PCURVE('',#4417,#4422);
#4417 = CYLINDRICAL_SURFACE('',#4418,11.1);
#4418 = AXIS2_PLACEMENT_3D('',#4419,#4420,#4421);
#4419 = CARTESIAN_POINT('',(0.,0.,0.));
#4420 = DIRECTION('',(-0.,-0.,-1.));
#4421 = DIRECTION('',(1.,0.,0.));
#4422 = DEFINITIONAL_REPRESENTATION('',(#4423),#4442);
#4423 = B_SPLINE_CURVE_WITH_KNOTS('',9,(#4424,#4425,#4426,#4427,#4428,
    #4429,#4430,#4431,#4432,#4433,#4434,#4435,#4436,#4437,#4438,#4439,
    #4440,#4441),.UNSPECIFIED.,.F.,.F.,(10,8,10),(27.049174454113,
    30.43031688412,33.811459314128),.UNSPECIFIED.);
#4424 = CARTESIAN_POINT('',(-5.692875362925E-05,-6.60002156195));
#4425 = CARTESIAN_POINT('',(-0.34849515972,-6.738910611972));
#4426 = CARTESIAN_POINT('',(-0.702458135873,-6.877799674141));
#4427 = CARTESIAN_POINT('',(-1.034608240006,-7.016688607357));
#4428 = CARTESIAN_POINT('',(-1.417308585696,-7.155577271362));
#4429 = CARTESIAN_POINT('',(-1.724280298193,-7.29446646315));
#4430 = CARTESIAN_POINT('',(-2.107288730142,-7.433356975744));
#4431 = CARTESIAN_POINT('',(-2.439158405306,-7.572242981019));
#4432 = CARTESIAN_POINT('',(-2.793212237657,-7.711134412993));
#4433 = CARTESIAN_POINT('',(-3.49008692736,-7.988910885002));
#4434 = CARTESIAN_POINT('',(-3.844140696208,-8.127802322022));
#4435 = CARTESIAN_POINT('',(-4.176010573188,-8.266688309159));
#4436 = CARTESIAN_POINT('',(-4.559018816974,-8.405578852689));
#4437 = CARTESIAN_POINT('',(-4.865990414488,-8.544468012726));
#4438 = CARTESIAN_POINT('',(-5.248691076427,-8.683356696522));
#4439 = CARTESIAN_POINT('',(-5.580841014964,-8.822245623069));
#4440 = CARTESIAN_POINT('',(-5.934803997218,-8.961134686293));
#4441 = CARTESIAN_POINT('',(-6.283242224566,-9.100023736311));
#4442 = ( GEOMETRIC_REPRESENTATION_CONTEXT(2) 
PARAMETRIC_REPRESENTATION_CONTEXT() REPRESENTATION_CONTEXT('2D SPACE',''
  ) );
#4443 = ORIENTED_EDGE('',*,*,#4444,.F.);
#4444 = EDGE_CURVE('',#4445,#4275,#4447,.T.);
#4445 = VERTEX_POINT('',#4446);
#4446 = CARTESIAN_POINT('',(11.1,0.,4.117647239736));
#4447 = SURFACE_CURVE('',#4448,(#4579,#4586),.PCURVE_S1.);
#4448 = B_SPLINE_CURVE_WITH_KNOTS('',9,(#4449,#4450,#4451,#4452,#4453,
    #4454,#4455,#4456,#4457,#4458,#4459,#4460,#4461,#4462,#4463,#4464,
    #4465,#4466,#4467,#4468,#4469,#4470,#4471,#4472,#4473,#4474,#4475,
    #4476,#4477,#4478,#4479,#4480,#4481,#4482,#4483,#4484,#4485,#4486,
    #4487,#4488,#4489,#4490,#4491,#4492,#4493,#4494,#4495,#4496,#4497,
    #4498,#4499,#4500,#4501,#4502,#4503,#4504,#4505,#4506,#4507,#4508,
    #4509,#4510,#4511,#4512,#4513,#4514,#4515,#4516,#4517,#4518,#4519,
    #4520,#4521,#4522,#4523,#4524,#4525,#4526,#4527,#4528,#4529,#4530,
    #4531,#4532,#4533,#4534,#4535,#4536,#4537,#4538,#4539,#4540,#4541,
    #4542,#4543,#4544,#4545,#4546,#4547,#4548,#4549,#4550,#4551,#4552,
    #4553,#4554,#4555,#4556,#4557,#4558,#4559,#4560,#4561,#4562,#4563,
    #4564,#4565,#4566,#4567,#4568,#4569,#4570,#4571,#4572,#4573,#4574,
    #4575,#4576,#4577,#4578),.UNSPECIFIED.,.F.,.F.,(10,8,8,8,8,8,8,8,8,8
    ,8,8,8,8,8,8,10),(0.,5.071709268329,10.143418536657,15.215127804986,
    20.286837073315,25.358546341643,30.430255609972,35.501964878301,
    40.573674146629,45.645383414958,50.717092683287,55.788801951616,
    60.860511219944,65.932220488273,71.003929756602,76.07563902493,
    81.147348293259),.UNSPECIFIED.);
#4449 = CARTESIAN_POINT('',(11.079999464309,-6.485415759983E-08,
    -3.399999814308));
#4450 = CARTESIAN_POINT('',(11.080002469843,5.801476609208,
    -3.191668176425));
#4451 = CARTESIAN_POINT('',(7.661374746175,11.604673060505,
    -2.98332795861));
#4452 = CARTESIAN_POINT('',(0.834470677089,15.093930246303,
    -2.775011632179));
#4453 = CARTESIAN_POINT('',(-7.633777384608,14.034538219445,
    -2.566649920629));
#4454 = CARTESIAN_POINT('',(-14.03451821911,7.633748296238,
    -2.358349943714));
#4455 = CARTESIAN_POINT('',(-15.09393821951,-0.834443640243,
    -2.149988734934));
#4456 = CARTESIAN_POINT('',(-11.60467170246,-7.661389865565,
    -1.941671632411));
#4457 = CARTESIAN_POINT('',(-5.801476689479,-11.07999771889,
    -1.73333216308));
#4458 = CARTESIAN_POINT('',(5.801476585609,-11.0800018683,-1.31666783707
    ));
#4459 = CARTESIAN_POINT('',(11.604673094144,-7.661375603739,
    -1.108328442398));
#4460 = CARTESIAN_POINT('',(15.093930208091,-0.834469702825,
    -0.900011082557));
#4461 = CARTESIAN_POINT('',(14.034538254176,7.633776498984,
    -0.691650420244));
#4462 = CARTESIAN_POINT('',(7.633748271272,14.03451885581,
    -0.483349584533));
#4463 = CARTESIAN_POINT('',(-0.834443626538,15.09393787,-0.274988932107)
  );
#4464 = CARTESIAN_POINT('',(-7.661389870807,11.604671836129,
    -6.667155700831E-02));
#4465 = CARTESIAN_POINT('',(-11.07999771792,5.801476664723,
    0.141667822954));
#4466 = CARTESIAN_POINT('',(-11.08000186876,-5.801476573791,
    0.558332169597));
#4467 = CARTESIAN_POINT('',(-7.661375603078,-11.60467311099,
    0.766671548098));
#4468 = CARTESIAN_POINT('',(-0.834469703576,-15.09393018894,
    0.97498892824));
#4469 = CARTESIAN_POINT('',(7.633776499668,-14.03453827158,
    1.183349569942));
#4470 = CARTESIAN_POINT('',(14.034518855317,-7.633748258757,
    1.391650422522));
#4471 = CARTESIAN_POINT('',(15.093937870272,0.834443619667,
    1.600011064021));
#4472 = CARTESIAN_POINT('',(11.604671836025,7.661389873434,
    1.808328444472));
#4473 = CARTESIAN_POINT('',(5.801476664742,11.079997717437,2.01666782268
    ));
#4474 = CARTESIAN_POINT('',(-5.8014765738,11.080001868999,2.433332169727
    ));
#4475 = CARTESIAN_POINT('',(-11.60467311098,7.661375602745,
    2.641671547913));
#4476 = CARTESIAN_POINT('',(-15.09393018895,0.834469703955,
    2.849988928449));
#4477 = CARTESIAN_POINT('',(-14.03453827157,-7.633776500012,
    3.058349569754));
#4478 = CARTESIAN_POINT('',(-7.633748258763,-14.03451885507,
    3.266650422656));
#4479 = CARTESIAN_POINT('',(0.83444361967,-15.0939378704,3.475011063948)
  );
#4480 = CARTESIAN_POINT('',(7.661389873434,-11.60467183597,3.6833284445)
  );
#4481 = CARTESIAN_POINT('',(11.079997717437,-5.801476664751,
    3.891667822675));
#4482 = CARTESIAN_POINT('',(11.080001868999,5.801476573804,4.30833216973
    ));
#4483 = CARTESIAN_POINT('',(7.661375602743,11.604673110979,
    4.516671547911));
#4484 = CARTESIAN_POINT('',(0.834469703958,15.093930188957,
    4.724988928451));
#4485 = CARTESIAN_POINT('',(-7.633776500017,14.034538271578,
    4.933349569753));
#4486 = CARTESIAN_POINT('',(-14.03451885506,7.633748258756,
    5.141650422657));
#4487 = CARTESIAN_POINT('',(-15.09393787041,-0.834443619665,
    5.350011063947));
#4488 = CARTESIAN_POINT('',(-11.60467183597,-7.661389873436,5.5583284445
    ));
#4489 = CARTESIAN_POINT('',(-5.801476664752,-11.07999771743,
    5.766667822675));
#4490 = CARTESIAN_POINT('',(5.801476573804,-11.08000186899,6.18333216973
    ));
#4491 = CARTESIAN_POINT('',(11.604673110978,-7.661375602746,
    6.391671547909));
#4492 = CARTESIAN_POINT('',(15.093930188959,-0.834469703954,
    6.599988928455));
#4493 = CARTESIAN_POINT('',(14.034538271575,7.633776500012,
    6.808349569748));
#4494 = CARTESIAN_POINT('',(7.633748258759,14.034518855069,
    7.016650422662));
#4495 = CARTESIAN_POINT('',(-0.834443619667,15.093937870408,
    7.225011063943));
#4496 = CARTESIAN_POINT('',(-7.661389873435,11.604671835973,
    7.433328444502));
#4497 = CARTESIAN_POINT('',(-11.07999771743,5.801476664752,
    7.641667822675));
#4498 = CARTESIAN_POINT('',(-11.08000186899,-5.801476573805,
    8.058332169731));
#4499 = CARTESIAN_POINT('',(-7.661375602748,-11.60467311097,
    8.266671547906));
#4500 = CARTESIAN_POINT('',(-0.834469703948,-15.09393018897,
    8.47498892846));
#4501 = CARTESIAN_POINT('',(7.633776500002,-14.03453827155,
    8.683349569741));
#4502 = CARTESIAN_POINT('',(14.03451885508,-7.633748258779,
    8.891650422667));
#4503 = CARTESIAN_POINT('',(15.0939378704,0.83444361968,9.10001106394));
#4504 = CARTESIAN_POINT('',(11.604671835976,7.661389873429,
    9.308328444503));
#4505 = CARTESIAN_POINT('',(5.801476664751,11.079997717438,
    9.516667822675));
#4506 = CARTESIAN_POINT('',(-5.801476573804,11.080001868999,
    9.93333216973));
#4507 = CARTESIAN_POINT('',(-11.60467311098,7.661375602743,
    10.141671547911));
#4508 = CARTESIAN_POINT('',(-15.09393018895,0.83446970396,
    10.349988928449));
#4509 = CARTESIAN_POINT('',(-14.03453827158,-7.633776500019,
    10.558349569755));
#4510 = CARTESIAN_POINT('',(-7.633748258751,-14.03451885506,
    10.766650422655));
#4511 = CARTESIAN_POINT('',(0.834443619661,-15.09393787041,
    10.975011063948));
#4512 = CARTESIAN_POINT('',(7.661389873438,-11.60467183597,
    11.183328444499));
#4513 = CARTESIAN_POINT('',(11.079997717435,-5.801476664751,
    11.391667822676));
#4514 = CARTESIAN_POINT('',(11.080001869001,5.801476573803,
    11.808332169728));
#4515 = CARTESIAN_POINT('',(7.661375602735,11.604673110983,
    12.016671547919));
#4516 = CARTESIAN_POINT('',(0.834469703972,15.093930188945,
    12.224988928435));
#4517 = CARTESIAN_POINT('',(-7.633776500031,14.034538271598,
    12.433349569774));
#4518 = CARTESIAN_POINT('',(-14.03451885505,7.633748258733,
    12.641650422638));
#4519 = CARTESIAN_POINT('',(-15.09393787041,-0.834443619648,
    12.850011063959));
#4520 = CARTESIAN_POINT('',(-11.60467183597,-7.661389873444,
    13.058328444494));
#4521 = CARTESIAN_POINT('',(-5.801476664752,-11.07999771743,
    13.266667822677));
#4522 = CARTESIAN_POINT('',(5.801476573804,-11.080001869,13.683332169727
    ));
#4523 = CARTESIAN_POINT('',(11.604673110984,-7.661375602731,
    13.891671547923));
#4524 = CARTESIAN_POINT('',(15.093930188943,-0.83446970398,
    14.099988928427));
#4525 = CARTESIAN_POINT('',(14.034538271601,7.633776500043,
    14.308349569784));
#4526 = CARTESIAN_POINT('',(7.63374825873,14.034518855045,
    14.516650422628));
#4527 = CARTESIAN_POINT('',(-0.834443619646,15.09393787042,
    14.725011063965));
#4528 = CARTESIAN_POINT('',(-7.661389873445,11.604671835969,
    14.933328444493));
#4529 = CARTESIAN_POINT('',(-11.07999771743,5.801476664752,
    15.141667822677));
#4530 = CARTESIAN_POINT('',(-11.08000186899,-5.801476573804,
    15.55833216973));
#4531 = CARTESIAN_POINT('',(-7.661375602748,-11.60467311097,
    15.766671547907));
#4532 = CARTESIAN_POINT('',(-0.834469703947,-15.09393018896,
    15.974988928462));
#4533 = CARTESIAN_POINT('',(7.6337765,-14.03453827156,16.183349569734));
#4534 = CARTESIAN_POINT('',(14.034518855082,-7.633748258778,
    16.391650422679));
#4535 = CARTESIAN_POINT('',(15.093937870399,0.834443619684,
    16.600011063929));
#4536 = CARTESIAN_POINT('',(11.604671835976,7.661389873424,
    16.80832844451));
#4537 = CARTESIAN_POINT('',(5.801476664752,11.079997717441,
    17.016667822672));
#4538 = CARTESIAN_POINT('',(-5.801476573805,11.080001868994,
    17.433332169734));
#4539 = CARTESIAN_POINT('',(-11.60467311097,7.661375602761,
    17.641671547894));
#4540 = CARTESIAN_POINT('',(-15.09393018898,0.834469703925,
    17.849988928484));
#4541 = CARTESIAN_POINT('',(-14.03453827153,-7.633776499977,
    18.058349569708));
#4542 = CARTESIAN_POINT('',(-7.633748258802,-14.03451885509,
    18.266650422701));
#4543 = CARTESIAN_POINT('',(0.834443619701,-15.09393787039,
    18.475011063917));
#4544 = CARTESIAN_POINT('',(7.661389873417,-11.60467183597,
    18.683328444514));
#4545 = CARTESIAN_POINT('',(11.079997717441,-5.801476664751,
    18.891667822672));
#4546 = CARTESIAN_POINT('',(11.080001868996,5.801476573804,
    19.308332169731));
#4547 = CARTESIAN_POINT('',(7.661375602751,11.604673110977,
    19.516671547907));
#4548 = CARTESIAN_POINT('',(0.834469703946,15.093930188961,
    19.724988928459));
#4549 = CARTESIAN_POINT('',(-7.633776500003,14.03453827157,
    19.93334956974));
#4550 = CARTESIAN_POINT('',(-14.03451885507,7.633748258765,
    20.14165042267));
#4551 = CARTESIAN_POINT('',(-15.0939378704,-0.834443619673,
    20.350011063938));
#4552 = CARTESIAN_POINT('',(-11.60467183597,-7.661389873431,
    20.558328444503));
#4553 = CARTESIAN_POINT('',(-5.801476664756,-11.07999771743,
    20.766667822677));
#4554 = CARTESIAN_POINT('',(5.801476573814,-11.080001869,21.183332169724
    ));
#4555 = CARTESIAN_POINT('',(11.604673110925,-7.66137560274,
    21.391671547943));
#4556 = CARTESIAN_POINT('',(15.093930189095,-0.834469703966,
    21.599988928365));
#4557 = CARTESIAN_POINT('',(14.03453827133,7.633776500025,
    21.808349569907));
#4558 = CARTESIAN_POINT('',(7.633748259097,14.034518855059,
    22.016650422448));
#4559 = CARTESIAN_POINT('',(-0.834443620037,15.093937870414,
    22.225011064171));
#4560 = CARTESIAN_POINT('',(-7.661389873108,11.604671835968,
    22.433328444307));
#4561 = CARTESIAN_POINT('',(-11.07999771766,5.801476664756,
    22.641667822809));
#4562 = CARTESIAN_POINT('',(-11.08000186851,-5.801476573814,
    23.058332169452));
#4563 = CARTESIAN_POINT('',(-7.661375605365,-11.60467311092,
    23.266671549409));
#4564 = CARTESIAN_POINT('',(-0.834469697113,-15.0939301891,
    23.474988924528));
#4565 = CARTESIAN_POINT('',(7.633776487564,-14.0345382713,23.68334957691
    ));
#4566 = CARTESIAN_POINT('',(14.03451887237,-7.633748259133,
    23.891650412687));
#4567 = CARTESIAN_POINT('',(15.093937851388,0.834443620068,
    24.100011074931));
#4568 = CARTESIAN_POINT('',(11.604671852707,7.661389873093,
    24.308328434819));
#4569 = CARTESIAN_POINT('',(5.801476653016,11.07999771767,
    24.516667829473));
#4570 = CARTESIAN_POINT('',(-5.80147654922,11.080001868518,
    24.933332155485));
#4571 = CARTESIAN_POINT('',(-11.60467324371,7.661375605335,
    25.141671624824));
#4572 = CARTESIAN_POINT('',(-15.09392984186,0.834469697183,
    25.349988727323));
#4573 = CARTESIAN_POINT('',(-14.03453890385,-7.633776487678,
    25.558349936138));
#4574 = CARTESIAN_POINT('',(-7.633747379258,-14.03451887222,
    25.766649913022));
#4575 = CARTESIAN_POINT('',(0.834442652132,-15.09393785153,
    25.975011624589));
#4576 = CARTESIAN_POINT('',(7.661390725076,-11.60467185259,
    26.183327951014));
#4577 = CARTESIAN_POINT('',(11.07999712005,-5.801476653094,
    26.391668168832));
#4578 = CARTESIAN_POINT('',(11.080000120233,-5.185508200611E-08,
    26.599999806714));
#4579 = PCURVE('',#179,#4580);
#4580 = DEFINITIONAL_REPRESENTATION('',(#4581),#4585);
#4581 = LINE('',#4582,#4583);
#4582 = CARTESIAN_POINT('',(0.,0.));
#4583 = VECTOR('',#4584,1.);
#4584 = DIRECTION('',(0.,1.));
#4585 = ( GEOMETRIC_REPRESENTATION_CONTEXT(2) 
PARAMETRIC_REPRESENTATION_CONTEXT() REPRESENTATION_CONTEXT('2D SPACE',''
  ) );
#4586 = PCURVE('',#4587,#4592);
#4587 = CYLINDRICAL_SURFACE('',#4588,11.1);
#4588 = AXIS2_PLACEMENT_3D('',#4589,#4590,#4591);
#4589 = CARTESIAN_POINT('',(0.,0.,0.));
#4590 = DIRECTION('',(-0.,-0.,-1.));
#4591 = DIRECTION('',(1.,0.,0.));
#4592 = DEFINITIONAL_REPRESENTATION('',(#4593),#4612);
#4593 = B_SPLINE_CURVE_WITH_KNOTS('',9,(#4594,#4595,#4596,#4597,#4598,
    #4599,#4600,#4601,#4602,#4603,#4604,#4605,#4606,#4607,#4608,#4609,
    #4610,#4611),.UNSPECIFIED.,.F.,.F.,(10,8,10),(20.286898444121,
    23.668036449117,27.049174454113),.UNSPECIFIED.);
#4594 = CARTESIAN_POINT('',(-5.701872893074E-05,-4.100022684731));
#4595 = CARTESIAN_POINT('',(-0.348493907585,-4.238910738968));
#4596 = CARTESIAN_POINT('',(-0.702547212952,-4.377801994169));
#4597 = CARTESIAN_POINT('',(-1.03441665641,-4.516687799907));
#4598 = CARTESIAN_POINT('',(-1.417424396692,-4.655578161226));
#4599 = CARTESIAN_POINT('',(-1.724395595927,-4.794467140353));
#4600 = CARTESIAN_POINT('',(-2.107095754178,-4.933355641348));
#4601 = CARTESIAN_POINT('',(-2.439245259109,-5.072244386487));
#4602 = CARTESIAN_POINT('',(-2.793207778015,-5.211133267878));
#4603 = CARTESIAN_POINT('',(-3.490083320541,-5.488911004378));
#4604 = CARTESIAN_POINT('',(-3.844041583721,-5.627800165541));
#4605 = CARTESIAN_POINT('',(-4.176394577975,-5.766686613977));
#4606 = CARTESIAN_POINT('',(-4.558393526546,-5.905581338768));
#4607 = CARTESIAN_POINT('',(-4.866494238406,-6.044462358783));
#4608 = CARTESIAN_POINT('',(-5.248493237508,-6.18335708465));
#4609 = CARTESIAN_POINT('',(-5.580846238681,-6.322243532268));
#4610 = CARTESIAN_POINT('',(-5.93480446098,-6.461132693696));
#4611 = CARTESIAN_POINT('',(-6.283242235933,-6.60002156195));
#4612 = ( GEOMETRIC_REPRESENTATION_CONTEXT(2) 
PARAMETRIC_REPRESENTATION_CONTEXT() REPRESENTATION_CONTEXT('2D SPACE',''
  ) );
#4613 = ORIENTED_EDGE('',*,*,#4614,.F.);
#4614 = EDGE_CURVE('',#24,#4445,#4615,.T.);
#4615 = SURFACE_CURVE('',#4616,(#4747,#4754),.PCURVE_S1.);
#4616 = B_SPLINE_CURVE_WITH_KNOTS('',9,(#4617,#4618,#4619,#4620,#4621,
    #4622,#4623,#4624,#4625,#4626,#4627,#4628,#4629,#4630,#4631,#4632,
    #4633,#4634,#4635,#4636,#4637,#4638,#4639,#4640,#4641,#4642,#4643,
    #4644,#4645,#4646,#4647,#4648,#4649,#4650,#4651,#4652,#4653,#4654,
    #4655,#4656,#4657,#4658,#4659,#4660,#4661,#4662,#4663,#4664,#4665,
    #4666,#4667,#4668,#4669,#4670,#4671,#4672,#4673,#4674,#4675,#4676,
    #4677,#4678,#4679,#4680,#4681,#4682,#4683,#4684,#4685,#4686,#4687,
    #4688,#4689,#4690,#4691,#4692,#4693,#4694,#4695,#4696,#4697,#4698,
    #4699,#4700,#4701,#4702,#4703,#4704,#4705,#4706,#4707,#4708,#4709,
    #4710,#4711,#4712,#4713,#4714,#4715,#4716,#4717,#4718,#4719,#4720,
    #4721,#4722,#4723,#4724,#4725,#4726,#4727,#4728,#4729,#4730,#4731,
    #4732,#4733,#4734,#4735,#4736,#4737,#4738,#4739,#4740,#4741,#4742,
    #4743,#4744,#4745,#4746),.UNSPECIFIED.,.F.,.F.,(10,8,8,8,8,8,8,8,8,8
    ,8,8,8,8,8,8,10),(0.,5.071709268329,10.143418536657,15.215127804986,
    20.286837073315,25.358546341643,30.430255609972,35.501964878301,
    40.573674146629,45.645383414958,50.717092683287,55.788801951616,
    60.860511219944,65.932220488273,71.003929756602,76.07563902493,
    81.147348293259),.UNSPECIFIED.);
#4617 = CARTESIAN_POINT('',(11.079999464309,-6.485415759983E-08,
    -3.399999814308));
#4618 = CARTESIAN_POINT('',(11.080002469843,5.801476609208,
    -3.191668176425));
#4619 = CARTESIAN_POINT('',(7.661374746175,11.604673060505,
    -2.98332795861));
#4620 = CARTESIAN_POINT('',(0.834470677089,15.093930246303,
    -2.775011632179));
#4621 = CARTESIAN_POINT('',(-7.633777384608,14.034538219445,
    -2.566649920629));
#4622 = CARTESIAN_POINT('',(-14.03451821911,7.633748296238,
    -2.358349943714));
#4623 = CARTESIAN_POINT('',(-15.09393821951,-0.834443640243,
    -2.149988734934));
#4624 = CARTESIAN_POINT('',(-11.60467170246,-7.661389865565,
    -1.941671632411));
#4625 = CARTESIAN_POINT('',(-5.801476689479,-11.07999771889,
    -1.73333216308));
#4626 = CARTESIAN_POINT('',(5.801476585609,-11.0800018683,-1.31666783707
    ));
#4627 = CARTESIAN_POINT('',(11.604673094144,-7.661375603739,
    -1.108328442398));
#4628 = CARTESIAN_POINT('',(15.093930208091,-0.834469702825,
    -0.900011082557));
#4629 = CARTESIAN_POINT('',(14.034538254176,7.633776498984,
    -0.691650420244));
#4630 = CARTESIAN_POINT('',(7.633748271272,14.03451885581,
    -0.483349584533));
#4631 = CARTESIAN_POINT('',(-0.834443626538,15.09393787,-0.274988932107)
  );
#4632 = CARTESIAN_POINT('',(-7.661389870807,11.604671836129,
    -6.667155700831E-02));
#4633 = CARTESIAN_POINT('',(-11.07999771792,5.801476664723,
    0.141667822954));
#4634 = CARTESIAN_POINT('',(-11.08000186876,-5.801476573791,
    0.558332169597));
#4635 = CARTESIAN_POINT('',(-7.661375603078,-11.60467311099,
    0.766671548098));
#4636 = CARTESIAN_POINT('',(-0.834469703576,-15.09393018894,
    0.97498892824));
#4637 = CARTESIAN_POINT('',(7.633776499668,-14.03453827158,
    1.183349569942));
#4638 = CARTESIAN_POINT('',(14.034518855317,-7.633748258757,
    1.391650422522));
#4639 = CARTESIAN_POINT('',(15.093937870272,0.834443619667,
    1.600011064021));
#4640 = CARTESIAN_POINT('',(11.604671836025,7.661389873434,
    1.808328444472));
#4641 = CARTESIAN_POINT('',(5.801476664742,11.079997717437,2.01666782268
    ));
#4642 = CARTESIAN_POINT('',(-5.8014765738,11.080001868999,2.433332169727
    ));
#4643 = CARTESIAN_POINT('',(-11.60467311098,7.661375602745,
    2.641671547913));
#4644 = CARTESIAN_POINT('',(-15.09393018895,0.834469703955,
    2.849988928449));
#4645 = CARTESIAN_POINT('',(-14.03453827157,-7.633776500012,
    3.058349569754));
#4646 = CARTESIAN_POINT('',(-7.633748258763,-14.03451885507,
    3.266650422656));
#4647 = CARTESIAN_POINT('',(0.83444361967,-15.0939378704,3.475011063948)
  );
#4648 = CARTESIAN_POINT('',(7.661389873434,-11.60467183597,3.6833284445)
  );
#4649 = CARTESIAN_POINT('',(11.079997717437,-5.801476664751,
    3.891667822675));
#4650 = CARTESIAN_POINT('',(11.080001868999,5.801476573804,4.30833216973
    ));
#4651 = CARTESIAN_POINT('',(7.661375602743,11.604673110979,
    4.516671547911));
#4652 = CARTESIAN_POINT('',(0.834469703958,15.093930188957,
    4.724988928451));
#4653 = CARTESIAN_POINT('',(-7.633776500017,14.034538271578,
    4.933349569753));
#4654 = CARTESIAN_POINT('',(-14.03451885506,7.633748258756,
    5.141650422657));
#4655 = CARTESIAN_POINT('',(-15.09393787041,-0.834443619665,
    5.350011063947));
#4656 = CARTESIAN_POINT('',(-11.60467183597,-7.661389873436,5.5583284445
    ));
#4657 = CARTESIAN_POINT('',(-5.801476664752,-11.07999771743,
    5.766667822675));
#4658 = CARTESIAN_POINT('',(5.801476573804,-11.08000186899,6.18333216973
    ));
#4659 = CARTESIAN_POINT('',(11.604673110978,-7.661375602746,
    6.391671547909));
#4660 = CARTESIAN_POINT('',(15.093930188959,-0.834469703954,
    6.599988928455));
#4661 = CARTESIAN_POINT('',(14.034538271575,7.633776500012,
    6.808349569748));
#4662 = CARTESIAN_POINT('',(7.633748258759,14.034518855069,
    7.016650422662));
#4663 = CARTESIAN_POINT('',(-0.834443619667,15.093937870408,
    7.225011063943));
#4664 = CARTESIAN_POINT('',(-7.661389873435,11.604671835973,
    7.433328444502));
#4665 = CARTESIAN_POINT('',(-11.07999771743,5.801476664752,
    7.641667822675));
#4666 = CARTESIAN_POINT('',(-11.08000186899,-5.801476573805,
    8.058332169731));
#4667 = CARTESIAN_POINT('',(-7.661375602748,-11.60467311097,
    8.266671547906));
#4668 = CARTESIAN_POINT('',(-0.834469703948,-15.09393018897,
    8.47498892846));
#4669 = CARTESIAN_POINT('',(7.633776500002,-14.03453827155,
    8.683349569741));
#4670 = CARTESIAN_POINT('',(14.03451885508,-7.633748258779,
    8.891650422667));
#4671 = CARTESIAN_POINT('',(15.0939378704,0.83444361968,9.10001106394));
#4672 = CARTESIAN_POINT('',(11.604671835976,7.661389873429,
    9.308328444503));
#4673 = CARTESIAN_POINT('',(5.801476664751,11.079997717438,
    9.516667822675));
#4674 = CARTESIAN_POINT('',(-5.801476573804,11.080001868999,
    9.93333216973));
#4675 = CARTESIAN_POINT('',(-11.60467311098,7.661375602743,
    10.141671547911));
#4676 = CARTESIAN_POINT('',(-15.09393018895,0.83446970396,
    10.349988928449));
#4677 = CARTESIAN_POINT('',(-14.03453827158,-7.633776500019,
    10.558349569755));
#4678 = CARTESIAN_POINT('',(-7.633748258751,-14.03451885506,
    10.766650422655));
#4679 = CARTESIAN_POINT('',(0.834443619661,-15.09393787041,
    10.975011063948));
#4680 = CARTESIAN_POINT('',(7.661389873438,-11.60467183597,
    11.183328444499));
#4681 = CARTESIAN_POINT('',(11.079997717435,-5.801476664751,
    11.391667822676));
#4682 = CARTESIAN_POINT('',(11.080001869001,5.801476573803,
    11.808332169728));
#4683 = CARTESIAN_POINT('',(7.661375602735,11.604673110983,
    12.016671547919));
#4684 = CARTESIAN_POINT('',(0.834469703972,15.093930188945,
    12.224988928435));
#4685 = CARTESIAN_POINT('',(-7.633776500031,14.034538271598,
    12.433349569774));
#4686 = CARTESIAN_POINT('',(-14.03451885505,7.633748258733,
    12.641650422638));
#4687 = CARTESIAN_POINT('',(-15.09393787041,-0.834443619648,
    12.850011063959));
#4688 = CARTESIAN_POINT('',(-11.60467183597,-7.661389873444,
    13.058328444494));
#4689 = CARTESIAN_POINT('',(-5.801476664752,-11.07999771743,
    13.266667822677));
#4690 = CARTESIAN_POINT('',(5.801476573804,-11.080001869,13.683332169727
    ));
#4691 = CARTESIAN_POINT('',(11.604673110984,-7.661375602731,
    13.891671547923));
#4692 = CARTESIAN_POINT('',(15.093930188943,-0.83446970398,
    14.099988928427));
#4693 = CARTESIAN_POINT('',(14.034538271601,7.633776500043,
    14.308349569784));
#4694 = CARTESIAN_POINT('',(7.63374825873,14.034518855045,
    14.516650422628));
#4695 = CARTESIAN_POINT('',(-0.834443619646,15.09393787042,
    14.725011063965));
#4696 = CARTESIAN_POINT('',(-7.661389873445,11.604671835969,
    14.933328444493));
#4697 = CARTESIAN_POINT('',(-11.07999771743,5.801476664752,
    15.141667822677));
#4698 = CARTESIAN_POINT('',(-11.08000186899,-5.801476573804,
    15.55833216973));
#4699 = CARTESIAN_POINT('',(-7.661375602748,-11.60467311097,
    15.766671547907));
#4700 = CARTESIAN_POINT('',(-0.834469703947,-15.09393018896,
    15.974988928462));
#4701 = CARTESIAN_POINT('',(7.6337765,-14.03453827156,16.183349569734));
#4702 = CARTESIAN_POINT('',(14.034518855082,-7.633748258778,
    16.391650422679));
#4703 = CARTESIAN_POINT('',(15.093937870399,0.834443619684,
    16.600011063929));
#4704 = CARTESIAN_POINT('',(11.604671835976,7.661389873424,
    16.80832844451));
#4705 = CARTESIAN_POINT('',(5.801476664752,11.079997717441,
    17.016667822672));
#4706 = CARTESIAN_POINT('',(-5.801476573805,11.080001868994,
    17.433332169734));
#4707 = CARTESIAN_POINT('',(-11.60467311097,7.661375602761,
    17.641671547894));
#4708 = CARTESIAN_POINT('',(-15.09393018898,0.834469703925,
    17.849988928484));
#4709 = CARTESIAN_POINT('',(-14.03453827153,-7.633776499977,
    18.058349569708));
#4710 = CARTESIAN_POINT('',(-7.633748258802,-14.03451885509,
    18.266650422701));
#4711 = CARTESIAN_POINT('',(0.834443619701,-15.09393787039,
    18.475011063917));
#4712 = CARTESIAN_POINT('',(7.661389873417,-11.60467183597,
    18.683328444514));
#4713 = CARTESIAN_POINT('',(11.079997717441,-5.801476664751,
    18.891667822672));
#4714 = CARTESIAN_POINT('',(11.080001868996,5.801476573804,
    19.308332169731));
#4715 = CARTESIAN_POINT('',(7.661375602751,11.604673110977,
    19.516671547907));
#4716 = CARTESIAN_POINT('',(0.834469703946,15.093930188961,
    19.724988928459));
#4717 = CARTESIAN_POINT('',(-7.633776500003,14.03453827157,
    19.93334956974));
#4718 = CARTESIAN_POINT('',(-14.03451885507,7.633748258765,
    20.14165042267));
#4719 = CARTESIAN_POINT('',(-15.0939378704,-0.834443619673,
    20.350011063938));
#4720 = CARTESIAN_POINT('',(-11.60467183597,-7.661389873431,
    20.558328444503));
#4721 = CARTESIAN_POINT('',(-5.801476664756,-11.07999771743,
    20.766667822677));
#4722 = CARTESIAN_POINT('',(5.801476573814,-11.080001869,21.183332169724
    ));
#4723 = CARTESIAN_POINT('',(11.604673110925,-7.66137560274,
    21.391671547943));
#4724 = CARTESIAN_POINT('',(15.093930189095,-0.834469703966,
    21.599988928365));
#4725 = CARTESIAN_POINT('',(14.03453827133,7.633776500025,
    21.808349569907));
#4726 = CARTESIAN_POINT('',(7.633748259097,14.034518855059,
    22.016650422448));
#4727 = CARTESIAN_POINT('',(-0.834443620037,15.093937870414,
    22.225011064171));
#4728 = CARTESIAN_POINT('',(-7.661389873108,11.604671835968,
    22.433328444307));
#4729 = CARTESIAN_POINT('',(-11.07999771766,5.801476664756,
    22.641667822809));
#4730 = CARTESIAN_POINT('',(-11.08000186851,-5.801476573814,
    23.058332169452));
#4731 = CARTESIAN_POINT('',(-7.661375605365,-11.60467311092,
    23.266671549409));
#4732 = CARTESIAN_POINT('',(-0.834469697113,-15.0939301891,
    23.474988924528));
#4733 = CARTESIAN_POINT('',(7.633776487564,-14.0345382713,23.68334957691
    ));
#4734 = CARTESIAN_POINT('',(14.03451887237,-7.633748259133,
    23.891650412687));
#4735 = CARTESIAN_POINT('',(15.093937851388,0.834443620068,
    24.100011074931));
#4736 = CARTESIAN_POINT('',(11.604671852707,7.661389873093,
    24.308328434819));
#4737 = CARTESIAN_POINT('',(5.801476653016,11.07999771767,
    24.516667829473));
#4738 = CARTESIAN_POINT('',(-5.80147654922,11.080001868518,
    24.933332155485));
#4739 = CARTESIAN_POINT('',(-11.60467324371,7.661375605335,
    25.141671624824));
#4740 = CARTESIAN_POINT('',(-15.09392984186,0.834469697183,
    25.349988727323));
#4741 = CARTESIAN_POINT('',(-14.03453890385,-7.633776487678,
    25.558349936138));
#4742 = CARTESIAN_POINT('',(-7.633747379258,-14.03451887222,
    25.766649913022));
#4743 = CARTESIAN_POINT('',(0.834442652132,-15.09393785153,
    25.975011624589));
#4744 = CARTESIAN_POINT('',(7.661390725076,-11.60467185259,
    26.183327951014));
#4745 = CARTESIAN_POINT('',(11.07999712005,-5.801476653094,
    26.391668168832));
#4746 = CARTESIAN_POINT('',(11.080000120233,-5.185508200611E-08,
    26.599999806714));
#4747 = PCURVE('',#179,#4748);
#4748 = DEFINITIONAL_REPRESENTATION('',(#4749),#4753);
#4749 = LINE('',#4750,#4751);
#4750 = CARTESIAN_POINT('',(0.,0.));
#4751 = VECTOR('',#4752,1.);
#4752 = DIRECTION('',(0.,1.));
#4753 = ( GEOMETRIC_REPRESENTATION_CONTEXT(2) 
PARAMETRIC_REPRESENTATION_CONTEXT() REPRESENTATION_CONTEXT('2D SPACE',''
  ) );
#4754 = PCURVE('',#463,#4755);
#4755 = DEFINITIONAL_REPRESENTATION('',(#4756),#4775);
#4756 = B_SPLINE_CURVE_WITH_KNOTS('',9,(#4757,#4758,#4759,#4760,#4761,
    #4762,#4763,#4764,#4765,#4766,#4767,#4768,#4769,#4770,#4771,#4772,
    #4773,#4774),.UNSPECIFIED.,.F.,.F.,(10,8,10),(13.524622240813,
    16.905760342467,20.286898444121),.UNSPECIFIED.);
#4757 = CARTESIAN_POINT('',(-5.707446575059E-05,-1.600023798811));
#4758 = CARTESIAN_POINT('',(-0.348494855762,-1.738912671032));
#4759 = CARTESIAN_POINT('',(-0.702449055551,-1.877800215106));
#4760 = CARTESIAN_POINT('',(-1.034818118093,-2.016693058311));
#4761 = CARTESIAN_POINT('',(-1.416787032627,-2.155575830897));
#4762 = CARTESIAN_POINT('',(-1.724920099492,-2.294469725668));
#4763 = CARTESIAN_POINT('',(-2.106898467511,-2.433356242971));
#4764 = CARTESIAN_POINT('',(-2.439258796533,-2.572245605665));
#4765 = CARTESIAN_POINT('',(-2.793215909011,-2.711134325643));
#4766 = CARTESIAN_POINT('',(-3.490091478693,-2.988912070092));
#4767 = CARTESIAN_POINT('',(-3.844052882167,-3.127800509057));
#4768 = CARTESIAN_POINT('',(-4.176209878889,-3.266692175413));
#4769 = CARTESIAN_POINT('',(-4.558889091044,-3.40557244957));
#4770 = CARTESIAN_POINT('',(-4.865892762624,-3.544474334034));
#4771 = CARTESIAN_POINT('',(-5.248870652184,-3.683352712738));
#4772 = CARTESIAN_POINT('',(-5.580755965257,-3.822244930898));
#4773 = CARTESIAN_POINT('',(-5.934805270012,-3.961134564024));
#4774 = CARTESIAN_POINT('',(-6.283242168829,-4.100022622232));
#4775 = ( GEOMETRIC_REPRESENTATION_CONTEXT(2) 
PARAMETRIC_REPRESENTATION_CONTEXT() REPRESENTATION_CONTEXT('2D SPACE',''
  ) );
#4776 = ADVANCED_FACE('',(#4777),#463,.T.);
#4777 = FACE_BOUND('',#4778,.F.);
#4778 = EDGE_LOOP('',(#4779,#4967,#4968,#4969));
#4779 = ORIENTED_EDGE('',*,*,#4780,.F.);
#4780 = EDGE_CURVE('',#448,#4781,#4783,.T.);
#4781 = VERTEX_POINT('',#4782);
#4782 = CARTESIAN_POINT('',(11.1,0.,3.382383319483));
#4783 = SURFACE_CURVE('',#4784,(#4843,#4905),.PCURVE_S1.);
#4784 = B_SPLINE_CURVE_WITH_KNOTS('',8,(#4785,#4786,#4787,#4788,#4789,
    #4790,#4791,#4792,#4793,#4794,#4795,#4796,#4797,#4798,#4799,#4800,
    #4801,#4802,#4803,#4804,#4805,#4806,#4807,#4808,#4809,#4810,#4811,
    #4812,#4813,#4814,#4815,#4816,#4817,#4818,#4819,#4820,#4821,#4822,
    #4823,#4824,#4825,#4826,#4827,#4828,#4829,#4830,#4831,#4832,#4833,
    #4834,#4835,#4836,#4837,#4838,#4839,#4840,#4841,#4842),
  .UNSPECIFIED.,.F.,.F.,(9,7,7,7,7,7,7,7,9),(0.,0.13379306442,
    0.291508376018,0.444338132067,0.516038413352,0.598847452278,
    0.680737433171,0.839152434654,1.),.UNSPECIFIED.);
#4785 = CARTESIAN_POINT('',(11.1,0.,0.882381087528));
#4786 = CARTESIAN_POINT('',(11.1,1.165968083172,0.924179359044));
#4787 = CARTESIAN_POINT('',(10.960027524855,2.332817023682,
    0.966002738663));
#4788 = CARTESIAN_POINT('',(10.679713883672,3.479557985961,
    1.007799718298));
#4789 = CARTESIAN_POINT('',(10.262905134794,4.586707011788,
    1.049578173228));
#4790 = CARTESIAN_POINT('',(9.716060219024,5.635838783881,1.091358746817
    ));
#4791 = CARTESIAN_POINT('',(9.048558314394,6.609759977335,1.133160608619
    ));
#4792 = CARTESIAN_POINT('',(8.272368057996,7.492494246703,1.174991243207
    ));
#4793 = CARTESIAN_POINT('',(6.379557010086,9.186970846931,1.266064288337
    ));
#4794 = CARTESIAN_POINT('',(5.22395434832,9.960419258528,1.315435169703)
  );
#4795 = CARTESIAN_POINT('',(3.962726821042,10.565772493887,
    1.364770203511));
#4796 = CARTESIAN_POINT('',(2.624966527993,10.98778805159,1.414080041212
    ));
#4797 = CARTESIAN_POINT('',(1.240949277043,11.215972362703,
    1.463372739102));
#4798 = CARTESIAN_POINT('',(-0.157583651831,11.24609035008,1.51267143645
    ));
#4799 = CARTESIAN_POINT('',(-1.537992865124,11.078550115638,
    1.562011780505));
#4800 = CARTESIAN_POINT('',(-4.152950327,10.379664602579,1.659010825697)
  );
#4801 = CARTESIAN_POINT('',(-5.394456535502,9.858744550803,
    1.706813450159));
#4802 = CARTESIAN_POINT('',(-6.559210006408,9.168328831842,
    1.754584143775));
#4803 = CARTESIAN_POINT('',(-7.621056439848,8.322622475325,
    1.802343794025));
#4804 = CARTESIAN_POINT('',(-8.556736341414,7.339172060341,
    1.850114389255));
#4805 = CARTESIAN_POINT('',(-9.346767580628,6.239611365893,
    1.897883093322));
#4806 = CARTESIAN_POINT('',(-9.974716268172,5.048700976518,
    1.945682506007));
#4807 = CARTESIAN_POINT('',(-10.64414572488,3.209782022258,
    2.015821113667));
#4808 = CARTESIAN_POINT('',(-10.8201191506,2.608878118313,2.038218640124
    ));
#4809 = CARTESIAN_POINT('',(-10.95726689966,1.997110505123,
    2.060618456025));
#4810 = CARTESIAN_POINT('',(-11.05482649549,1.377356395938,
    2.083021262565));
#4811 = CARTESIAN_POINT('',(-11.11229988595,0.752561057865,
    2.105425992551));
#4812 = CARTESIAN_POINT('',(-11.12945344338,0.125737811869,
    2.127829810401));
#4813 = CARTESIAN_POINT('',(-11.10631796457,-0.500031967232,
    2.150228112146));
#4814 = CARTESIAN_POINT('',(-10.97027855025,-1.83946711196,
    2.198469338493));
#4815 = CARTESIAN_POINT('',(-10.84400383761,-2.552015218036,
    2.224330019563));
#4816 = CARTESIAN_POINT('',(-10.66488364029,-3.254467071881,
    2.250195415322));
#4817 = CARTESIAN_POINT('',(-10.43388028084,-3.942231161131,
    2.276064317805));
#4818 = CARTESIAN_POINT('',(-10.15239929686,-4.610900558164,
    2.301935464411));
#4819 = CARTESIAN_POINT('',(-9.822289441066,-5.256252920104,
    2.327807537895));
#4820 = CARTESIAN_POINT('',(-9.445842681211,-5.87425048882,
    2.353679166371));
#4821 = CARTESIAN_POINT('',(-8.610407636864,-7.04131719507,
    2.405131564161));
#4822 = CARTESIAN_POINT('',(-8.152379117193,-7.591064825478,
    2.430711928819));
#4823 = CARTESIAN_POINT('',(-7.654364366795,-8.106627628327,
    2.456289047489));
#4824 = CARTESIAN_POINT('',(-7.11932871591,-8.58463849723,2.481865270322
    ));
#4825 = CARTESIAN_POINT('',(-6.550557443135,-9.022043544408,
    2.507443795686));
#4826 = CARTESIAN_POINT('',(-5.951666119192,-9.416127071867,
    2.533026198441));
#4827 = CARTESIAN_POINT('',(-5.326610950701,-9.764536542579,
    2.558609958204));
#4828 = CARTESIAN_POINT('',(-3.428257410626,-10.64714478409,2.6336624522
    ));
#4829 = CARTESIAN_POINT('',(-2.091950609464,-11.05217637407,
    2.683231950629));
#4830 = CARTESIAN_POINT('',(-0.703221080913,-11.26400908573,
    2.732757399117));
#4831 = CARTESIAN_POINT('',(0.705297942669,-11.27654921173,
    2.782249858294));
#4832 = CARTESIAN_POINT('',(2.101244421256,-11.08858180243,
    2.831721158334));
#4833 = CARTESIAN_POINT('',(3.452665262227,-10.705402065,2.881205128305)
  );
#4834 = CARTESIAN_POINT('',(4.72808108034,-10.13707647063,2.930738453928
    ));
#4835 = CARTESIAN_POINT('',(7.084679532725,-8.659176770526,3.03041830111
    ));
#4836 = CARTESIAN_POINT('',(8.166556172689,-7.742001996873,3.08073027617
    ));
#4837 = CARTESIAN_POINT('',(9.11018038797,-6.671426541513,3.131001326976
    ));
#4838 = CARTESIAN_POINT('',(9.891850003015,-5.472671987811,
    3.181264554779));
#4839 = CARTESIAN_POINT('',(10.492162791286,-4.173541330189,
    3.231536459799));
#4840 = CARTESIAN_POINT('',(10.897815599336,-2.805215654585,
    3.281826489738));
#4841 = CARTESIAN_POINT('',(11.1,-1.401321404517,3.332155914932));
#4842 = CARTESIAN_POINT('',(11.1,-1.7763568394E-15,3.382383319483));
#4843 = PCURVE('',#463,#4844);
#4844 = DEFINITIONAL_REPRESENTATION('',(#4845),#4904);
#4845 = B_SPLINE_CURVE_WITH_KNOTS('',8,(#4846,#4847,#4848,#4849,#4850,
    #4851,#4852,#4853,#4854,#4855,#4856,#4857,#4858,#4859,#4860,#4861,
    #4862,#4863,#4864,#4865,#4866,#4867,#4868,#4869,#4870,#4871,#4872,
    #4873,#4874,#4875,#4876,#4877,#4878,#4879,#4880,#4881,#4882,#4883,
    #4884,#4885,#4886,#4887,#4888,#4889,#4890,#4891,#4892,#4893,#4894,
    #4895,#4896,#4897,#4898,#4899,#4900,#4901,#4902,#4903),
  .UNSPECIFIED.,.F.,.F.,(9,7,7,7,7,7,7,7,9),(0.,0.13379306442,
    0.291508376018,0.444338132067,0.516038413352,0.598847452278,
    0.680737433171,0.839152434654,1.),.UNSPECIFIED.);
#4846 = CARTESIAN_POINT('',(0.,-0.882381087528));
#4847 = CARTESIAN_POINT('',(-0.105042169655,-0.924179359044));
#4848 = CARTESIAN_POINT('',(-0.210163554796,-0.966002738663));
#4849 = CARTESIAN_POINT('',(-0.315240513697,-1.007799718298));
#4850 = CARTESIAN_POINT('',(-0.42029066214,-1.049578173228));
#4851 = CARTESIAN_POINT('',(-0.525348366018,-1.091358746817));
#4852 = CARTESIAN_POINT('',(-0.630442485599,-1.133160608619));
#4853 = CARTESIAN_POINT('',(-0.735585512727,-1.174991243207));
#4854 = CARTESIAN_POINT('',(-0.964456626998,-1.266064288337));
#4855 = CARTESIAN_POINT('',(-1.088499526736,-1.315435169703));
#4856 = CARTESIAN_POINT('',(-1.212428721047,-1.36477020351));
#4857 = CARTESIAN_POINT('',(-1.336292657014,-1.414080041212));
#4858 = CARTESIAN_POINT('',(-1.460153649994,-1.463372739102));
#4859 = CARTESIAN_POINT('',(-1.584072619698,-1.51267143645));
#4860 = CARTESIAN_POINT('',(-1.708113461082,-1.562011780505));
#4861 = CARTESIAN_POINT('',(-1.951963945817,-1.659010825697));
#4862 = CARTESIAN_POINT('',(-2.072135616289,-1.706813450159));
#4863 = CARTESIAN_POINT('',(-2.192206514625,-1.754584143775));
#4864 = CARTESIAN_POINT('',(-2.312219892881,-1.802343794027));
#4865 = CARTESIAN_POINT('',(-2.432231675126,-1.850114389254));
#4866 = CARTESIAN_POINT('',(-2.552298034737,-1.897883093323));
#4867 = CARTESIAN_POINT('',(-2.672466157547,-1.945682506007));
#4868 = CARTESIAN_POINT('',(-2.848770385781,-2.015821113667));
#4869 = CARTESIAN_POINT('',(-2.90506025469,-2.038218640124));
#4870 = CARTESIAN_POINT('',(-2.961347929694,-2.060618456025));
#4871 = CARTESIAN_POINT('',(-3.017638241037,-2.083021262565));
#4872 = CARTESIAN_POINT('',(-3.073932815575,-2.105425992551));
#4873 = CARTESIAN_POINT('',(-3.130230076775,-2.127829810401));
#4874 = CARTESIAN_POINT('',(-3.186525244721,-2.150228112146));
#4875 = CARTESIAN_POINT('',(-3.307815859657,-2.198469338493));
#4876 = CARTESIAN_POINT('',(-3.372824974454,-2.224330019563));
#4877 = CARTESIAN_POINT('',(-3.437834317886,-2.250195415322));
#4878 = CARTESIAN_POINT('',(-3.50284202648,-2.276064317805));
#4879 = CARTESIAN_POINT('',(-3.567847735906,-2.301935464411));
#4880 = CARTESIAN_POINT('',(-3.632852580976,-2.327807537895));
#4881 = CARTESIAN_POINT('',(-3.697859195642,-2.353679166371));
#4882 = CARTESIAN_POINT('',(-3.827162687431,-2.405131564161));
#4883 = CARTESIAN_POINT('',(-3.891453724127,-2.430711928819));
#4884 = CARTESIAN_POINT('',(-3.955741611087,-2.456289047489));
#4885 = CARTESIAN_POINT('',(-4.02002946459,-2.481865270322));
#4886 = CARTESIAN_POINT('',(-4.08432175758,-2.507443795686));
#4887 = CARTESIAN_POINT('',(-4.148619348059,-2.533026198441));
#4888 = CARTESIAN_POINT('',(-4.212914507472,-2.558609958204));
#4889 = CARTESIAN_POINT('',(-4.40151813735,-2.6336624522));
#4890 = CARTESIAN_POINT('',(-4.526067187019,-2.68323195063));
#4891 = CARTESIAN_POINT('',(-4.650493888318,-2.732757399117));
#4892 = CARTESIAN_POINT('',(-4.774852887629,-2.782249858295));
#4893 = CARTESIAN_POINT('',(-4.899209840403,-2.831721158333));
#4894 = CARTESIAN_POINT('',(-5.023628538958,-2.881205128305));
#4895 = CARTESIAN_POINT('',(-5.148174182207,-2.930738453928));
#4896 = CARTESIAN_POINT('',(-5.398775986712,-3.03041830111));
#4897 = CARTESIAN_POINT('',(-5.525247608943,-3.08073027617));
#4898 = CARTESIAN_POINT('',(-5.651581490929,-3.131001326976));
#4899 = CARTESIAN_POINT('',(-5.777850224272,-3.181264554779));
#4900 = CARTESIAN_POINT('',(-5.904121006016,-3.231536459799));
#4901 = CARTESIAN_POINT('',(-6.030463895423,-3.281826489738));
#4902 = CARTESIAN_POINT('',(-6.156940135601,-3.332155914932));
#4903 = CARTESIAN_POINT('',(-6.28318530718,-3.382383319483));
#4904 = ( GEOMETRIC_REPRESENTATION_CONTEXT(2) 
PARAMETRIC_REPRESENTATION_CONTEXT() REPRESENTATION_CONTEXT('2D SPACE',''
  ) );
#4905 = PCURVE('',#531,#4906);
#4906 = DEFINITIONAL_REPRESENTATION('',(#4907),#4966);
#4907 = B_SPLINE_CURVE_WITH_KNOTS('',8,(#4908,#4909,#4910,#4911,#4912,
    #4913,#4914,#4915,#4916,#4917,#4918,#4919,#4920,#4921,#4922,#4923,
    #4924,#4925,#4926,#4927,#4928,#4929,#4930,#4931,#4932,#4933,#4934,
    #4935,#4936,#4937,#4938,#4939,#4940,#4941,#4942,#4943,#4944,#4945,
    #4946,#4947,#4948,#4949,#4950,#4951,#4952,#4953,#4954,#4955,#4956,
    #4957,#4958,#4959,#4960,#4961,#4962,#4963,#4964,#4965),
  .UNSPECIFIED.,.F.,.F.,(9,7,7,7,7,7,7,7,9),(0.,0.13379306442,
    0.291508376018,0.444338132067,0.516038413352,0.598847452278,
    0.680737433171,0.839152434654,1.),.UNSPECIFIED.);
#4908 = CARTESIAN_POINT('',(1.333665844806,6.762276101886));
#4909 = CARTESIAN_POINT('',(1.333670841657,6.875327756975));
#4910 = CARTESIAN_POINT('',(1.33366573143,6.988465412004));
#4911 = CARTESIAN_POINT('',(1.333647166269,7.101555744751));
#4912 = CARTESIAN_POINT('',(1.333616804195,7.214617100198));
#4913 = CARTESIAN_POINT('',(1.333585514275,7.327685867759));
#4914 = CARTESIAN_POINT('',(1.333564819689,7.440793270978));
#4915 = CARTESIAN_POINT('',(1.333558303072,7.553953133769));
#4916 = CARTESIAN_POINT('',(1.33357087407,7.80027523438));
#4917 = CARTESIAN_POINT('',(1.333594787855,7.933776336167));
#4918 = CARTESIAN_POINT('',(1.333632529819,8.067155707723));
#4919 = CARTESIAN_POINT('',(1.333670861016,8.20046584178));
#4920 = CARTESIAN_POINT('',(1.333684852978,8.333773143644));
#4921 = CARTESIAN_POINT('',(1.333673888158,8.467141330925));
#4922 = CARTESIAN_POINT('',(1.33365347115,8.60063910504));
#4923 = CARTESIAN_POINT('',(1.333616354884,8.863079363462));
#4924 = CARTESIAN_POINT('',(1.333599448734,8.992411516085));
#4925 = CARTESIAN_POINT('',(1.333594865045,9.12163528244));
#4926 = CARTESIAN_POINT('',(1.33360735639,9.250798649948));
#4927 = CARTESIAN_POINT('',(1.333635175034,9.379964188535));
#4928 = CARTESIAN_POINT('',(1.333625449209,9.509191725324));
#4929 = CARTESIAN_POINT('',(1.333602045293,9.638526643521));
#4930 = CARTESIAN_POINT('',(1.333585309572,9.82827507049));
#4931 = CARTESIAN_POINT('',(1.333586593851,9.888855933209));
#4932 = CARTESIAN_POINT('',(1.333592957263,9.949433957744));
#4933 = CARTESIAN_POINT('',(1.33360225844,10.010014952438));
#4934 = CARTESIAN_POINT('',(1.333611764088,10.070600936327));
#4935 = CARTESIAN_POINT('',(1.33361814899,10.131190139136));
#4936 = CARTESIAN_POINT('',(1.333617496003,10.19177700128));
#4937 = CARTESIAN_POINT('',(1.333591205942,10.322312454837));
#4938 = CARTESIAN_POINT('',(1.333583767655,10.392276567535));
#4939 = CARTESIAN_POINT('',(1.333582894468,10.462241620269));
#4940 = CARTESIAN_POINT('',(1.333587683743,10.532206014614));
#4941 = CARTESIAN_POINT('',(1.333596416937,10.602169445414));
#4942 = CARTESIAN_POINT('',(1.333606559602,10.67213290078));
#4943 = CARTESIAN_POINT('',(1.333614761386,10.742098662089));
#4944 = CARTESIAN_POINT('',(1.333618927429,10.881265363999));
#4945 = CARTESIAN_POINT('',(1.333617627132,10.950460324009));
#4946 = CARTESIAN_POINT('',(1.33361362498,11.019651356036));
#4947 = CARTESIAN_POINT('',(1.333608678696,11.088841664195));
#4948 = CARTESIAN_POINT('',(1.333604917593,11.158036081925));
#4949 = CARTESIAN_POINT('',(1.333604126279,11.227235669219));
#4950 = CARTESIAN_POINT('',(1.333607028363,11.296432309859));
#4951 = CARTESIAN_POINT('',(1.333623290692,11.499413620424));
#4952 = CARTESIAN_POINT('',(1.333644450712,11.633456867386));
#4953 = CARTESIAN_POINT('',(1.333672076821,11.767369350889));
#4954 = CARTESIAN_POINT('',(1.333689279542,11.901211232509));
#4955 = CARTESIAN_POINT('',(1.33367504527,12.03505215129));
#4956 = CARTESIAN_POINT('',(1.33364302748,12.168959192876));
#4957 = CARTESIAN_POINT('',(1.333609652479,12.303002192115));
#4958 = CARTESIAN_POINT('',(1.333561924797,12.572712822493));
#4959 = CARTESIAN_POINT('',(1.333547802467,12.708827579089));
#4960 = CARTESIAN_POINT('',(1.333554875215,12.844793715945));
#4961 = CARTESIAN_POINT('',(1.333589105923,12.98069007876));
#4962 = CARTESIAN_POINT('',(1.333634354548,13.116590164116));
#4963 = CARTESIAN_POINT('',(1.333663289911,13.252568437801));
#4964 = CARTESIAN_POINT('',(1.333671926122,13.388689585285));
#4965 = CARTESIAN_POINT('',(1.333665926182,13.524560973815));
#4966 = ( GEOMETRIC_REPRESENTATION_CONTEXT(2) 
PARAMETRIC_REPRESENTATION_CONTEXT() REPRESENTATION_CONTEXT('2D SPACE',''
  ) );
#4967 = ORIENTED_EDGE('',*,*,#447,.T.);
#4968 = ORIENTED_EDGE('',*,*,#4614,.T.);
#4969 = ORIENTED_EDGE('',*,*,#4970,.F.);
#4970 = EDGE_CURVE('',#4781,#4445,#4971,.T.);
#4971 = SURFACE_CURVE('',#4972,(#4976,#4983),.PCURVE_S1.);
#4972 = LINE('',#4973,#4974);
#4973 = CARTESIAN_POINT('',(11.1,0.,0.));
#4974 = VECTOR('',#4975,1.);
#4975 = DIRECTION('',(0.,0.,1.));
#4976 = PCURVE('',#463,#4977);
#4977 = DEFINITIONAL_REPRESENTATION('',(#4978),#4982);
#4978 = LINE('',#4979,#4980);
#4979 = CARTESIAN_POINT('',(-6.28318530718,0.));
#4980 = VECTOR('',#4981,1.);
#4981 = DIRECTION('',(-0.,-1.));
#4982 = ( GEOMETRIC_REPRESENTATION_CONTEXT(2) 
PARAMETRIC_REPRESENTATION_CONTEXT() REPRESENTATION_CONTEXT('2D SPACE',''
  ) );
#4983 = PCURVE('',#4587,#4984);
#4984 = DEFINITIONAL_REPRESENTATION('',(#4985),#4989);
#4985 = LINE('',#4986,#4987);
#4986 = CARTESIAN_POINT('',(-0.,0.));
#4987 = VECTOR('',#4988,1.);
#4988 = DIRECTION('',(-0.,-1.));
#4989 = ( GEOMETRIC_REPRESENTATION_CONTEXT(2) 
PARAMETRIC_REPRESENTATION_CONTEXT() REPRESENTATION_CONTEXT('2D SPACE',''
  ) );
#4990 = ADVANCED_FACE('',(#4991),#531,.F.);
#4991 = FACE_BOUND('',#4992,.F.);
#4992 = EDGE_LOOP('',(#4993,#4994,#5023,#5043,#5169,#5170,#5171,#5380,
    #5589,#5798,#6007,#6216,#6425,#6634,#6843,#6989,#7081,#7114,#7115,
    #7144,#7171,#7172,#7211,#7212,#7251,#7252,#7326,#7327,#7356,#7383,
    #7384,#7423,#7424,#7463,#7464,#7538,#7539,#7568,#7595,#7596,#7635,
    #7636,#7675,#7676));
#4993 = ORIENTED_EDGE('',*,*,#982,.T.);
#4994 = ORIENTED_EDGE('',*,*,#4995,.T.);
#4995 = EDGE_CURVE('',#943,#4996,#4998,.T.);
#4996 = VERTEX_POINT('',#4997);
#4997 = CARTESIAN_POINT('',(12.1,0.,3.074216954583E-05));
#4998 = SURFACE_CURVE('',#4999,(#5005,#5014),.PCURVE_S1.);
#4999 = B_SPLINE_CURVE_WITH_KNOTS('',4,(#5000,#5001,#5002,#5003,#5004),
  .UNSPECIFIED.,.F.,.F.,(5,5),(0.,1.),.PIECEWISE_BEZIER_KNOTS.);
#5000 = CARTESIAN_POINT('',(11.146438668953,4.708172672948,
    0.159019505893));
#5001 = CARTESIAN_POINT('',(11.616873429906,3.594434309212,
    0.119279073836));
#5002 = CARTESIAN_POINT('',(11.938929832093,2.418129941131,
    7.954393978688E-02));
#5003 = CARTESIAN_POINT('',(12.099999322245,1.208759152689,
    3.978270637271E-02));
#5004 = CARTESIAN_POINT('',(12.099999323506,1.143744969097E-12,
    3.133907412241E-05));
#5005 = PCURVE('',#531,#5006);
#5006 = DEFINITIONAL_REPRESENTATION('',(#5007),#5013);
#5007 = B_SPLINE_CURVE_WITH_KNOTS('',4,(#5008,#5009,#5010,#5011,#5012),
  .UNSPECIFIED.,.F.,.F.,(5,5),(0.,1.),.PIECEWISE_BEZIER_KNOTS.);
#5008 = CARTESIAN_POINT('',(0.,7.192412754881));
#5009 = CARTESIAN_POINT('',(2.450653001501E-05,7.084874538973));
#5010 = CARTESIAN_POINT('',(4.759773900884E-05,6.977353241714));
#5011 = CARTESIAN_POINT('',(5.4133744464E-05,6.869790759417));
#5012 = CARTESIAN_POINT('',(4.893087129701E-05,6.762276105));
#5013 = ( GEOMETRIC_REPRESENTATION_CONTEXT(2) 
PARAMETRIC_REPRESENTATION_CONTEXT() REPRESENTATION_CONTEXT('2D SPACE',''
  ) );
#5014 = PCURVE('',#966,#5015);
#5015 = DEFINITIONAL_REPRESENTATION('',(#5016),#5022);
#5016 = B_SPLINE_CURVE_WITH_KNOTS('',4,(#5017,#5018,#5019,#5020,#5021),
  .UNSPECIFIED.,.F.,.F.,(5,5),(8.498832366737E-03,1.),
  .PIECEWISE_BEZIER_KNOTS.);
#5017 = CARTESIAN_POINT('',(-6.679448565216,-0.157668519031));
#5018 = CARTESIAN_POINT('',(-6.580379395563,-0.118265961473));
#5019 = CARTESIAN_POINT('',(-6.481325119188,-7.886809238457E-02));
#5020 = CARTESIAN_POINT('',(-6.382233746128,-3.944486616571E-02));
#5021 = CARTESIAN_POINT('',(-6.28318530718,-3.133907414102E-05));
#5022 = ( GEOMETRIC_REPRESENTATION_CONTEXT(2) 
PARAMETRIC_REPRESENTATION_CONTEXT() REPRESENTATION_CONTEXT('2D SPACE',''
  ) );
#5023 = ORIENTED_EDGE('',*,*,#5024,.T.);
#5024 = EDGE_CURVE('',#4996,#5025,#5027,.T.);
#5025 = VERTEX_POINT('',#5026);
#5026 = CARTESIAN_POINT('',(12.09999996389,-9.348075364954E-04,0.));
#5027 = SURFACE_CURVE('',#5028,(#5031,#5037),.PCURVE_S1.);
#5028 = B_SPLINE_CURVE_WITH_KNOTS('',1,(#5029,#5030),.UNSPECIFIED.,.F.,
  .F.,(2,2),(0.,1.),.PIECEWISE_BEZIER_KNOTS.);
#5029 = CARTESIAN_POINT('',(12.099999323506,1.145226817025E-12,
    3.133907412249E-05));
#5030 = CARTESIAN_POINT('',(12.09999928453,-9.712029399817E-04,
    -6.000000186881E-07));
#5031 = PCURVE('',#531,#5032);
#5032 = DEFINITIONAL_REPRESENTATION('',(#5033),#5036);
#5033 = B_SPLINE_CURVE_WITH_KNOTS('',1,(#5034,#5035),.UNSPECIFIED.,.F.,
  .F.,(2,2),(0.,1.),.PIECEWISE_BEZIER_KNOTS.);
#5034 = CARTESIAN_POINT('',(4.896416880215E-05,6.762276102754));
#5035 = CARTESIAN_POINT('',(4.895998428604E-05,6.762189717846));
#5036 = ( GEOMETRIC_REPRESENTATION_CONTEXT(2) 
PARAMETRIC_REPRESENTATION_CONTEXT() REPRESENTATION_CONTEXT('2D SPACE',''
  ) );
#5037 = PCURVE('',#966,#5038);
#5038 = DEFINITIONAL_REPRESENTATION('',(#5039),#5042);
#5039 = B_SPLINE_CURVE_WITH_KNOTS('',1,(#5040,#5041),.UNSPECIFIED.,.F.,
  .F.,(2,2),(0.,0.962545601411),.PIECEWISE_BEZIER_KNOTS.);
#5040 = CARTESIAN_POINT('',(-6.28318530718,-3.133907414118E-05));
#5041 = CARTESIAN_POINT('',(-6.28310804874,-5.962588134377E-07));
#5042 = ( GEOMETRIC_REPRESENTATION_CONTEXT(2) 
PARAMETRIC_REPRESENTATION_CONTEXT() REPRESENTATION_CONTEXT('2D SPACE',''
  ) );
#5043 = ORIENTED_EDGE('',*,*,#5044,.F.);
#5044 = EDGE_CURVE('',#476,#5025,#5045,.T.);
#5045 = SURFACE_CURVE('',#5046,(#5085,#5127),.PCURVE_S1.);
#5046 = B_SPLINE_CURVE_WITH_KNOTS('',7,(#5047,#5048,#5049,#5050,#5051,
    #5052,#5053,#5054,#5055,#5056,#5057,#5058,#5059,#5060,#5061,#5062,
    #5063,#5064,#5065,#5066,#5067,#5068,#5069,#5070,#5071,#5072,#5073,
    #5074,#5075,#5076,#5077,#5078,#5079,#5080,#5081,#5082,#5083,#5084),
  .UNSPECIFIED.,.F.,.F.,(8,6,6,6,6,6,8),(0.,0.225237850037,
    0.284990299891,0.375719707172,0.467183220923,0.72350068522,1.),
  .UNSPECIFIED.);
#5047 = CARTESIAN_POINT('',(-7.062638873609,-8.537298174117,0.));
#5048 = CARTESIAN_POINT('',(-6.434967004732,-9.101080400285,0.));
#5049 = CARTESIAN_POINT('',(-5.757053654612,-9.609155759328,0.));
#5050 = CARTESIAN_POINT('',(-5.035204891811,-10.05623566917,0.));
#5051 = CARTESIAN_POINT('',(-4.276200021711,-10.43817300729,0.));
#5052 = CARTESIAN_POINT('',(-3.487163088223,-10.75174713648,0.));
#5053 = CARTESIAN_POINT('',(-2.67553257334,-10.99463341161,0.));
#5054 = CARTESIAN_POINT('',(-1.629896068579,-11.21090084797,0.));
#5055 = CARTESIAN_POINT('',(-1.409613189152,-11.25118205332,0.));
#5056 = CARTESIAN_POINT('',(-1.188422328457,-11.28637714315,0.));
#5057 = CARTESIAN_POINT('',(-0.966465274526,-11.3164672726,0.));
#5058 = CARTESIAN_POINT('',(-0.743883931237,-11.34143839211,0.));
#5059 = CARTESIAN_POINT('',(-0.520820318313,-11.36128124746,0.));
#5060 = CARTESIAN_POINT('',(4.180449153585E-02,-11.39832756156,0.));
#5061 = CARTESIAN_POINT('',(0.381810803527,-11.4088301029,0.));
#5062 = CARTESIAN_POINT('',(0.722104726941,-11.40747830174,0.));
#5063 = CARTESIAN_POINT('',(1.06219014291,-11.39429876818,0.));
#5064 = CARTESIAN_POINT('',(1.401576924098,-11.36932134498,0.));
#5065 = CARTESIAN_POINT('',(1.73977752444,-11.33261453155,0.));
#5066 = CARTESIAN_POINT('',(2.41556437201,-11.23552459056,0.));
#5067 = CARTESIAN_POINT('',(2.753125935175,-11.17495199524,0.));
#5068 = CARTESIAN_POINT('',(3.088499720787,-11.10263820208,0.));
#5069 = CARTESIAN_POINT('',(3.421200351577,-11.01869820239,0.));
#5070 = CARTESIAN_POINT('',(3.750751522388,-10.92327115308,0.));
#5071 = CARTESIAN_POINT('',(4.076686000182,-10.8165203767,0.));
#5072 = CARTESIAN_POINT('',(5.300525432855,-10.3682666437,0.));
#5073 = CARTESIAN_POINT('',(6.170688345183,-9.950372790609,0.));
#5074 = CARTESIAN_POINT('',(6.998640466678,-9.449123660927,0.));
#5075 = CARTESIAN_POINT('',(7.775196500493,-8.870116383138,0.));
#5076 = CARTESIAN_POINT('',(8.492140149708,-8.220002078205,0.));
#5077 = CARTESIAN_POINT('',(9.142209465893,-7.506423855438,0.));
#5078 = CARTESIAN_POINT('',(10.341844172049,-5.909621165005,0.));
#5079 = CARTESIAN_POINT('',(10.879773715834,-5.017052522034,0.));
#5080 = CARTESIAN_POINT('',(11.325309251618,-4.071585452587,0.));
#5081 = CARTESIAN_POINT('',(11.672966785123,-3.084928779346,0.));
#5082 = CARTESIAN_POINT('',(11.918987391088,-2.069188956112,0.));
#5083 = CARTESIAN_POINT('',(12.061309689002,-1.036866058374,0.));
#5084 = CARTESIAN_POINT('',(12.1,-9.33840689612E-04,0.));
#5085 = PCURVE('',#531,#5086);
#5086 = DEFINITIONAL_REPRESENTATION('',(#5087),#5126);
#5087 = B_SPLINE_CURVE_WITH_KNOTS('',7,(#5088,#5089,#5090,#5091,#5092,
    #5093,#5094,#5095,#5096,#5097,#5098,#5099,#5100,#5101,#5102,#5103,
    #5104,#5105,#5106,#5107,#5108,#5109,#5110,#5111,#5112,#5113,#5114,
    #5115,#5116,#5117,#5118,#5119,#5120,#5121,#5122,#5123,#5124,#5125),
  .UNSPECIFIED.,.F.,.F.,(8,6,6,6,6,6,8),(0.,0.225237850037,
    0.284990299891,0.375719707172,0.467183220923,0.72350068522,1.),
  .UNSPECIFIED.);
#5088 = CARTESIAN_POINT('',(1.360294085851,4.327858705786));
#5089 = CARTESIAN_POINT('',(1.314538164185,4.409744781754));
#5090 = CARTESIAN_POINT('',(1.268938763778,4.491350715109));
#5091 = CARTESIAN_POINT('',(1.223505486679,4.572659318437));
#5092 = CARTESIAN_POINT('',(1.178234012155,4.653678326999));
#5093 = CARTESIAN_POINT('',(1.133116555008,4.734421697462));
#5094 = CARTESIAN_POINT('',(1.088150550223,4.81489406114));
#5095 = CARTESIAN_POINT('',(1.03145942804,4.91635009671));
#5096 = CARTESIAN_POINT('',(1.019584095163,4.937602533173));
#5097 = CARTESIAN_POINT('',(1.007719517942,4.958835726582));
#5098 = CARTESIAN_POINT('',(0.995865643504,4.980049772096));
#5099 = CARTESIAN_POINT('',(0.984022413472,5.001244774586));
#5100 = CARTESIAN_POINT('',(0.972189763966,5.02242084863));
#5101 = CARTESIAN_POINT('',(0.942416635998,5.075703772972));
#5102 = CARTESIAN_POINT('',(0.924489547592,5.107786695316));
#5103 = CARTESIAN_POINT('',(0.906587728947,5.139824287998));
#5104 = CARTESIAN_POINT('',(0.888709936712,5.171818903905));
#5105 = CARTESIAN_POINT('',(0.870856243331,5.203770368859));
#5106 = CARTESIAN_POINT('',(0.853026484662,5.235678993587));
#5107 = CARTESIAN_POINT('',(0.8172705818,5.299668732249));
#5108 = CARTESIAN_POINT('',(0.799344747627,5.331749291126));
#5109 = CARTESIAN_POINT('',(0.781442925335,5.363786877841));
#5110 = CARTESIAN_POINT('',(0.763564990574,5.395781716885));
#5111 = CARTESIAN_POINT('',(0.745710835314,5.427734002634));
#5112 = CARTESIAN_POINT('',(0.72788036784,5.459643899344));
#5113 = CARTESIAN_POINT('',(0.660171560007,5.580817460073));
#5114 = CARTESIAN_POINT('',(0.610445333793,5.669808915627));
#5115 = CARTESIAN_POINT('',(0.560910396364,5.758458048895));
#5116 = CARTESIAN_POINT('',(0.511560885549,5.846775329861));
#5117 = CARTESIAN_POINT('',(0.46238500931,5.934781853188));
#5118 = CARTESIAN_POINT('',(0.413378898088,6.022484550965));
#5119 = CARTESIAN_POINT('',(0.311894750165,6.204103389682));
#5120 = CARTESIAN_POINT('',(0.259421329385,6.298011269342));
#5121 = CARTESIAN_POINT('',(0.207159765273,6.391540005647));
#5122 = CARTESIAN_POINT('',(0.15509827723,6.484710692166));
#5123 = CARTESIAN_POINT('',(0.103226101814,6.577542595399));
#5124 = CARTESIAN_POINT('',(5.153500753836E-02,6.67005044338));
#5125 = CARTESIAN_POINT('',(4.80099036618E-05,6.762193041085));
#5126 = ( GEOMETRIC_REPRESENTATION_CONTEXT(2) 
PARAMETRIC_REPRESENTATION_CONTEXT() REPRESENTATION_CONTEXT('2D SPACE',''
  ) );
#5127 = PCURVE('',#834,#5128);
#5128 = DEFINITIONAL_REPRESENTATION('',(#5129),#5168);
#5129 = B_SPLINE_CURVE_WITH_KNOTS('',7,(#5130,#5131,#5132,#5133,#5134,
    #5135,#5136,#5137,#5138,#5139,#5140,#5141,#5142,#5143,#5144,#5145,
    #5146,#5147,#5148,#5149,#5150,#5151,#5152,#5153,#5154,#5155,#5156,
    #5157,#5158,#5159,#5160,#5161,#5162,#5163,#5164,#5165,#5166,#5167),
  .UNSPECIFIED.,.F.,.F.,(8,6,6,6,6,6,8),(0.,0.225237850037,
    0.284990299891,0.375719707172,0.467183220923,0.72350068522,1.),
  .UNSPECIFIED.);
#5130 = CARTESIAN_POINT('',(-7.062638873609,-8.537298174117));
#5131 = CARTESIAN_POINT('',(-6.434967004732,-9.101080400285));
#5132 = CARTESIAN_POINT('',(-5.757053654612,-9.609155759328));
#5133 = CARTESIAN_POINT('',(-5.035204891811,-10.05623566917));
#5134 = CARTESIAN_POINT('',(-4.276200021711,-10.43817300729));
#5135 = CARTESIAN_POINT('',(-3.487163088223,-10.75174713648));
#5136 = CARTESIAN_POINT('',(-2.67553257334,-10.99463341161));
#5137 = CARTESIAN_POINT('',(-1.629896068579,-11.21090084797));
#5138 = CARTESIAN_POINT('',(-1.409613189152,-11.25118205332));
#5139 = CARTESIAN_POINT('',(-1.188422328457,-11.28637714315));
#5140 = CARTESIAN_POINT('',(-0.966465274526,-11.3164672726));
#5141 = CARTESIAN_POINT('',(-0.743883931237,-11.34143839211));
#5142 = CARTESIAN_POINT('',(-0.520820318313,-11.36128124746));
#5143 = CARTESIAN_POINT('',(4.180449153585E-02,-11.39832756156));
#5144 = CARTESIAN_POINT('',(0.381810803527,-11.4088301029));
#5145 = CARTESIAN_POINT('',(0.722104726941,-11.40747830174));
#5146 = CARTESIAN_POINT('',(1.06219014291,-11.39429876818));
#5147 = CARTESIAN_POINT('',(1.401576924098,-11.36932134498));
#5148 = CARTESIAN_POINT('',(1.73977752444,-11.33261453155));
#5149 = CARTESIAN_POINT('',(2.41556437201,-11.23552459056));
#5150 = CARTESIAN_POINT('',(2.753125935175,-11.17495199524));
#5151 = CARTESIAN_POINT('',(3.088499720787,-11.10263820208));
#5152 = CARTESIAN_POINT('',(3.421200351577,-11.01869820239));
#5153 = CARTESIAN_POINT('',(3.750751522388,-10.92327115308));
#5154 = CARTESIAN_POINT('',(4.076686000182,-10.8165203767));
#5155 = CARTESIAN_POINT('',(5.300525432855,-10.3682666437));
#5156 = CARTESIAN_POINT('',(6.170688345183,-9.950372790609));
#5157 = CARTESIAN_POINT('',(6.998640466678,-9.449123660927));
#5158 = CARTESIAN_POINT('',(7.775196500493,-8.870116383138));
#5159 = CARTESIAN_POINT('',(8.492140149708,-8.220002078205));
#5160 = CARTESIAN_POINT('',(9.142209465893,-7.506423855438));
#5161 = CARTESIAN_POINT('',(10.341844172049,-5.909621165005));
#5162 = CARTESIAN_POINT('',(10.879773715834,-5.017052522034));
#5163 = CARTESIAN_POINT('',(11.325309251618,-4.071585452587));
#5164 = CARTESIAN_POINT('',(11.672966785123,-3.084928779346));
#5165 = CARTESIAN_POINT('',(11.918987391088,-2.069188956112));
#5166 = CARTESIAN_POINT('',(12.061309689002,-1.036866058374));
#5167 = CARTESIAN_POINT('',(12.1,-9.338406896121E-04));
#5168 = ( GEOMETRIC_REPRESENTATION_CONTEXT(2) 
PARAMETRIC_REPRESENTATION_CONTEXT() REPRESENTATION_CONTEXT('2D SPACE',''
  ) );
#5169 = ORIENTED_EDGE('',*,*,#475,.T.);
#5170 = ORIENTED_EDGE('',*,*,#4780,.T.);
#5171 = ORIENTED_EDGE('',*,*,#5172,.T.);
#5172 = EDGE_CURVE('',#4781,#5173,#5175,.T.);
#5173 = VERTEX_POINT('',#5174);
#5174 = CARTESIAN_POINT('',(11.1,0.,5.882352728519));
#5175 = SURFACE_CURVE('',#5176,(#5242,#5311),.PCURVE_S1.);
#5176 = B_SPLINE_CURVE_WITH_KNOTS('',8,(#5177,#5178,#5179,#5180,#5181,
    #5182,#5183,#5184,#5185,#5186,#5187,#5188,#5189,#5190,#5191,#5192,
    #5193,#5194,#5195,#5196,#5197,#5198,#5199,#5200,#5201,#5202,#5203,
    #5204,#5205,#5206,#5207,#5208,#5209,#5210,#5211,#5212,#5213,#5214,
    #5215,#5216,#5217,#5218,#5219,#5220,#5221,#5222,#5223,#5224,#5225,
    #5226,#5227,#5228,#5229,#5230,#5231,#5232,#5233,#5234,#5235,#5236,
    #5237,#5238,#5239,#5240,#5241),.UNSPECIFIED.,.F.,.F.,(9,7,7,7,7,7,7,
    7,7,9),(0.,0.142592173101,0.220433796809,0.307448467935,
    0.425414662888,0.567527323515,0.686216621827,0.833229020374,
    0.913900705431,1.),.UNSPECIFIED.);
#5177 = CARTESIAN_POINT('',(11.1,-1.7763568394E-15,3.382383319483));
#5178 = CARTESIAN_POINT('',(11.1,1.242564134396,3.426920405162));
#5179 = CARTESIAN_POINT('',(10.941032789842,2.486682575495,
    3.471505164273));
#5180 = CARTESIAN_POINT('',(10.622406280375,3.706329165108,
    3.516058719466));
#5181 = CARTESIAN_POINT('',(10.149297730955,4.877811052984,
    3.560594674688));
#5182 = CARTESIAN_POINT('',(9.530109202715,5.978992797976,3.605140888722
    ));
#5183 = CARTESIAN_POINT('',(8.776947581765,6.989571357039,3.649711840302
    ));
#5184 = CARTESIAN_POINT('',(7.904955001404,7.89088758974,3.694309115143)
  );
#5185 = CARTESIAN_POINT('',(6.404838561904,9.091110900798,3.763176773163
    ));
#5186 = CARTESIAN_POINT('',(5.845508158404,9.477944093054,3.787492002133
    ));
#5187 = CARTESIAN_POINT('',(5.259622065192,9.825341202259,3.811805434853
    ));
#5188 = CARTESIAN_POINT('',(4.65040217831,10.131200040776,3.836118783237
    ));
#5189 = CARTESIAN_POINT('',(4.021252585353,10.39375153809,3.86043331117)
  );
#5190 = CARTESIAN_POINT('',(3.375759565466,10.611559740801,
    3.884749834507));
#5191 = CARTESIAN_POINT('',(2.717691589349,10.783521812632,
    3.909068721072));
#5192 = CARTESIAN_POINT('',(1.305742400636,11.048985361712,
    3.960577126383));
#5193 = CARTESIAN_POINT('',(0.549387304516,11.130932947175,
    3.987768937217));
#5194 = CARTESIAN_POINT('',(-0.212586764778,11.153682882443,
    4.014959835937));
#5195 = CARTESIAN_POINT('',(-0.97474623503,11.116806962588,
    4.042146690527));
#5196 = CARTESIAN_POINT('',(-1.731703166143,11.020476686125,
    4.069328724178));
#5197 = CARTESIAN_POINT('',(-2.478115250133,10.865463255012,
    4.096507515291));
#5198 = CARTESIAN_POINT('',(-3.208685811135,10.653137574648,
    4.123686997475));
#5199 = CARTESIAN_POINT('',(-4.880006426913,10.022592420324,
    4.187730272806));
#5200 = CARTESIAN_POINT('',(-5.804001175275,9.557696729033,4.22461324159
    ));
#5201 = CARTESIAN_POINT('',(-6.676655565887,8.99563751902,4.261482239487
    ));
#5202 = CARTESIAN_POINT('',(-7.486195303917,8.343311622803,
    4.298331029358));
#5203 = CARTESIAN_POINT('',(-8.222058712965,7.608967319343,
    4.335174000197));
#5204 = CARTESIAN_POINT('',(-8.874968333306,6.802226678584,
    4.372025089455));
#5205 = CARTESIAN_POINT('',(-9.436889779783,5.933982563302,
    4.408890990554));
#5206 = CARTESIAN_POINT('',(-10.46136608828,3.912016677306,
    4.490149790833));
#5207 = CARTESIAN_POINT('',(-10.88099359434,2.734351955981,
    4.534614465304));
#5208 = CARTESIAN_POINT('',(-11.1481275765,1.506618358102,4.579057718199
    ));
#5209 = CARTESIAN_POINT('',(-11.25674112561,0.252088347387,4.62347997647
    ));
#5210 = CARTESIAN_POINT('',(-11.20434382739,-1.005927080998,
    4.667886579833));
#5211 = CARTESIAN_POINT('',(-10.99251484375,-2.2440972392,4.712295234153
    ));
#5212 = CARTESIAN_POINT('',(-10.62622258872,-3.439179129976,
    4.756725108176));
#5213 = CARTESIAN_POINT('',(-9.690622135365,-5.511100697919,
    4.838185293805));
#5214 = CARTESIAN_POINT('',(-9.164162623864,-6.409168099157,
    4.875276371739));
#5215 = CARTESIAN_POINT('',(-8.54284883226,-7.249048665321,
    4.912362185441));
#5216 = CARTESIAN_POINT('',(-7.834396150414,-8.019208843717,
    4.949444384039));
#5217 = CARTESIAN_POINT('',(-7.04793595578,-8.709502282677,4.98653491918
    ));
#5218 = CARTESIAN_POINT('',(-6.193827690012,-9.311051816598,
    5.023642530216));
#5219 = CARTESIAN_POINT('',(-5.283762946927,-9.816428705662,
    5.060761395477));
#5220 = CARTESIAN_POINT('',(-3.151238739639,-10.72016551562,
    5.143815894389));
#5221 = CARTESIAN_POINT('',(-1.904059079015,-11.06506010314,
    5.18981849059));
#5222 = CARTESIAN_POINT('',(-0.615505147061,-11.24315429076,
    5.235779638967));
#5223 = CARTESIAN_POINT('',(0.68840423785,-11.2497938583,5.281707217435)
  );
#5224 = CARTESIAN_POINT('',(1.981778905137,-11.08422044317,
    5.327622165372));
#5225 = CARTESIAN_POINT('',(3.239019703559,-10.75034525361,
    5.373558129879));
#5226 = CARTESIAN_POINT('',(4.434867295084,-10.25593370594,
    5.419535731356));
#5227 = CARTESIAN_POINT('',(6.15418340002,-9.264476628475,5.490673982723
    ));
#5228 = CARTESIAN_POINT('',(6.737976581456,-8.86905346348,5.515881795734
    ));
#5229 = CARTESIAN_POINT('',(7.292579283389,-8.431690452937,
    5.541091862168));
#5230 = CARTESIAN_POINT('',(7.814484853054,-7.954908874158,
    5.566303432963));
#5231 = CARTESIAN_POINT('',(8.300485678149,-7.44155520135,5.591515282857
    ));
#5232 = CARTESIAN_POINT('',(8.747673186836,-6.89480110562,5.616725710387
    ));
#5233 = CARTESIAN_POINT('',(9.153437847739,-6.318143454968,5.64193253789
    ));
#5234 = CARTESIAN_POINT('',(9.90185804272,-5.072112745696,5.694029185498
    ));
#5235 = CARTESIAN_POINT('',(10.238609319729,-4.398828362467,
    5.720921184379));
#5236 = CARTESIAN_POINT('',(10.522946139124,-3.700194014055,
    5.747816633292));
#5237 = CARTESIAN_POINT('',(10.75264559324,-2.981005799551,
    5.774719396239));
#5238 = CARTESIAN_POINT('',(10.926038728594,-2.246213067694,
    5.801629676084));
#5239 = CARTESIAN_POINT('',(11.042010545887,-1.50091841686,
    5.828544014549));
#5240 = CARTESIAN_POINT('',(11.1,-0.750377695074,5.855455292214));
#5241 = CARTESIAN_POINT('',(11.1,-3.552713678801E-15,5.882352728519));
#5242 = PCURVE('',#531,#5243);
#5243 = DEFINITIONAL_REPRESENTATION('',(#5244),#5310);
#5244 = B_SPLINE_CURVE_WITH_KNOTS('',8,(#5245,#5246,#5247,#5248,#5249,
    #5250,#5251,#5252,#5253,#5254,#5255,#5256,#5257,#5258,#5259,#5260,
    #5261,#5262,#5263,#5264,#5265,#5266,#5267,#5268,#5269,#5270,#5271,
    #5272,#5273,#5274,#5275,#5276,#5277,#5278,#5279,#5280,#5281,#5282,
    #5283,#5284,#5285,#5286,#5287,#5288,#5289,#5290,#5291,#5292,#5293,
    #5294,#5295,#5296,#5297,#5298,#5299,#5300,#5301,#5302,#5303,#5304,
    #5305,#5306,#5307,#5308,#5309),.UNSPECIFIED.,.F.,.F.,(9,7,7,7,7,7,7,
    7,7,9),(0.,0.142592173101,0.220433796809,0.307448467935,
    0.425414662888,0.567527323515,0.686216621827,0.833229020374,
    0.913900705431,1.),.UNSPECIFIED.);
#5245 = CARTESIAN_POINT('',(1.333665926182,13.524560973815));
#5246 = CARTESIAN_POINT('',(1.333660605982,13.645039340685));
#5247 = CARTESIAN_POINT('',(1.333643754745,13.765667299769));
#5248 = CARTESIAN_POINT('',(1.333619704231,13.886223756116));
#5249 = CARTESIAN_POINT('',(1.333598336691,14.006727836799));
#5250 = CARTESIAN_POINT('',(1.333596201899,14.12722528599));
#5251 = CARTESIAN_POINT('',(1.333608339076,14.247764132056));
#5252 = CARTESIAN_POINT('',(1.333617091942,14.368380211658));
#5253 = CARTESIAN_POINT('',(1.333617637299,14.554660163245));
#5254 = CARTESIAN_POINT('',(1.333614458316,14.620436385927));
#5255 = CARTESIAN_POINT('',(1.333608223378,14.686213191503));
#5256 = CARTESIAN_POINT('',(1.333599942499,14.75199339791));
#5257 = CARTESIAN_POINT('',(1.333591320093,14.817777379217));
#5258 = CARTESIAN_POINT('',(1.333584754977,14.88356306563));
#5259 = CARTESIAN_POINT('',(1.333583340371,14.949345943486));
#5260 = CARTESIAN_POINT('',(1.333599274009,15.088643031469));
#5261 = CARTESIAN_POINT('',(1.333610439695,15.16217473141));
#5262 = CARTESIAN_POINT('',(1.333617014476,15.235712245932));
#5263 = CARTESIAN_POINT('',(1.333615473872,15.309253267471));
#5264 = CARTESIAN_POINT('',(1.333606115398,15.382795090049));
#5265 = CARTESIAN_POINT('',(1.33359305856,15.456334609271));
#5266 = CARTESIAN_POINT('',(1.333584244862,15.52986832233));
#5267 = CARTESIAN_POINT('',(1.333601189302,15.703069164966));
#5268 = CARTESIAN_POINT('',(1.333616962687,15.802805992879));
#5269 = CARTESIAN_POINT('',(1.333627104628,15.902515185811));
#5270 = CARTESIAN_POINT('',(1.333621343924,16.002198237086));
#5271 = CARTESIAN_POINT('',(1.333610968269,16.101873836346));
#5272 = CARTESIAN_POINT('',(1.333603962092,16.201565369855));
#5273 = CARTESIAN_POINT('',(1.333603923694,16.301284488622));
#5274 = CARTESIAN_POINT('',(1.333617326323,16.521058442629));
#5275 = CARTESIAN_POINT('',(1.333633553264,16.64130243098));
#5276 = CARTESIAN_POINT('',(1.333657333121,16.761474925952));
#5277 = CARTESIAN_POINT('',(1.333678673443,16.881594973132));
#5278 = CARTESIAN_POINT('',(1.333681224963,17.001706296588));
#5279 = CARTESIAN_POINT('',(1.333665664346,17.121855593758));
#5280 = CARTESIAN_POINT('',(1.333640583097,17.242079345439));
#5281 = CARTESIAN_POINT('',(1.333594069544,17.462505190683));
#5282 = CARTESIAN_POINT('',(1.333572701174,17.562871532088));
#5283 = CARTESIAN_POINT('',(1.333556407037,17.663214564764));
#5284 = CARTESIAN_POINT('',(1.333551125769,17.763528116466));
#5285 = CARTESIAN_POINT('',(1.333559061983,17.863840562709));
#5286 = CARTESIAN_POINT('',(1.333577313026,17.964180730338));
#5287 = CARTESIAN_POINT('',(1.33359952057,18.064544246769));
#5288 = CARTESIAN_POINT('',(1.333646591091,18.289115081936));
#5289 = CARTESIAN_POINT('',(1.333670823563,18.413504650274));
#5290 = CARTESIAN_POINT('',(1.333683149844,18.537803394475));
#5291 = CARTESIAN_POINT('',(1.333675019663,18.662047934415));
#5292 = CARTESIAN_POINT('',(1.333648444444,18.786291328419));
#5293 = CARTESIAN_POINT('',(1.333624245677,18.910587350182));
#5294 = CARTESIAN_POINT('',(1.333610999617,19.034976431763));
#5295 = CARTESIAN_POINT('',(1.33360525327,19.227409470533));
#5296 = CARTESIAN_POINT('',(1.333606879944,19.295591498523));
#5297 = CARTESIAN_POINT('',(1.333610482674,19.36377608721));
#5298 = CARTESIAN_POINT('',(1.333614559305,19.431963893213));
#5299 = CARTESIAN_POINT('',(1.333617792161,19.500153954831));
#5300 = CARTESIAN_POINT('',(1.333619048042,19.56834369205));
#5301 = CARTESIAN_POINT('',(1.333617378225,19.636528906533));
#5302 = CARTESIAN_POINT('',(1.333606298095,19.777465477989));
#5303 = CARTESIAN_POINT('',(1.333590287152,19.850234554917));
#5304 = CARTESIAN_POINT('',(1.333577442566,19.923007255175));
#5305 = CARTESIAN_POINT('',(1.333575358764,19.995780442636));
#5306 = CARTESIAN_POINT('',(1.333585767675,20.068551602277));
#5307 = CARTESIAN_POINT('',(1.333604538727,20.14131884018));
#5308 = CARTESIAN_POINT('',(1.333621678845,20.214080883536));
#5309 = CARTESIAN_POINT('',(1.333621332456,20.286837080641));
#5310 = ( GEOMETRIC_REPRESENTATION_CONTEXT(2) 
PARAMETRIC_REPRESENTATION_CONTEXT() REPRESENTATION_CONTEXT('2D SPACE',''
  ) );
#5311 = PCURVE('',#4587,#5312);
#5312 = DEFINITIONAL_REPRESENTATION('',(#5313),#5379);
#5313 = B_SPLINE_CURVE_WITH_KNOTS('',8,(#5314,#5315,#5316,#5317,#5318,
    #5319,#5320,#5321,#5322,#5323,#5324,#5325,#5326,#5327,#5328,#5329,
    #5330,#5331,#5332,#5333,#5334,#5335,#5336,#5337,#5338,#5339,#5340,
    #5341,#5342,#5343,#5344,#5345,#5346,#5347,#5348,#5349,#5350,#5351,
    #5352,#5353,#5354,#5355,#5356,#5357,#5358,#5359,#5360,#5361,#5362,
    #5363,#5364,#5365,#5366,#5367,#5368,#5369,#5370,#5371,#5372,#5373,
    #5374,#5375,#5376,#5377,#5378),.UNSPECIFIED.,.F.,.F.,(9,7,7,7,7,7,7,
    7,7,9),(0.,0.142592173101,0.220433796809,0.307448467935,
    0.425414662888,0.567527323515,0.686216621827,0.833229020374,
    0.913900705431,1.),.UNSPECIFIED.);
#5314 = CARTESIAN_POINT('',(0.,-3.382383319483));
#5315 = CARTESIAN_POINT('',(-0.11194271481,-3.426920405162));
#5316 = CARTESIAN_POINT('',(-0.224025206566,-3.471505164273));
#5317 = CARTESIAN_POINT('',(-0.336042338348,-3.516058719466));
#5318 = CARTESIAN_POINT('',(-0.448011724687,-3.560594674689));
#5319 = CARTESIAN_POINT('',(-0.559974881882,-3.605140888722));
#5320 = CARTESIAN_POINT('',(-0.671974322547,-3.649711840302));
#5321 = CARTESIAN_POINT('',(-0.784043276079,-3.694309115143));
#5322 = CARTESIAN_POINT('',(-0.957121447178,-3.763176773163));
#5323 = CARTESIAN_POINT('',(-1.018235608955,-3.787492002133));
#5324 = CARTESIAN_POINT('',(-1.079350342845,-3.811805434853));
#5325 = CARTESIAN_POINT('',(-1.140468638879,-3.836118783237));
#5326 = CARTESIAN_POINT('',(-1.201591100179,-3.86043331117));
#5327 = CARTESIAN_POINT('',(-1.262715942948,-3.884749834507));
#5328 = CARTESIAN_POINT('',(-1.323838996481,-3.909068721072));
#5329 = CARTESIAN_POINT('',(-1.453270316418,-3.960577126383));
#5330 = CARTESIAN_POINT('',(-1.52159367254,-3.987768937217));
#5331 = CARTESIAN_POINT('',(-1.589922490215,-4.014959835937));
#5332 = CARTESIAN_POINT('',(-1.658254847382,-4.042146690527));
#5333 = CARTESIAN_POINT('',(-1.726588181228,-4.069328724178));
#5334 = CARTESIAN_POINT('',(-1.794919288182,-4.096507515291));
#5335 = CARTESIAN_POINT('',(-1.863244323924,-4.123686997475));
#5336 = CARTESIAN_POINT('',(-2.024173061374,-4.187730272806));
#5337 = CARTESIAN_POINT('',(-2.1168412854,-4.22461324159));
#5338 = CARTESIAN_POINT('',(-2.209482671658,-4.261482239487));
#5339 = CARTESIAN_POINT('',(-2.302100419694,-4.298331029358));
#5340 = CARTESIAN_POINT('',(-2.394712879847,-4.335174000197));
#5341 = CARTESIAN_POINT('',(-2.487341588499,-4.372025089455));
#5342 = CARTESIAN_POINT('',(-2.579996864452,-4.408890990554));
#5343 = CARTESIAN_POINT('',(-2.784203452844,-4.490149790833));
#5344 = CARTESIAN_POINT('',(-2.895930693776,-4.534614465304));
#5345 = CARTESIAN_POINT('',(-3.007591128728,-4.579057718199));
#5346 = CARTESIAN_POINT('',(-3.119201418663,-4.62347997647));
#5347 = CARTESIAN_POINT('',(-3.230802317814,-4.667886579833));
#5348 = CARTESIAN_POINT('',(-3.342438149702,-4.712295234153));
#5349 = CARTESIAN_POINT('',(-3.45414333337,-4.756725108176));
#5350 = CARTESIAN_POINT('',(-3.658951362918,-4.838185293805));
#5351 = CARTESIAN_POINT('',(-3.752206699307,-4.875276371739));
#5352 = CARTESIAN_POINT('',(-3.845440769715,-4.912362185441));
#5353 = CARTESIAN_POINT('',(-3.938647695806,-4.949444384039));
#5354 = CARTESIAN_POINT('',(-4.031853566698,-4.98653491918));
#5355 = CARTESIAN_POINT('',(-4.125084906475,-5.023642530216));
#5356 = CARTESIAN_POINT('',(-4.218337545535,-5.060761395477));
#5357 = CARTESIAN_POINT('',(-4.426996768928,-5.143815894389));
#5358 = CARTESIAN_POINT('',(-4.542572556337,-5.18981849059));
#5359 = CARTESIAN_POINT('',(-4.658063867286,-5.235779638968));
#5360 = CARTESIAN_POINT('',(-4.773505346223,-5.281707217434));
#5361 = CARTESIAN_POINT('',(-4.888947341699,-5.327622165372));
#5362 = CARTESIAN_POINT('',(-5.004439652485,-5.373558129878));
#5363 = CARTESIAN_POINT('',(-5.12001845092,-5.419535731356));
#5364 = CARTESIAN_POINT('',(-5.298820273493,-5.490673982723));
#5365 = CARTESIAN_POINT('',(-5.362172290495,-5.515881795734));
#5366 = CARTESIAN_POINT('',(-5.425526187743,-5.541091862168));
#5367 = CARTESIAN_POINT('',(-5.488882457982,-5.566303432963));
#5368 = CARTESIAN_POINT('',(-5.552240213554,-5.591515282857));
#5369 = CARTESIAN_POINT('',(-5.615597186408,-5.616725710387));
#5370 = CARTESIAN_POINT('',(-5.67894972809,-5.64193253789));
#5371 = CARTESIAN_POINT('',(-5.809897628506,-5.694029185498));
#5372 = CARTESIAN_POINT('',(-5.877509090947,-5.720921184379));
#5373 = CARTESIAN_POINT('',(-5.945124867431,-5.747816633292));
#5374 = CARTESIAN_POINT('',(-6.012742605232,-5.774719396239));
#5375 = CARTESIAN_POINT('',(-6.08035992854,-5.801629676084));
#5376 = CARTESIAN_POINT('',(-6.147974438463,-5.828544014549));
#5377 = CARTESIAN_POINT('',(-6.215583713029,-5.855455292214));
#5378 = CARTESIAN_POINT('',(-6.28318530718,-5.882352728519));
#5379 = ( GEOMETRIC_REPRESENTATION_CONTEXT(2) 
PARAMETRIC_REPRESENTATION_CONTEXT() REPRESENTATION_CONTEXT('2D SPACE',''
  ) );
#5380 = ORIENTED_EDGE('',*,*,#5381,.T.);
#5381 = EDGE_CURVE('',#5173,#5382,#5384,.T.);
#5382 = VERTEX_POINT('',#5383);
#5383 = CARTESIAN_POINT('',(11.1,0.,8.382381087528));
#5384 = SURFACE_CURVE('',#5385,(#5451,#5520),.PCURVE_S1.);
#5385 = B_SPLINE_CURVE_WITH_KNOTS('',8,(#5386,#5387,#5388,#5389,#5390,
    #5391,#5392,#5393,#5394,#5395,#5396,#5397,#5398,#5399,#5400,#5401,
    #5402,#5403,#5404,#5405,#5406,#5407,#5408,#5409,#5410,#5411,#5412,
    #5413,#5414,#5415,#5416,#5417,#5418,#5419,#5420,#5421,#5422,#5423,
    #5424,#5425,#5426,#5427,#5428,#5429,#5430,#5431,#5432,#5433,#5434,
    #5435,#5436,#5437,#5438,#5439,#5440,#5441,#5442,#5443,#5444,#5445,
    #5446,#5447,#5448,#5449,#5450),.UNSPECIFIED.,.F.,.F.,(9,7,7,7,7,7,7,
    7,7,9),(0.,0.112582039128,0.220024255261,0.374476574368,
    0.453578384311,0.543036830388,0.695951639922,0.775637364535,
    0.852628011679,1.),.UNSPECIFIED.);
#5386 = CARTESIAN_POINT('',(11.1,-3.552713678801E-15,5.882352728519));
#5387 = CARTESIAN_POINT('',(11.1,0.980901754429,5.917513345146));
#5388 = CARTESIAN_POINT('',(11.000935037129,1.962301090935,
    5.952658141484));
#5389 = CARTESIAN_POINT('',(10.802629493475,2.931869166818,
    5.987827380656));
#5390 = CARTESIAN_POINT('',(10.506927227352,3.87791388493,6.023008632293
    ));
#5391 = CARTESIAN_POINT('',(10.117112426381,4.78925292533,6.058191384871
    ));
#5392 = CARTESIAN_POINT('',(9.637939126263,5.655243051265,6.093375799064
    ));
#5393 = CARTESIAN_POINT('',(9.075576498195,6.46578962687,6.128562543442)
  );
#5394 = CARTESIAN_POINT('',(7.829868536803,7.923370680396,6.197291408095
    ));
#5395 = CARTESIAN_POINT('',(7.152634375023,8.576864550181,6.230867487548
    ));
#5396 = CARTESIAN_POINT('',(6.413318813209,9.163820735032,6.264439009639
    ));
#5397 = CARTESIAN_POINT('',(5.619713228181,9.677461864008,6.298008911866
    ));
#5398 = CARTESIAN_POINT('',(4.780257200747,10.112139499596,6.33158395956
    ));
#5399 = CARTESIAN_POINT('',(3.904029682731,10.463341869128,
    6.365167569507));
#5400 = CARTESIAN_POINT('',(3.00070513628,10.727668258866,6.398758786902
    ));
#5401 = CARTESIAN_POINT('',(0.758333651907,11.155602494732,
    6.480608037844));
#5402 = CARTESIAN_POINT('',(-0.600925745166,11.225015431285,
    6.528943663812));
#5403 = CARTESIAN_POINT('',(-1.964448719509,11.104342230212,
    6.577226585086));
#5404 = CARTESIAN_POINT('',(-3.30162715984,10.795192526699,
    6.625470832951));
#5405 = CARTESIAN_POINT('',(-4.583036644124,10.303493865831,
    6.673705794018));
#5406 = CARTESIAN_POINT('',(-5.780926149867,9.640740651497,
    6.721970439091));
#5407 = CARTESIAN_POINT('',(-6.868896968204,8.822730186068,
    6.770290657434));
#5408 = CARTESIAN_POINT('',(-8.312918333031,7.387878108651,
    6.843260533708));
#5409 = CARTESIAN_POINT('',(-8.767504817803,6.867187516285,
    6.867976284696));
#5410 = CARTESIAN_POINT('',(-9.18469312553,6.31466757191,6.892695194015)
  );
#5411 = CARTESIAN_POINT('',(-9.561905744474,5.73344012263,6.917417648787
    ));
#5412 = CARTESIAN_POINT('',(-9.896900661716,5.126853752664,
    6.942143047854));
#5413 = CARTESIAN_POINT('',(-10.18777136315,4.498483783334,
    6.966869801779));
#5414 = CARTESIAN_POINT('',(-10.43294683351,3.852132273077,
    6.991595332845));
#5415 = CARTESIAN_POINT('',(-10.85539205006,2.445071493276,
    7.044273452845));
#5416 = CARTESIAN_POINT('',(-11.01965998176,1.680135328592,
    7.072231832883));
#5417 = CARTESIAN_POINT('',(-11.12228434734,0.902887036718,
    7.100187641439));
#5418 = CARTESIAN_POINT('',(-11.16221257502,0.119175666364,
    7.128138850305));
#5419 = CARTESIAN_POINT('',(-11.13905052533,-0.665168198382,
    7.156084976802));
#5420 = CARTESIAN_POINT('',(-11.05306249112,-1.444332438053,
    7.184027083779));
#5421 = CARTESIAN_POINT('',(-10.90517119753,-2.212523397806,
    7.211967779612));
#5422 = CARTESIAN_POINT('',(-10.3410505276,-4.248435830884,7.2876760272)
  );
#5423 = CARTESIAN_POINT('',(-9.808355955661,-5.485924982646,
    7.335510915877));
#5424 = CARTESIAN_POINT('',(-9.106636752559,-6.644984395205,
    7.383313847122));
#5425 = CARTESIAN_POINT('',(-8.250405707297,-7.699521101133,
    7.431104692857));
#5426 = CARTESIAN_POINT('',(-7.257479785565,-8.626408844761,
    7.478904532774));
#5427 = CARTESIAN_POINT('',(-6.149715278772,-9.406356881706,
    7.52670057973));
#5428 = CARTESIAN_POINT('',(-4.952062395095,-10.02315576838,
    7.574528288436));
#5429 = CARTESIAN_POINT('',(-3.04024340984,-10.69810086158,
    7.647193880301));
#5430 = CARTESIAN_POINT('',(-2.368744918657,-10.88248963357,
    7.672094735444));
#5431 = CARTESIAN_POINT('',(-1.684676644223,-11.01865024796,
    7.696997784697));
#5432 = CARTESIAN_POINT('',(-0.992058822792,-11.10560278026,
    7.721899771501));
#5433 = CARTESIAN_POINT('',(-0.294965950342,-11.14277746109,
    7.74679861744));
#5434 = CARTESIAN_POINT('',(0.402473217425,-11.13001467614,
    7.771693422239));
#5435 = CARTESIAN_POINT('',(1.096075665086,-11.06756496617,
    7.796584463765));
#5436 = CARTESIAN_POINT('',(2.443947083454,-10.84838335283,
    7.845520162099));
#5437 = CARTESIAN_POINT('',(3.098768936071,-10.69493605943,
    7.869568580076));
#5438 = CARTESIAN_POINT('',(3.74238112943,-10.49636133148,7.893619548059
    ));
#5439 = CARTESIAN_POINT('',(4.371210216017,-10.25360871032,
    7.917673375968));
#5440 = CARTESIAN_POINT('',(4.981797846712,-9.967963093938,
    7.941729587537));
#5441 = CARTESIAN_POINT('',(5.570800770788,-9.64104473701,7.965786920314
    ));
#5442 = CARTESIAN_POINT('',(6.134990835915,-9.27480925089,7.989843325661
    ));
#5443 = CARTESIAN_POINT('',(7.697747390974,-8.099642534885,
    8.059936442089));
#5444 = CARTESIAN_POINT('',(8.623311122137,-7.191136747291,
    8.106021195803));
#5445 = CARTESIAN_POINT('',(9.42471871439,-6.162678316834,8.152067741166
    ));
#5446 = CARTESIAN_POINT('',(10.084790242481,-5.034563120049,
    8.198104679501));
#5447 = CARTESIAN_POINT('',(10.589780091151,-3.828981058199,
    8.244157668692));
#5448 = CARTESIAN_POINT('',(10.930166399349,-2.570225644289,
    8.290234533458));
#5449 = CARTESIAN_POINT('',(11.1,-1.284330222639,8.336339704281));
#5450 = CARTESIAN_POINT('',(11.1,3.552713678801E-15,8.382381087528));
#5451 = PCURVE('',#531,#5452);
#5452 = DEFINITIONAL_REPRESENTATION('',(#5453),#5519);
#5453 = B_SPLINE_CURVE_WITH_KNOTS('',8,(#5454,#5455,#5456,#5457,#5458,
    #5459,#5460,#5461,#5462,#5463,#5464,#5465,#5466,#5467,#5468,#5469,
    #5470,#5471,#5472,#5473,#5474,#5475,#5476,#5477,#5478,#5479,#5480,
    #5481,#5482,#5483,#5484,#5485,#5486,#5487,#5488,#5489,#5490,#5491,
    #5492,#5493,#5494,#5495,#5496,#5497,#5498,#5499,#5500,#5501,#5502,
    #5503,#5504,#5505,#5506,#5507,#5508,#5509,#5510,#5511,#5512,#5513,
    #5514,#5515,#5516,#5517,#5518),.UNSPECIFIED.,.F.,.F.,(9,7,7,7,7,7,7,
    7,7,9),(0.,0.112582039128,0.220024255261,0.374476574368,
    0.453578384311,0.543036830388,0.695951639922,0.775637364535,
    0.852628011679,1.),.UNSPECIFIED.);
#5454 = CARTESIAN_POINT('',(1.333621332456,20.286837080641));
#5455 = CARTESIAN_POINT('',(1.333620879651,20.381944760218));
#5456 = CARTESIAN_POINT('',(1.333571973156,20.477095819377));
#5457 = CARTESIAN_POINT('',(1.333567665228,20.572233020962));
#5458 = CARTESIAN_POINT('',(1.333586856833,20.667360664086));
#5459 = CARTESIAN_POINT('',(1.333605659342,20.762493119171));
#5460 = CARTESIAN_POINT('',(1.333616397788,20.857644562708));
#5461 = CARTESIAN_POINT('',(1.333619050554,20.952816828012));
#5462 = CARTESIAN_POINT('',(1.333615527895,21.138728657111));
#5463 = CARTESIAN_POINT('',(1.3336097383,21.229559384189));
#5464 = CARTESIAN_POINT('',(1.33360289945,21.320379675348));
#5465 = CARTESIAN_POINT('',(1.333600818375,21.411187065381));
#5466 = CARTESIAN_POINT('',(1.333606941304,21.501993676188));
#5467 = CARTESIAN_POINT('',(1.333618981486,21.592812839481));
#5468 = CARTESIAN_POINT('',(1.333633093048,21.683648857495));
#5469 = CARTESIAN_POINT('',(1.333663542823,21.904989321978));
#5470 = CARTESIAN_POINT('',(1.333678167143,22.035706704339));
#5471 = CARTESIAN_POINT('',(1.333678767228,22.166306613455));
#5472 = CARTESIAN_POINT('',(1.333654767724,22.296845952654));
#5473 = CARTESIAN_POINT('',(1.333614113138,22.427390008363));
#5474 = CARTESIAN_POINT('',(1.333580227435,22.558002269435));
#5475 = CARTESIAN_POINT('',(1.333562937489,22.688735164553));
#5476 = CARTESIAN_POINT('',(1.33356235556,22.88611332164));
#5477 = CARTESIAN_POINT('',(1.333566880026,22.952959163609));
#5478 = CARTESIAN_POINT('',(1.333575605499,23.019806028377));
#5479 = CARTESIAN_POINT('',(1.333587719006,23.086656416267));
#5480 = CARTESIAN_POINT('',(1.333602115152,23.15351067827));
#5481 = CARTESIAN_POINT('',(1.333617396122,23.220367016046));
#5482 = CARTESIAN_POINT('',(1.333631871676,23.287221481926));
#5483 = CARTESIAN_POINT('',(1.333656776853,23.42966654928));
#5484 = CARTESIAN_POINT('',(1.333666718669,23.505273686255));
#5485 = CARTESIAN_POINT('',(1.333671775879,23.580882604682));
#5486 = CARTESIAN_POINT('',(1.333671278988,23.656489019232));
#5487 = CARTESIAN_POINT('',(1.333665497736,23.732091144395));
#5488 = CARTESIAN_POINT('',(1.33365564109,23.807689694483));
#5489 = CARTESIAN_POINT('',(1.33364385725,23.883287883629));
#5490 = CARTESIAN_POINT('',(1.333615074301,24.088123507897));
#5491 = CARTESIAN_POINT('',(1.333598856015,24.21754170371));
#5492 = CARTESIAN_POINT('',(1.333595417309,24.346850623106));
#5493 = CARTESIAN_POINT('',(1.333608862591,24.476096665179));
#5494 = CARTESIAN_POINT('',(1.333636324403,24.605341944198));
#5495 = CARTESIAN_POINT('',(1.333624310095,24.734647529475));
#5496 = CARTESIAN_POINT('',(1.333600261898,24.864060128831));
#5497 = CARTESIAN_POINT('',(1.333584294761,25.060642437997));
#5498 = CARTESIAN_POINT('',(1.333592408775,25.127982381124));
#5499 = CARTESIAN_POINT('',(1.333604576042,25.195321083253));
#5500 = CARTESIAN_POINT('',(1.333614137335,25.262661720111));
#5501 = CARTESIAN_POINT('',(1.333617305088,25.330005448165));
#5502 = CARTESIAN_POINT('',(1.333613163392,25.397351404631));
#5503 = CARTESIAN_POINT('',(1.333603667995,25.464696707468));
#5504 = CARTESIAN_POINT('',(1.333583963556,25.597098683217));
#5505 = CARTESIAN_POINT('',(1.333582745719,25.662149624355));
#5506 = CARTESIAN_POINT('',(1.333587234793,25.727197222981));
#5507 = CARTESIAN_POINT('',(1.333594939515,25.792246807459));
#5508 = CARTESIAN_POINT('',(1.333603635361,25.857301090333));
#5509 = CARTESIAN_POINT('',(1.333611364538,25.922360168326));
#5510 = CARTESIAN_POINT('',(1.333616435993,25.987421522341));
#5511 = CARTESIAN_POINT('',(1.3336193193,26.177012024113));
#5512 = CARTESIAN_POINT('',(1.333611182462,26.301681824668));
#5513 = CARTESIAN_POINT('',(1.333596304319,26.426260375881));
#5514 = CARTESIAN_POINT('',(1.333595412308,26.55078788574));
#5515 = CARTESIAN_POINT('',(1.333617275865,26.675318045675));
#5516 = CARTESIAN_POINT('',(1.333642515983,26.799906708606));
#5517 = CARTESIAN_POINT('',(1.333660340698,26.92458518902));
#5518 = CARTESIAN_POINT('',(1.333665844806,27.049113175201));
#5519 = ( GEOMETRIC_REPRESENTATION_CONTEXT(2) 
PARAMETRIC_REPRESENTATION_CONTEXT() REPRESENTATION_CONTEXT('2D SPACE',''
  ) );
#5520 = PCURVE('',#4417,#5521);
#5521 = DEFINITIONAL_REPRESENTATION('',(#5522),#5588);
#5522 = B_SPLINE_CURVE_WITH_KNOTS('',8,(#5523,#5524,#5525,#5526,#5527,
    #5528,#5529,#5530,#5531,#5532,#5533,#5534,#5535,#5536,#5537,#5538,
    #5539,#5540,#5541,#5542,#5543,#5544,#5545,#5546,#5547,#5548,#5549,
    #5550,#5551,#5552,#5553,#5554,#5555,#5556,#5557,#5558,#5559,#5560,
    #5561,#5562,#5563,#5564,#5565,#5566,#5567,#5568,#5569,#5570,#5571,
    #5572,#5573,#5574,#5575,#5576,#5577,#5578,#5579,#5580,#5581,#5582,
    #5583,#5584,#5585,#5586,#5587),.UNSPECIFIED.,.F.,.F.,(9,7,7,7,7,7,7,
    7,7,9),(0.,0.112582039128,0.220024255261,0.374476574368,
    0.453578384311,0.543036830388,0.695951639922,0.775637364535,
    0.852628011679,1.),.UNSPECIFIED.);
#5523 = CARTESIAN_POINT('',(0.,-5.882352728519));
#5524 = CARTESIAN_POINT('',(-8.836952742606E-02,-5.917513345146));
#5525 = CARTESIAN_POINT('',(-0.176783857927,-5.952658141484));
#5526 = CARTESIAN_POINT('',(-0.265184065776,-5.987827380656));
#5527 = CARTESIAN_POINT('',(-0.353571965517,-6.023008632294));
#5528 = CARTESIAN_POINT('',(-0.441962216051,-6.05819138487));
#5529 = CARTESIAN_POINT('',(-0.530369351175,-6.093375799064));
#5530 = CARTESIAN_POINT('',(-0.618796140664,-6.128562543442));
#5531 = CARTESIAN_POINT('',(-0.791532720232,-6.197291408095));
#5532 = CARTESIAN_POINT('',(-0.875927144522,-6.230867487548));
#5533 = CARTESIAN_POINT('',(-0.960313009391,-6.264439009639));
#5534 = CARTESIAN_POINT('',(-1.044688005024,-6.298008911866));
#5535 = CARTESIAN_POINT('',(-1.129062842973,-6.33158395956));
#5536 = CARTESIAN_POINT('',(-1.213449367498,-6.365167569507));
#5537 = CARTESIAN_POINT('',(-1.297851234196,-6.398758786902));
#5538 = CARTESIAN_POINT('',(-1.503512478065,-6.480608037844));
#5539 = CARTESIAN_POINT('',(-1.624969224951,-6.528943663812));
#5540 = CARTESIAN_POINT('',(-1.746315493044,-6.577226585086));
#5541 = CARTESIAN_POINT('',(-1.867604614776,-6.62547083295));
#5542 = CARTESIAN_POINT('',(-1.988898788549,-6.673705794018));
#5543 = CARTESIAN_POINT('',(-2.110257234581,-6.721970439091));
#5544 = CARTESIAN_POINT('',(-2.23172821941,-6.770290657434));
#5545 = CARTESIAN_POINT('',(-2.415122927382,-6.843260533708));
#5546 = CARTESIAN_POINT('',(-2.477233023299,-6.867976284696));
#5547 = CARTESIAN_POINT('',(-2.539343998126,-6.892695194015));
#5548 = CARTESIAN_POINT('',(-2.601458121362,-6.917417648787));
#5549 = CARTESIAN_POINT('',(-2.663575696372,-6.942143047854));
#5550 = CARTESIAN_POINT('',(-2.725695060387,-6.966869801779));
#5551 = CARTESIAN_POINT('',(-2.787812584504,-6.991595332845));
#5552 = CARTESIAN_POINT('',(-2.920164708191,-7.044273452845));
#5553 = CARTESIAN_POINT('',(-2.990414620604,-7.072231832883));
#5554 = CARTESIAN_POINT('',(-3.060666305375,-7.100187641439));
#5555 = CARTESIAN_POINT('',(-3.130915922088,-7.128138850305));
#5556 = CARTESIAN_POINT('',(-3.201161895451,-7.156084976803));
#5557 = CARTESIAN_POINT('',(-3.271404915305,-7.184027083779));
#5558 = CARTESIAN_POINT('',(-3.341647936618,-7.211967779612));
#5559 = CARTESIAN_POINT('',(-3.531974239737,-7.2876760272));
#5560 = CARTESIAN_POINT('',(-3.652225861994,-7.335510915877));
#5561 = CARTESIAN_POINT('',(-3.772375804447,-7.383313847122));
#5562 = CARTESIAN_POINT('',(-3.892465829065,-7.431104692857));
#5563 = CARTESIAN_POINT('',(-4.012551454173,-7.478904532775));
#5564 = CARTESIAN_POINT('',(-4.132690229458,-7.52670057973));
#5565 = CARTESIAN_POINT('',(-4.252930681974,-7.574528288436));
#5566 = CARTESIAN_POINT('',(-4.435584928422,-7.647193880301));
#5567 = CARTESIAN_POINT('',(-4.49815514679,-7.672094735444));
#5568 = CARTESIAN_POINT('',(-4.560724723357,-7.696997784697));
#5569 = CARTESIAN_POINT('',(-4.623296038803,-7.721899771501));
#5570 = CARTESIAN_POINT('',(-4.685869897131,-7.74679861744));
#5571 = CARTESIAN_POINT('',(-4.748445525661,-7.771693422239));
#5572 = CARTESIAN_POINT('',(-4.811020575032,-7.796584463765));
#5573 = CARTESIAN_POINT('',(-4.934045444129,-7.845520162099));
#5574 = CARTESIAN_POINT('',(-4.994488754851,-7.869568580076));
#5575 = CARTESIAN_POINT('',(-5.054928193368,-7.893619548059));
#5576 = CARTESIAN_POINT('',(-5.115368628443,-7.917673375968));
#5577 = CARTESIAN_POINT('',(-5.175812655596,-7.941729587537));
#5578 = CARTESIAN_POINT('',(-5.236260597108,-7.965786920314));
#5579 = CARTESIAN_POINT('',(-5.296710502018,-7.989843325661));
#5580 = CARTESIAN_POINT('',(-5.472864271899,-8.059936442089));
#5581 = CARTESIAN_POINT('',(-5.588699223681,-8.106021195803));
#5582 = CARTESIAN_POINT('',(-5.704451784358,-8.152067741166));
#5583 = CARTESIAN_POINT('',(-5.820159560494,-8.198104679501));
#5584 = CARTESIAN_POINT('',(-5.935869980216,-8.244157668692));
#5585 = CARTESIAN_POINT('',(-6.051633785641,-8.290234533458));
#5586 = CARTESIAN_POINT('',(-6.167479881717,-8.336339704281));
#5587 = CARTESIAN_POINT('',(-6.28318530718,-8.382381087528));
#5588 = ( GEOMETRIC_REPRESENTATION_CONTEXT(2) 
PARAMETRIC_REPRESENTATION_CONTEXT() REPRESENTATION_CONTEXT('2D SPACE',''
  ) );
#5589 = ORIENTED_EDGE('',*,*,#5590,.T.);
#5590 = EDGE_CURVE('',#5382,#5591,#5593,.T.);
#5591 = VERTEX_POINT('',#5592);
#5592 = CARTESIAN_POINT('',(11.1,0.,10.882383319483));
#5593 = SURFACE_CURVE('',#5594,(#5660,#5729),.PCURVE_S1.);
#5594 = B_SPLINE_CURVE_WITH_KNOTS('',8,(#5595,#5596,#5597,#5598,#5599,
    #5600,#5601,#5602,#5603,#5604,#5605,#5606,#5607,#5608,#5609,#5610,
    #5611,#5612,#5613,#5614,#5615,#5616,#5617,#5618,#5619,#5620,#5621,
    #5622,#5623,#5624,#5625,#5626,#5627,#5628,#5629,#5630,#5631,#5632,
    #5633,#5634,#5635,#5636,#5637,#5638,#5639,#5640,#5641,#5642,#5643,
    #5644,#5645,#5646,#5647,#5648,#5649,#5650,#5651,#5652,#5653,#5654,
    #5655,#5656,#5657,#5658,#5659),.UNSPECIFIED.,.F.,.F.,(9,7,7,7,7,7,7,
    7,7,9),(0.,0.138335710479,0.291628079157,0.44665825103,
    0.518391808432,0.600971230261,0.677700375447,0.822532997345,
    0.897582495115,1.),.UNSPECIFIED.);
#5595 = CARTESIAN_POINT('',(11.1,3.552713678801E-15,8.382381087528));
#5596 = CARTESIAN_POINT('',(11.1,1.205873176642,8.425609899009));
#5597 = CARTESIAN_POINT('',(10.950282294909,2.412924568859,
    8.468874009514));
#5598 = CARTESIAN_POINT('',(10.650338235649,3.597652165126,
    8.512106398164));
#5599 = CARTESIAN_POINT('',(10.204668420741,4.738473827924,8.55531582584
    ));
#5600 = CARTESIAN_POINT('',(9.620690066084,5.815086120978,8.598525641925
    ));
#5601 = CARTESIAN_POINT('',(8.909127279345,6.808714852797,8.641758868536
    ));
#5602 = CARTESIAN_POINT('',(8.083537634502,7.70199363684,8.685026092044)
  );
#5603 = CARTESIAN_POINT('',(6.14131466557,9.342377196515,8.77616755086)
  );
#5604 = CARTESIAN_POINT('',(5.000246028554,10.065447219897,
    8.824156731649));
#5605 = CARTESIAN_POINT('',(3.763366736117,10.627534982185,
    8.872113101779));
#5606 = CARTESIAN_POINT('',(2.457590470066,11.015200302247,
    8.920045464081));
#5607 = CARTESIAN_POINT('',(1.110875480156,11.219321905125,
    8.967962296655));
#5608 = CARTESIAN_POINT('',(-0.247591757234,11.236295053107,
    9.015885750816));
#5609 = CARTESIAN_POINT('',(-1.587797056838,11.066834101375,
    9.063844418111));
#5610 = CARTESIAN_POINT('',(-4.183760420064,10.369801684382,
    9.160168800104));
#5611 = CARTESIAN_POINT('',(-5.442195235141,9.837170391145,
    9.208673759893));
#5612 = CARTESIAN_POINT('',(-6.620912294885,9.13022612654,9.257143731259
    ));
#5613 = CARTESIAN_POINT('',(-7.692685859348,8.263981243881,
    9.305601776025));
#5614 = CARTESIAN_POINT('',(-8.63333948249,7.256908000922,9.354071286298
    ));
#5615 = CARTESIAN_POINT('',(-9.422754261169,6.131802285714,
    9.402537258699));
#5616 = CARTESIAN_POINT('',(-10.04401442308,4.914706246036,
    9.451038634798));
#5617 = CARTESIAN_POINT('',(-10.69189655604,3.047033191384,
    9.521890886735));
#5618 = CARTESIAN_POINT('',(-10.85880770168,2.443039150105,
    9.544307915183));
#5619 = CARTESIAN_POINT('',(-10.98667930501,1.828736432459,
    9.566727820128));
#5620 = CARTESIAN_POINT('',(-11.07478120821,1.20704996797,9.58914909054)
  );
#5621 = CARTESIAN_POINT('',(-11.12265526595,0.580956691111,
    9.611569730115));
#5622 = CARTESIAN_POINT('',(-11.13011534538,-4.651445869087E-02,
    9.633987257273));
#5623 = CARTESIAN_POINT('',(-11.09724732614,-0.672282537055,
    9.65639870516));
#5624 = CARTESIAN_POINT('',(-10.94055798813,-2.008029420076,
    9.704589630002));
#5625 = CARTESIAN_POINT('',(-10.80371621536,-2.716707660188,
    9.730384693799));
#5626 = CARTESIAN_POINT('',(-10.61445435559,-3.414544012829,
    9.756184911304));
#5627 = CARTESIAN_POINT('',(-10.37378856996,-4.097009213289,
    9.781989034786));
#5628 = CARTESIAN_POINT('',(-10.08318060717,-4.759750034312,
    9.807795470508));
#5629 = CARTESIAN_POINT('',(-9.744537803535,-5.398589286087,
    9.833602278731));
#5630 = CARTESIAN_POINT('',(-9.360213082916,-6.009525816257,
    9.859407173713));
#5631 = CARTESIAN_POINT('',(-8.536062067032,-7.126909602012,
    9.909180067437));
#5632 = CARTESIAN_POINT('',(-8.102190884262,-7.637583667529,
    9.933143057003));
#5633 = CARTESIAN_POINT('',(-7.633537907713,-8.117930141153,
    9.957102126944));
#5634 = CARTESIAN_POINT('',(-7.132504464521,-8.565286469652,
    9.981062477591));
#5635 = CARTESIAN_POINT('',(-6.601754689408,-8.977160284132,
    10.005027810378));
#5636 = CARTESIAN_POINT('',(-6.044237061254,-9.351261097561,
    10.028998846122));
#5637 = CARTESIAN_POINT('',(-5.463219496553,-9.685557527555,
    10.052971426254));
#5638 = CARTESIAN_POINT('',(-3.728124365246,-10.5310490665,
    10.122165913203));
#5639 = CARTESIAN_POINT('',(-2.520586774533,-10.93714082022,
    10.16746418801));
#5640 = CARTESIAN_POINT('',(-1.264008387484,-11.18394935108,
    10.212737607123));
#5641 = CARTESIAN_POINT('',(1.690009452508E-02,-11.26562670838,
    10.25798787047));
#5642 = CARTESIAN_POINT('',(1.297463386359,-11.18006484713,
    10.303221706476));
#5643 = CARTESIAN_POINT('',(2.553065647205,-10.92955750825,
    10.348459508613));
#5644 = CARTESIAN_POINT('',(3.759255773066,-10.52000211242,
    10.393722949944));
#5645 = CARTESIAN_POINT('',(5.478985525358,-9.675655441919,
    10.462371665154));
#5646 = CARTESIAN_POINT('',(6.04660429994,-9.347924392142,
    10.485803197139));
#5647 = CARTESIAN_POINT('',(6.591699411459,-8.982201638683,
    10.509236884332));
#5648 = CARTESIAN_POINT('',(7.111304313787,-8.580302323411,
    10.532673476209));
#5649 = CARTESIAN_POINT('',(7.602655412422,-8.144307227056,
    10.556112877365));
#5650 = CARTESIAN_POINT('',(8.063192064487,-7.676562769212,
    10.579554147513));
#5651 = CARTESIAN_POINT('',(8.490556578733,-7.179681008335,
    10.602995501486));
#5652 = CARTESIAN_POINT('',(9.417594685561,-5.942626357048,
    10.658420455425));
#5653 = CARTESIAN_POINT('',(9.887183314536,-5.179288602299,
    10.690422495343));
#5654 = CARTESIAN_POINT('',(10.285871597084,-4.373880324413,
    10.722424545035));
#5655 = CARTESIAN_POINT('',(10.609261329714,-3.534159328521,
    10.754422084308));
#5656 = CARTESIAN_POINT('',(10.854044052653,-2.668261576096,
    10.786416757702));
#5657 = CARTESIAN_POINT('',(11.018000491688,-1.784675483071,
    10.818411175466));
#5658 = CARTESIAN_POINT('',(11.1,-0.892216217964,10.850403714531));
#5659 = CARTESIAN_POINT('',(11.1,5.329070518201E-15,10.882383319483));
#5660 = PCURVE('',#531,#5661);
#5661 = DEFINITIONAL_REPRESENTATION('',(#5662),#5728);
#5662 = B_SPLINE_CURVE_WITH_KNOTS('',8,(#5663,#5664,#5665,#5666,#5667,
    #5668,#5669,#5670,#5671,#5672,#5673,#5674,#5675,#5676,#5677,#5678,
    #5679,#5680,#5681,#5682,#5683,#5684,#5685,#5686,#5687,#5688,#5689,
    #5690,#5691,#5692,#5693,#5694,#5695,#5696,#5697,#5698,#5699,#5700,
    #5701,#5702,#5703,#5704,#5705,#5706,#5707,#5708,#5709,#5710,#5711,
    #5712,#5713,#5714,#5715,#5716,#5717,#5718,#5719,#5720,#5721,#5722,
    #5723,#5724,#5725,#5726,#5727),.UNSPECIFIED.,.F.,.F.,(9,7,7,7,7,7,7,
    7,7,9),(0.,0.138335710479,0.291628079157,0.44665825103,
    0.518391808432,0.600971230261,0.677700375447,0.822532997345,
    0.897582495115,1.),.UNSPECIFIED.);
#5663 = CARTESIAN_POINT('',(1.333665844806,27.049113175201));
#5664 = CARTESIAN_POINT('',(1.33367101268,27.166034007266));
#5665 = CARTESIAN_POINT('',(1.333665368525,27.283069666194));
#5666 = CARTESIAN_POINT('',(1.333645216296,27.400045493345));
#5667 = CARTESIAN_POINT('',(1.333612528286,27.51698166784));
#5668 = CARTESIAN_POINT('',(1.333580164007,27.633918336102));
#5669 = CARTESIAN_POINT('',(1.333560750878,27.750895164694));
#5670 = CARTESIAN_POINT('',(1.333557094853,27.8679357561));
#5671 = CARTESIAN_POINT('',(1.333575984971,28.114431598654));
#5672 = CARTESIAN_POINT('',(1.333601445585,28.244192550199));
#5673 = CARTESIAN_POINT('',(1.333637990707,28.373844895741));
#5674 = CARTESIAN_POINT('',(1.333672575099,28.503435783318));
#5675 = CARTESIAN_POINT('',(1.333683912055,28.633026243367));
#5676 = CARTESIAN_POINT('',(1.333672629705,28.762675090319));
#5677 = CARTESIAN_POINT('',(1.333652757162,28.892434578461));
#5678 = CARTESIAN_POINT('',(1.333615924798,29.153049425024));
#5679 = CARTESIAN_POINT('',(1.333598871268,29.284281597423));
#5680 = CARTESIAN_POINT('',(1.333594775973,29.415395976477));
#5681 = CARTESIAN_POINT('',(1.333608246983,29.546446688886));
#5682 = CARTESIAN_POINT('',(1.333637434837,29.677500281165));
#5683 = CARTESIAN_POINT('',(1.333624282653,29.808619992393));
#5684 = CARTESIAN_POINT('',(1.333599380636,29.939856322583));
#5685 = CARTESIAN_POINT('',(1.333584633833,30.131531529581));
#5686 = CARTESIAN_POINT('',(1.333589057796,30.192159536979));
#5687 = CARTESIAN_POINT('',(1.333598070215,30.252787178972));
#5688 = CARTESIAN_POINT('',(1.333607849661,30.313417280752));
#5689 = CARTESIAN_POINT('',(1.333615253718,30.374050074967));
#5690 = CARTESIAN_POINT('',(1.333617818994,30.434683201716));
#5691 = CARTESIAN_POINT('',(1.333613761114,30.495311708554));
#5692 = CARTESIAN_POINT('',(1.333588406271,30.625709372527));
#5693 = CARTESIAN_POINT('',(1.333582865633,30.695492587803));
#5694 = CARTESIAN_POINT('',(1.333584021982,30.765277705253));
#5695 = CARTESIAN_POINT('',(1.333590166857,30.835064456014));
#5696 = CARTESIAN_POINT('',(1.33359921416,30.904852293425));
#5697 = CARTESIAN_POINT('',(1.33360870016,30.974640393022));
#5698 = CARTESIAN_POINT('',(1.333615783494,31.044427652543));
#5699 = CARTESIAN_POINT('',(1.333618603275,31.179053863005));
#5700 = CARTESIAN_POINT('',(1.333617181773,31.243874184406));
#5701 = CARTESIAN_POINT('',(1.33361335342,31.308688225527));
#5702 = CARTESIAN_POINT('',(1.33360881931,31.373507002018));
#5703 = CARTESIAN_POINT('',(1.333605452897,31.438337166945));
#5704 = CARTESIAN_POINT('',(1.333604561659,31.503178325516));
#5705 = CARTESIAN_POINT('',(1.333606566398,31.56801847336));
#5706 = CARTESIAN_POINT('',(1.333619652297,31.755160078605));
#5707 = CARTESIAN_POINT('',(1.333637257492,31.877656411561));
#5708 = CARTESIAN_POINT('',(1.333661710521,32.000073223146));
#5709 = CARTESIAN_POINT('',(1.333681678809,32.122435402706));
#5710 = CARTESIAN_POINT('',(1.333680444858,32.244791091445));
#5711 = CARTESIAN_POINT('',(1.333661001394,32.367190111511));
#5712 = CARTESIAN_POINT('',(1.333633563874,32.489672810154));
#5713 = CARTESIAN_POINT('',(1.333594642199,32.67543118014));
#5714 = CARTESIAN_POINT('',(1.33358166972,32.738834626571));
#5715 = CARTESIAN_POINT('',(1.333570727614,32.802240273137));
#5716 = CARTESIAN_POINT('',(1.33356304513,32.865647946193));
#5717 = CARTESIAN_POINT('',(1.333559362548,32.929056061649));
#5718 = CARTESIAN_POINT('',(1.333559931179,32.99246162498));
#5719 = CARTESIAN_POINT('',(1.33356451336,33.055860231218));
#5720 = CARTESIAN_POINT('',(1.33358312115,33.20574656301));
#5721 = CARTESIAN_POINT('',(1.333599954845,33.292279139801));
#5722 = CARTESIAN_POINT('',(1.33362056214,33.378804981135));
#5723 = CARTESIAN_POINT('',(1.333641231037,33.46531850162));
#5724 = CARTESIAN_POINT('',(1.333658007417,33.551831226303));
#5725 = CARTESIAN_POINT('',(1.333667843502,33.638355672315));
#5726 = CARTESIAN_POINT('',(1.333669746322,33.724889230514));
#5727 = CARTESIAN_POINT('',(1.333665926182,33.811398047129));
#5728 = ( GEOMETRIC_REPRESENTATION_CONTEXT(2) 
PARAMETRIC_REPRESENTATION_CONTEXT() REPRESENTATION_CONTEXT('2D SPACE',''
  ) );
#5729 = PCURVE('',#4247,#5730);
#5730 = DEFINITIONAL_REPRESENTATION('',(#5731),#5797);
#5731 = B_SPLINE_CURVE_WITH_KNOTS('',8,(#5732,#5733,#5734,#5735,#5736,
    #5737,#5738,#5739,#5740,#5741,#5742,#5743,#5744,#5745,#5746,#5747,
    #5748,#5749,#5750,#5751,#5752,#5753,#5754,#5755,#5756,#5757,#5758,
    #5759,#5760,#5761,#5762,#5763,#5764,#5765,#5766,#5767,#5768,#5769,
    #5770,#5771,#5772,#5773,#5774,#5775,#5776,#5777,#5778,#5779,#5780,
    #5781,#5782,#5783,#5784,#5785,#5786,#5787,#5788,#5789,#5790,#5791,
    #5792,#5793,#5794,#5795,#5796),.UNSPECIFIED.,.F.,.F.,(9,7,7,7,7,7,7,
    7,7,9),(0.,0.138335710479,0.291628079157,0.44665825103,
    0.518391808432,0.600971230261,0.677700375447,0.822532997345,
    0.897582495115,1.),.UNSPECIFIED.);
#5732 = CARTESIAN_POINT('',(0.,-8.382381087528));
#5733 = CARTESIAN_POINT('',(-0.108637223121,-8.425609899009));
#5734 = CARTESIAN_POINT('',(-0.217380398243,-8.468874009514));
#5735 = CARTESIAN_POINT('',(-0.326067499776,-8.512106398165));
#5736 = CARTESIAN_POINT('',(-0.434717923585,-8.555315825839));
#5737 = CARTESIAN_POINT('',(-0.543369581042,-8.598525641925));
#5738 = CARTESIAN_POINT('',(-0.652059079893,-8.641758868536));
#5739 = CARTESIAN_POINT('',(-0.7608079328,-8.685026092044));
#5740 = CARTESIAN_POINT('',(-0.989840407337,-8.77616755086));
#5741 = CARTESIAN_POINT('',(-1.110408030375,-8.824156731649));
#5742 = CARTESIAN_POINT('',(-1.230874140605,-8.872113101778));
#5743 = CARTESIAN_POINT('',(-1.351282338303,-8.920045464082));
#5744 = CARTESIAN_POINT('',(-1.471689990662,-8.967962296654));
#5745 = CARTESIAN_POINT('',(-1.592153226495,-9.015885750817));
#5746 = CARTESIAN_POINT('',(-1.712720630764,-9.063844418111));
#5747 = CARTESIAN_POINT('',(-1.954875016725,-9.160168800104));
#5748 = CARTESIAN_POINT('',(-2.076812141527,-9.208673759893));
#5749 = CARTESIAN_POINT('',(-2.198639725251,-9.25714373126));
#5750 = CARTESIAN_POINT('',(-2.320406672035,-9.305601776024));
#5751 = CARTESIAN_POINT('',(-2.44217244352,-9.354071286298));
#5752 = CARTESIAN_POINT('',(-2.56399661426,-9.402537258699));
#5753 = CARTESIAN_POINT('',(-2.685931592971,-9.451038634798));
#5754 = CARTESIAN_POINT('',(-2.864026597143,-9.521890886735));
#5755 = CARTESIAN_POINT('',(-2.920360403685,-9.544307915183));
#5756 = CARTESIAN_POINT('',(-2.976694273298,-9.566727820128));
#5757 = CARTESIAN_POINT('',(-3.033030262296,-9.58914909054));
#5758 = CARTESIAN_POINT('',(-3.089368344844,-9.611569730115));
#5759 = CARTESIAN_POINT('',(-3.145706412966,-9.633987257273));
#5760 = CARTESIAN_POINT('',(-3.202040276542,-9.65639870516));
#5761 = CARTESIAN_POINT('',(-3.323202950283,-9.704589630002));
#5762 = CARTESIAN_POINT('',(-3.388043814311,-9.730384693799));
#5763 = CARTESIAN_POINT('',(-3.452885717808,-9.756184911304));
#5764 = CARTESIAN_POINT('',(-3.517728127203,-9.781989034786));
#5765 = CARTESIAN_POINT('',(-3.582570512935,-9.807795470508));
#5766 = CARTESIAN_POINT('',(-3.64741234945,-9.833602278731));
#5767 = CARTESIAN_POINT('',(-3.712253115205,-9.859407173713));
#5768 = CARTESIAN_POINT('',(-3.837337987671,-9.909180067437));
#5769 = CARTESIAN_POINT('',(-3.897564499091,-9.933143057003));
#5770 = CARTESIAN_POINT('',(-3.957785604502,-9.957102126944));
#5771 = CARTESIAN_POINT('',(-4.018011663317,-9.981062477591));
#5772 = CARTESIAN_POINT('',(-4.078248855251,-10.00502781037));
#5773 = CARTESIAN_POINT('',(-4.1384967051,-10.02899884612));
#5774 = CARTESIAN_POINT('',(-4.198743893833,-10.05297142625));
#5775 = CARTESIAN_POINT('',(-4.372629695065,-10.1221659132));
#5776 = CARTESIAN_POINT('',(-4.486449720554,-10.16746418801));
#5777 = CARTESIAN_POINT('',(-4.600195346392,-10.21273760712));
#5778 = CARTESIAN_POINT('',(-4.713888672843,-10.25798787047));
#5779 = CARTESIAN_POINT('',(-4.827574722834,-10.30322170647));
#5780 = CARTESIAN_POINT('',(-4.941300820435,-10.34845950861));
#5781 = CARTESIAN_POINT('',(-5.055104948854,-10.39372294994));
#5782 = CARTESIAN_POINT('',(-5.227701943599,-10.46237166515));
#5783 = CARTESIAN_POINT('',(-5.286613244188,-10.48580319713));
#5784 = CARTESIAN_POINT('',(-5.345526705131,-10.50923688433));
#5785 = CARTESIAN_POINT('',(-5.40444214619,-10.5326734762));
#5786 = CARTESIAN_POINT('',(-5.463358064688,-10.55611287736));
#5787 = CARTESIAN_POINT('',(-5.522271635508,-10.57955414751));
#5788 = CARTESIAN_POINT('',(-5.581178711094,-10.60299550148));
#5789 = CARTESIAN_POINT('',(-5.720445981587,-10.65842045542));
#5790 = CARTESIAN_POINT('',(-5.800847811711,-10.69042249534));
#5791 = CARTESIAN_POINT('',(-5.881243098585,-10.72242454503));
#5792 = CARTESIAN_POINT('',(-5.961626674574,-10.7544220843));
#5793 = CARTESIAN_POINT('',(-6.0420093854,-10.7864167577));
#5794 = CARTESIAN_POINT('',(-6.12240305789,-10.81841117546));
#5795 = CARTESIAN_POINT('',(-6.202805467723,-10.85040371453));
#5796 = CARTESIAN_POINT('',(-6.28318530718,-10.88238331948));
#5797 = ( GEOMETRIC_REPRESENTATION_CONTEXT(2) 
PARAMETRIC_REPRESENTATION_CONTEXT() REPRESENTATION_CONTEXT('2D SPACE',''
  ) );
#5798 = ORIENTED_EDGE('',*,*,#5799,.T.);
#5799 = EDGE_CURVE('',#5591,#5800,#5802,.T.);
#5800 = VERTEX_POINT('',#5801);
#5801 = CARTESIAN_POINT('',(11.1,0.,13.382352728518));
#5802 = SURFACE_CURVE('',#5803,(#5869,#5938),.PCURVE_S1.);
#5803 = B_SPLINE_CURVE_WITH_KNOTS('',8,(#5804,#5805,#5806,#5807,#5808,
    #5809,#5810,#5811,#5812,#5813,#5814,#5815,#5816,#5817,#5818,#5819,
    #5820,#5821,#5822,#5823,#5824,#5825,#5826,#5827,#5828,#5829,#5830,
    #5831,#5832,#5833,#5834,#5835,#5836,#5837,#5838,#5839,#5840,#5841,
    #5842,#5843,#5844,#5845,#5846,#5847,#5848,#5849,#5850,#5851,#5852,
    #5853,#5854,#5855,#5856,#5857,#5858,#5859,#5860,#5861,#5862,#5863,
    #5864,#5865,#5866,#5867,#5868),.UNSPECIFIED.,.F.,.F.,(9,7,7,7,7,7,7,
    7,7,9),(0.,0.131463883494,0.210826296916,0.287780549256,
    0.417965164971,0.566311515252,0.672302238367,0.756306454717,
    0.87993193417,1.),.UNSPECIFIED.);
#5804 = CARTESIAN_POINT('',(11.1,5.329070518201E-15,10.882383319483));
#5805 = CARTESIAN_POINT('',(11.1,1.14552799485,10.923442349792));
#5806 = CARTESIAN_POINT('',(10.964892066569,2.292141547386,
    10.964533506764));
#5807 = CARTESIAN_POINT('',(10.694229747757,3.419728057124,
    11.005604713062));
#5808 = CARTESIAN_POINT('',(10.291629213499,4.509661003052,
    11.046663600982));
#5809 = CARTESIAN_POINT('',(9.763202110983,5.544393677901,
    11.087729111232));
#5810 = CARTESIAN_POINT('',(9.117750500537,6.507601645211,11.12881363702
    ));
#5811 = CARTESIAN_POINT('',(8.366434977088,7.384126284417,11.16991700411
    ));
#5812 = CARTESIAN_POINT('',(7.015661580595,8.629532435312,
    11.235781096419));
#5813 = CARTESIAN_POINT('',(6.473803887742,9.062136199431,
    11.260571799912));
#5814 = CARTESIAN_POINT('',(5.901621354038,9.455726208543,
    11.285360068287));
#5815 = CARTESIAN_POINT('',(5.302377109045,9.807848107381,
    11.310146552801));
#5816 = CARTESIAN_POINT('',(4.679543048094,10.116396143581,
    11.334932139891));
#5817 = CARTESIAN_POINT('',(4.036799832296,10.379613167683,
    11.359717951167));
#5818 = CARTESIAN_POINT('',(3.378036888531,10.596090633127,
    11.384505343416));
#5819 = CARTESIAN_POINT('',(2.057019078896,10.92832822076,
    11.433334232623));
#5820 = CARTESIAN_POINT('',(1.395227928561,11.046992416197,
    11.457386720565));
#5821 = CARTESIAN_POINT('',(0.725786327292,11.119841496478,
    11.48143947755));
#5822 = CARTESIAN_POINT('',(5.246286095723E-02,11.14631534182,
    11.505484135334));
#5823 = CARTESIAN_POINT('',(-0.621012667549,11.126213398749,
    11.529517852309));
#5824 = CARTESIAN_POINT('',(-1.290949238303,11.059694680096,
    11.553543313502));
#5825 = CARTESIAN_POINT('',(-1.953694614353,10.947277765003,
    11.577568730575));
#5826 = CARTESIAN_POINT('',(-3.708532848755,10.523502418567,
    11.642275152138));
#5827 = CARTESIAN_POINT('',(-4.781181654545,10.128115870823,
    11.682987835488));
#5828 = CARTESIAN_POINT('',(-5.804598591865,9.607895081096,
    11.723693211558));
#5829 = CARTESIAN_POINT('',(-6.762124074125,8.970436792722,
    11.76437107689));
#5830 = CARTESIAN_POINT('',(-7.638568250556,8.225412036598,
    11.805039421657));
#5831 = CARTESIAN_POINT('',(-8.420446905232,7.384745318888,
    11.845718607048));
#5832 = CARTESIAN_POINT('',(-9.095857071273,6.462408193882,
    11.886417869735));
#5833 = CARTESIAN_POINT('',(-10.29330435321,4.350800110411,
    11.973437449474));
#5834 = CARTESIAN_POINT('',(-10.7822553853,3.139672799159,
    12.019855472571));
#5835 = CARTESIAN_POINT('',(-11.10712689677,1.867282362266,
    12.066248755712));
#5836 = CARTESIAN_POINT('',(-11.26013700261,0.559796920209,
    12.112623190651));
#5837 = CARTESIAN_POINT('',(-11.23754564152,-0.75638972273,
    12.158984397411));
#5838 = CARTESIAN_POINT('',(-11.04051201705,-2.054661912086,
    12.205350843743));
#5839 = CARTESIAN_POINT('',(-10.67412397128,-3.308351451421,
    12.25174484604));
#5840 = CARTESIAN_POINT('',(-9.777159501228,-5.335797798026,
    12.331185205003));
#5841 = CARTESIAN_POINT('',(-9.322826688193,-6.145408063091,
    12.364301325355));
#5842 = CARTESIAN_POINT('',(-8.792116929266,-6.910427084829,
    12.397415448296));
#5843 = CARTESIAN_POINT('',(-8.19019808574,-7.622420996126,
    12.430528155836));
#5844 = CARTESIAN_POINT('',(-7.523216506898,-8.27383705405,
    12.463646220507));
#5845 = CARTESIAN_POINT('',(-6.79826857717,-8.858021491136,
    12.496775537561));
#5846 = CARTESIAN_POINT('',(-6.023372263291,-9.369237366664,
    12.529914057166));
#5847 = CARTESIAN_POINT('',(-4.560760718311,-10.14621448183,
    12.589302817332));
#5848 = CARTESIAN_POINT('',(-3.888086315795,-10.44102667401,
    12.615563295774));
#5849 = CARTESIAN_POINT('',(-3.193841386272,-10.68478669434,
    12.641823974488));
#5850 = CARTESIAN_POINT('',(-2.482566621601,-10.87566483246,
    12.668083133395));
#5851 = CARTESIAN_POINT('',(-1.758917473129,-11.01233396776,
    12.694339509786));
#5852 = CARTESIAN_POINT('',(-1.027664151699,-11.09396956942,
    12.720592298318));
#5853 = CARTESIAN_POINT('',(-0.293691627644,-11.12024969637,
    12.746841151017));
#5854 = CARTESIAN_POINT('',(1.514800771046,-11.04883188146,
    12.81170988089));
#5855 = CARTESIAN_POINT('',(2.587597766799,-10.88680159805,
    12.850353921929));
#5856 = CARTESIAN_POINT('',(3.639864870957,-10.60566187573,
    12.88898274714));
#5857 = CARTESIAN_POINT('',(4.656215200385,-10.20873875895,
    12.927603284076));
#5858 = CARTESIAN_POINT('',(5.622213110914,-9.701497869969,
    12.966229831801));
#5859 = CARTESIAN_POINT('',(6.524298887173,-9.091275597874,
    13.004872449689));
#5860 = CARTESIAN_POINT('',(7.349923018805,-8.387487051091,
    13.043528998737));
#5861 = CARTESIAN_POINT('',(8.804811854292,-6.839643433412,
    13.119681316997));
#5862 = CARTESIAN_POINT('',(9.439803285119,-5.999403489805,
    13.157218129253));
#5863 = CARTESIAN_POINT('',(9.982552299891,-5.092344390794,
    13.194738657028));
#5864 = CARTESIAN_POINT('',(10.425164765262,-4.130415881539,
    13.232244519292));
#5865 = CARTESIAN_POINT('',(10.761486251489,-3.1263459562,13.26974671006
    ));
#5866 = CARTESIAN_POINT('',(10.987246925084,-2.093629832358,
    13.307270841424));
#5867 = CARTESIAN_POINT('',(11.1,-1.046476970617,13.344841555349));
#5868 = CARTESIAN_POINT('',(11.1,-1.42108547152E-14,13.382352728518));
#5869 = PCURVE('',#531,#5870);
#5870 = DEFINITIONAL_REPRESENTATION('',(#5871),#5937);
#5871 = B_SPLINE_CURVE_WITH_KNOTS('',8,(#5872,#5873,#5874,#5875,#5876,
    #5877,#5878,#5879,#5880,#5881,#5882,#5883,#5884,#5885,#5886,#5887,
    #5888,#5889,#5890,#5891,#5892,#5893,#5894,#5895,#5896,#5897,#5898,
    #5899,#5900,#5901,#5902,#5903,#5904,#5905,#5906,#5907,#5908,#5909,
    #5910,#5911,#5912,#5913,#5914,#5915,#5916,#5917,#5918,#5919,#5920,
    #5921,#5922,#5923,#5924,#5925,#5926,#5927,#5928,#5929,#5930,#5931,
    #5932,#5933,#5934,#5935,#5936),.UNSPECIFIED.,.F.,.F.,(9,7,7,7,7,7,7,
    7,7,9),(0.,0.131463883494,0.210826296916,0.287780549256,
    0.417965164971,0.566311515252,0.672302238367,0.756306454717,
    0.87993193417,1.),.UNSPECIFIED.);
#5872 = CARTESIAN_POINT('',(1.333665926182,33.811398047129));
#5873 = CARTESIAN_POINT('',(1.333661021454,33.922467840796));
#5874 = CARTESIAN_POINT('',(1.333646333108,34.03364204629));
#5875 = CARTESIAN_POINT('',(1.333625158695,34.144773908241));
#5876 = CARTESIAN_POINT('',(1.333605188276,34.255870320699));
#5877 = CARTESIAN_POINT('',(1.333598054648,34.36696170447));
#5878 = CARTESIAN_POINT('',(1.333604022727,34.478081101025));
#5879 = CARTESIAN_POINT('',(1.333612144586,34.589247600683));
#5880 = CARTESIAN_POINT('',(1.333618244037,34.767393272834));
#5881 = CARTESIAN_POINT('',(1.333618862961,34.83444883414));
#5882 = CARTESIAN_POINT('',(1.333616155055,34.901503739059));
#5883 = CARTESIAN_POINT('',(1.333609776225,34.968560357659));
#5884 = CARTESIAN_POINT('',(1.333600687986,35.035619367856));
#5885 = CARTESIAN_POINT('',(1.333591157461,35.102679755423));
#5886 = CARTESIAN_POINT('',(1.333584757385,35.169738813984));
#5887 = CARTESIAN_POINT('',(1.333587926006,35.301810819898));
#5888 = CARTESIAN_POINT('',(1.333604676135,35.366840756314));
#5889 = CARTESIAN_POINT('',(1.333621069599,35.431872142938));
#5890 = CARTESIAN_POINT('',(1.333627737812,35.496899063939));
#5891 = CARTESIAN_POINT('',(1.333621490497,35.561919498978));
#5892 = CARTESIAN_POINT('',(1.333605315685,35.626935323206));
#5893 = CARTESIAN_POINT('',(1.333588379713,35.69195230727));
#5894 = CARTESIAN_POINT('',(1.333582047498,35.866988599009));
#5895 = CARTESIAN_POINT('',(1.33359718243,35.977085511006));
#5896 = CARTESIAN_POINT('',(1.333625362798,36.087139405829));
#5897 = CARTESIAN_POINT('',(1.333628470443,36.197163856122));
#5898 = CARTESIAN_POINT('',(1.33361844133,36.307186122161));
#5899 = CARTESIAN_POINT('',(1.333607755024,36.417238908061));
#5900 = CARTESIAN_POINT('',(1.333603936398,36.527333706503));
#5901 = CARTESIAN_POINT('',(1.333611814797,36.762699965784));
#5902 = CARTESIAN_POINT('',(1.333625780744,36.888231647747));
#5903 = CARTESIAN_POINT('',(1.333650608184,37.013676934718));
#5904 = CARTESIAN_POINT('',(1.333676943519,37.139068507931));
#5905 = CARTESIAN_POINT('',(1.333683366969,37.264459927733));
#5906 = CARTESIAN_POINT('',(1.333669021846,37.38990269984));
#5907 = CARTESIAN_POINT('',(1.333643393048,37.515440222146));
#5908 = CARTESIAN_POINT('',(1.333598089133,37.730400448099));
#5909 = CARTESIAN_POINT('',(1.333578441512,37.820011797845));
#5910 = CARTESIAN_POINT('',(1.333562876459,37.909610447908));
#5911 = CARTESIAN_POINT('',(1.333554794619,37.999191883568));
#5912 = CARTESIAN_POINT('',(1.333555901551,38.088771366885));
#5913 = CARTESIAN_POINT('',(1.333565962529,38.178365259059));
#5914 = CARTESIAN_POINT('',(1.333582557352,38.267972342778));
#5915 = CARTESIAN_POINT('',(1.333615321432,38.428555066478));
#5916 = CARTESIAN_POINT('',(1.33363144678,38.499558480798));
#5917 = CARTESIAN_POINT('',(1.333646566561,38.570564230028));
#5918 = CARTESIAN_POINT('',(1.333658735103,38.641571143744));
#5919 = CARTESIAN_POINT('',(1.333666705689,38.712578038608));
#5920 = CARTESIAN_POINT('',(1.333669930558,38.783583718365));
#5921 = CARTESIAN_POINT('',(1.333668560903,38.854586973847));
#5922 = CARTESIAN_POINT('',(1.333655920777,39.030073727776));
#5923 = CARTESIAN_POINT('',(1.333640724785,39.134629615114));
#5924 = CARTESIAN_POINT('',(1.333621322038,39.23915188799));
#5925 = CARTESIAN_POINT('',(1.33360493253,39.343646371901));
#5926 = CARTESIAN_POINT('',(1.333599165364,39.448138131747));
#5927 = CARTESIAN_POINT('',(1.333604412527,39.552653667502));
#5928 = CARTESIAN_POINT('',(1.333611685714,39.657203254797));
#5929 = CARTESIAN_POINT('',(1.333619357797,39.863174865717));
#5930 = CARTESIAN_POINT('',(1.333619933578,39.964707592289));
#5931 = CARTESIAN_POINT('',(1.33361194435,40.066211549689));
#5932 = CARTESIAN_POINT('',(1.33359279542,40.167695738801));
#5933 = CARTESIAN_POINT('',(1.333568087668,40.269179871231));
#5934 = CARTESIAN_POINT('',(1.333566161432,40.370682552072));
#5935 = CARTESIAN_POINT('',(1.33362181553,40.472208338487));
#5936 = CARTESIAN_POINT('',(1.333621332455,40.573674153955));
#5937 = ( GEOMETRIC_REPRESENTATION_CONTEXT(2) 
PARAMETRIC_REPRESENTATION_CONTEXT() REPRESENTATION_CONTEXT('2D SPACE',''
  ) );
#5938 = PCURVE('',#4077,#5939);
#5939 = DEFINITIONAL_REPRESENTATION('',(#5940),#6006);
#5940 = B_SPLINE_CURVE_WITH_KNOTS('',8,(#5941,#5942,#5943,#5944,#5945,
    #5946,#5947,#5948,#5949,#5950,#5951,#5952,#5953,#5954,#5955,#5956,
    #5957,#5958,#5959,#5960,#5961,#5962,#5963,#5964,#5965,#5966,#5967,
    #5968,#5969,#5970,#5971,#5972,#5973,#5974,#5975,#5976,#5977,#5978,
    #5979,#5980,#5981,#5982,#5983,#5984,#5985,#5986,#5987,#5988,#5989,
    #5990,#5991,#5992,#5993,#5994,#5995,#5996,#5997,#5998,#5999,#6000,
    #6001,#6002,#6003,#6004,#6005),.UNSPECIFIED.,.F.,.F.,(9,7,7,7,7,7,7,
    7,7,9),(0.,0.131463883494,0.210826296916,0.287780549256,
    0.417965164971,0.566311515252,0.672302238367,0.756306454717,
    0.87993193417,1.),.UNSPECIFIED.);
#5941 = CARTESIAN_POINT('',(0.,-10.88238331948));
#5942 = CARTESIAN_POINT('',(-0.103200720257,-10.92344234979));
#5943 = CARTESIAN_POINT('',(-0.206499120559,-10.96453350676));
#5944 = CARTESIAN_POINT('',(-0.309759072245,-11.00560471306));
#5945 = CARTESIAN_POINT('',(-0.412986886242,-11.04666360098));
#5946 = CARTESIAN_POINT('',(-0.51621015516,-11.08772911123));
#5947 = CARTESIAN_POINT('',(-0.619458125757,-11.12881363702));
#5948 = CARTESIAN_POINT('',(-0.722748066647,-11.16991700411));
#5949 = CARTESIAN_POINT('',(-0.888269460389,-11.23578109641));
#5950 = CARTESIAN_POINT('',(-0.950572552903,-11.26057179991));
#5951 = CARTESIAN_POINT('',(-1.012874801106,-11.28536006828));
#5952 = CARTESIAN_POINT('',(-1.07517872129,-11.3101465528));
#5953 = CARTESIAN_POINT('',(-1.137485224178,-11.33493213989));
#5954 = CARTESIAN_POINT('',(-1.199793614928,-11.35971795116));
#5955 = CARTESIAN_POINT('',(-1.262101593128,-11.38450534341));
#5956 = CARTESIAN_POINT('',(-1.384818379636,-11.43333423262));
#5957 = CARTESIAN_POINT('',(-1.445242222853,-11.45738672056));
#5958 = CARTESIAN_POINT('',(-1.505667633138,-11.48143947755));
#5959 = CARTESIAN_POINT('',(-1.566089052975,-11.50548413533));
#5960 = CARTESIAN_POINT('',(-1.626504516648,-11.5295178523));
#5961 = CARTESIAN_POINT('',(-1.686915650239,-11.5535433135));
#5962 = CARTESIAN_POINT('',(-1.747327671628,-11.57756873057));
#5963 = CARTESIAN_POINT('',(-1.909965681503,-11.64227515213));
#5964 = CARTESIAN_POINT('',(-2.012262014319,-11.68298783548));
#5965 = CARTESIAN_POINT('',(-2.114515052272,-11.72369321155));
#5966 = CARTESIAN_POINT('',(-2.216740011385,-11.76437107689));
#5967 = CARTESIAN_POINT('',(-2.318964716996,-11.80503942165));
#5968 = CARTESIAN_POINT('',(-2.421219676857,-11.84571860704));
#5969 = CARTESIAN_POINT('',(-2.523515117415,-11.88641786973));
#5970 = CARTESIAN_POINT('',(-2.74220904197,-11.97343744947));
#5971 = CARTESIAN_POINT('',(-2.858849529577,-12.01985547257));
#5972 = CARTESIAN_POINT('',(-2.975409652406,-12.06624875571));
#5973 = CARTESIAN_POINT('',(-3.091918363956,-12.11262319065));
#5974 = CARTESIAN_POINT('',(-3.208425345113,-12.15898439741));
#5975 = CARTESIAN_POINT('',(-3.32497957454,-12.20535084374));
#5976 = CARTESIAN_POINT('',(-3.441621987751,-12.25174484604));
#5977 = CARTESIAN_POINT('',(-3.641351614852,-12.331185205));
#5978 = CARTESIAN_POINT('',(-3.724613910876,-12.36430132535));
#5979 = CARTESIAN_POINT('',(-3.807864707859,-12.39741544829));
#5980 = CARTESIAN_POINT('',(-3.891099739919,-12.43052815583));
#5981 = CARTESIAN_POINT('',(-3.9743330163,-12.4636462205));
#5982 = CARTESIAN_POINT('',(-4.057579550154,-12.49677553756));
#5983 = CARTESIAN_POINT('',(-4.140838087331,-12.52991405716));
#5984 = CARTESIAN_POINT('',(-4.290043323471,-12.58930281733));
#5985 = CARTESIAN_POINT('',(-4.356015885508,-12.61556329577));
#5986 = CARTESIAN_POINT('',(-4.421990504794,-12.64182397448));
#5987 = CARTESIAN_POINT('',(-4.487966162522,-12.66808313339));
#5988 = CARTESIAN_POINT('',(-4.553941837561,-12.69433950978));
#5989 = CARTESIAN_POINT('',(-4.619916506456,-12.72059229831));
#5990 = CARTESIAN_POINT('',(-4.685889143426,-12.74684115101));
#5991 = CARTESIAN_POINT('',(-4.848943377929,-12.81170988089));
#5992 = CARTESIAN_POINT('',(-4.946092548992,-12.85035392192));
#5993 = CARTESIAN_POINT('',(-5.043211221142,-12.88898274714));
#5994 = CARTESIAN_POINT('',(-5.140304718959,-12.92760328407));
#5995 = CARTESIAN_POINT('',(-5.237395570765,-12.9662298318));
#5996 = CARTESIAN_POINT('',(-5.334507414422,-13.00487244968));
#5997 = CARTESIAN_POINT('',(-5.431649330626,-13.04352899873));
#5998 = CARTESIAN_POINT('',(-5.623024971431,-13.11968131699));
#5999 = CARTESIAN_POINT('',(-5.717361615889,-13.15721812925));
#6000 = CARTESIAN_POINT('',(-5.811670813511,-13.19473865702));
#6001 = CARTESIAN_POINT('',(-5.905962067448,-13.23224451929));
#6002 = CARTESIAN_POINT('',(-6.000255352787,-13.26974671005));
#6003 = CARTESIAN_POINT('',(-6.094570066532,-13.30727084142));
#6004 = CARTESIAN_POINT('',(-6.188908102619,-13.34484155534));
#6005 = CARTESIAN_POINT('',(-6.28318530718,-13.38235272851));
#6006 = ( GEOMETRIC_REPRESENTATION_CONTEXT(2) 
PARAMETRIC_REPRESENTATION_CONTEXT() REPRESENTATION_CONTEXT('2D SPACE',''
  ) );
#6007 = ORIENTED_EDGE('',*,*,#6008,.T.);
#6008 = EDGE_CURVE('',#5800,#6009,#6011,.T.);
#6009 = VERTEX_POINT('',#6010);
#6010 = CARTESIAN_POINT('',(11.1,0.,15.882381087528));
#6011 = SURFACE_CURVE('',#6012,(#6078,#6147),.PCURVE_S1.);
#6012 = B_SPLINE_CURVE_WITH_KNOTS('',8,(#6013,#6014,#6015,#6016,#6017,
    #6018,#6019,#6020,#6021,#6022,#6023,#6024,#6025,#6026,#6027,#6028,
    #6029,#6030,#6031,#6032,#6033,#6034,#6035,#6036,#6037,#6038,#6039,
    #6040,#6041,#6042,#6043,#6044,#6045,#6046,#6047,#6048,#6049,#6050,
    #6051,#6052,#6053,#6054,#6055,#6056,#6057,#6058,#6059,#6060,#6061,
    #6062,#6063,#6064,#6065,#6066,#6067,#6068,#6069,#6070,#6071,#6072,
    #6073,#6074,#6075,#6076,#6077),.UNSPECIFIED.,.F.,.F.,(9,7,7,7,7,7,7,
    7,7,9),(0.,0.121573004637,0.276894973963,0.393494317267,
    0.537395000273,0.651877854393,0.712880484197,0.775845887234,
    0.874929975053,1.),.UNSPECIFIED.);
#6013 = CARTESIAN_POINT('',(11.1,-1.42108547152E-14,13.382352728518));
#6014 = CARTESIAN_POINT('',(11.1,1.059402975961,13.420327236895));
#6015 = CARTESIAN_POINT('',(10.984444239808,2.119493759216,
    13.458287125122));
#6016 = CARTESIAN_POINT('',(10.75307091162,3.164606610738,
    13.496278434308));
#6017 = CARTESIAN_POINT('',(10.408444929174,4.180037370783,
    13.534278908206));
#6018 = CARTESIAN_POINT('',(9.955020844613,5.151804139087,
    13.572276515368));
#6019 = CARTESIAN_POINT('',(9.399238224083,6.066716279229,
    13.610275560999));
#6020 = CARTESIAN_POINT('',(8.74939148885,6.91236518178,13.648280100759)
  );
#6021 = CARTESIAN_POINT('',(7.080222172232,8.655224412672,
    13.734779298601));
#6022 = CARTESIAN_POINT('',(6.006283205995,9.503800114161,
    13.783367297338));
#6023 = CARTESIAN_POINT('',(4.817521807685,10.198116402776,
    13.831912902043));
#6024 = CARTESIAN_POINT('',(3.540269247104,10.721534648519,
    13.880452318622));
#6025 = CARTESIAN_POINT('',(2.202437528804,11.061651017644,
    13.929001511241));
#6026 = CARTESIAN_POINT('',(0.833821540628,11.211736597658,
    13.977568584122));
#6027 = CARTESIAN_POINT('',(-0.534350138323,11.169448119503,
    14.026168434213));
#6028 = CARTESIAN_POINT('',(-2.870187311615,10.770538111167,
    14.111096870127));
#6029 = CARTESIAN_POINT('',(-3.854441734184,10.494606959406,
    14.147528590667));
#6030 = CARTESIAN_POINT('',(-4.807741324017,10.11591507366,
    14.18394752407));
#6031 = CARTESIAN_POINT('',(-5.717668627504,9.638771875853,
    14.220358625898));
#6032 = CARTESIAN_POINT('',(-6.572652220103,9.068983875728,
    14.256773728865));
#6033 = CARTESIAN_POINT('',(-7.362029343518,8.413918024678,
    14.293202588521));
#6034 = CARTESIAN_POINT('',(-8.076033132831,7.682442814904,
    14.329645960952));
#6035 = CARTESIAN_POINT('',(-9.484081161077,5.90206961997,
    14.411026200888));
#6036 = CARTESIAN_POINT('',(-10.13591694778,4.816914835829,
    14.456046748467));
#6037 = CARTESIAN_POINT('',(-10.64462545523,3.650615723718,
    14.501046305144));
#6038 = CARTESIAN_POINT('',(-10.99932292233,2.425581216343,
    14.546025392906));
#6039 = CARTESIAN_POINT('',(-11.19271923647,1.165036609137,
    14.590990295872));
#6040 = CARTESIAN_POINT('',(-11.22174527235,-0.106900040277,
    14.635957414513));
#6041 = CARTESIAN_POINT('',(-11.08684133636,-1.365503344663,
    14.680946839456));
#6042 = CARTESIAN_POINT('',(-10.56243477713,-3.555326698861,
    14.761640366631));
#6043 = CARTESIAN_POINT('',(-10.23029090017,-4.502242109324,
    14.797412791954));
#6044 = CARTESIAN_POINT('',(-9.801218107191,-5.413024153387,
    14.833177913635));
#6045 = CARTESIAN_POINT('',(-9.280066272655,-6.276180464718,
    14.868939177871));
#6046 = CARTESIAN_POINT('',(-8.67302498263,-7.081138399668,
    14.904703683129));
#6047 = CARTESIAN_POINT('',(-7.987628091174,-7.818302609148,
    14.940474758444));
#6048 = CARTESIAN_POINT('',(-7.232679814562,-8.47902651293,
    14.976251596093));
#6049 = CARTESIAN_POINT('',(-5.984879829213,-9.363433267787,
    15.031073759022));
#6050 = CARTESIAN_POINT('',(-5.534257313369,-9.647153766053,
    15.050130749308));
#6051 = CARTESIAN_POINT('',(-5.068295624378,-9.906063066233,
    15.06918801606));
#6052 = CARTESIAN_POINT('',(-4.58858682665,-10.13919705072,
    15.08824605381));
#6053 = CARTESIAN_POINT('',(-4.096794538844,-10.34571986057,
    15.107305170859));
#6054 = CARTESIAN_POINT('',(-3.594653933872,-10.52492389549,
    15.12636548928));
#6055 = CARTESIAN_POINT('',(-3.083971738894,-10.67622981386,
    15.145426944917));
#6056 = CARTESIAN_POINT('',(-2.032635024674,-10.92609941142,
    15.184164964976));
#6057 = CARTESIAN_POINT('',(-1.491422046717,-11.02284839357,
    15.203848987037));
#6058 = CARTESIAN_POINT('',(-0.945002225969,-11.08894535921,
    15.223534793246));
#6059 = CARTESIAN_POINT('',(-0.395403942991,-11.12406709855,
    15.24321800463));
#6060 = CARTESIAN_POINT('',(0.155330965609,-11.12805531195,
    15.262896423569));
#6061 = CARTESIAN_POINT('',(0.705147207182,-11.10091660992,
    15.282570033791));
#6062 = CARTESIAN_POINT('',(1.251976033032,-11.04282251313,
    15.302241000377));
#6063 = CARTESIAN_POINT('',(2.646262405631,-10.81450814308,
    15.352871122682));
#6064 = CARTESIAN_POINT('',(3.486389790977,-10.5990755113,15.38383618654
    ));
#6065 = CARTESIAN_POINT('',(4.306093389096,-10.30912222269,
    15.414807776161));
#6066 = CARTESIAN_POINT('',(5.097772594737,-9.946963848515,
    15.445780140647));
#6067 = CARTESIAN_POINT('',(5.854176464041,-9.515769849474,
    15.476751091284));
#6068 = CARTESIAN_POINT('',(6.568403530262,-9.019536857543,
    15.507722803077));
#6069 = CARTESIAN_POINT('',(7.233975173914,-8.463186255666,
    15.538695189899));
#6070 = CARTESIAN_POINT('',(8.616233604126,-7.082301409898,
    15.608727256226));
#6071 = CARTESIAN_POINT('',(9.301476519195,-6.224768523727,
    15.64782497787));
#6072 = CARTESIAN_POINT('',(9.888464148037,-5.292084400441,
    15.686911163531));
#6073 = CARTESIAN_POINT('',(10.367883606165,-4.297568567228,
    15.725995343357));
#6074 = CARTESIAN_POINT('',(10.73264513998,-3.255510597624,
    15.765086442362));
#6075 = CARTESIAN_POINT('',(10.977636123057,-2.18102837415,
    15.804188752092));
#6076 = CARTESIAN_POINT('',(11.1,-1.090145966385,15.843300929366));
#6077 = CARTESIAN_POINT('',(11.1,0.,15.882381087528));
#6078 = PCURVE('',#531,#6079);
#6079 = DEFINITIONAL_REPRESENTATION('',(#6080),#6146);
#6080 = B_SPLINE_CURVE_WITH_KNOTS('',8,(#6081,#6082,#6083,#6084,#6085,
    #6086,#6087,#6088,#6089,#6090,#6091,#6092,#6093,#6094,#6095,#6096,
    #6097,#6098,#6099,#6100,#6101,#6102,#6103,#6104,#6105,#6106,#6107,
    #6108,#6109,#6110,#6111,#6112,#6113,#6114,#6115,#6116,#6117,#6118,
    #6119,#6120,#6121,#6122,#6123,#6124,#6125,#6126,#6127,#6128,#6129,
    #6130,#6131,#6132,#6133,#6134,#6135,#6136,#6137,#6138,#6139,#6140,
    #6141,#6142,#6143,#6144,#6145),.UNSPECIFIED.,.F.,.F.,(9,7,7,7,7,7,7,
    7,7,9),(0.,0.121573004637,0.276894973963,0.393494317267,
    0.537395000273,0.651877854393,0.712880484197,0.775845887234,
    0.874929975053,1.),.UNSPECIFIED.);
#6081 = CARTESIAN_POINT('',(1.333621332455,40.573674153955));
#6082 = CARTESIAN_POINT('',(1.333620843412,40.676393267594));
#6083 = CARTESIAN_POINT('',(1.333563824239,40.779173370718));
#6084 = CARTESIAN_POINT('',(1.333567566726,40.881929574863));
#6085 = CARTESIAN_POINT('',(1.333593791871,40.984670366918));
#6086 = CARTESIAN_POINT('',(1.333613125688,41.087415814895));
#6087 = CARTESIAN_POINT('',(1.333620645364,41.190186369445));
#6088 = CARTESIAN_POINT('',(1.333619489417,41.29298736036));
#6089 = CARTESIAN_POINT('',(1.333610174742,41.526976778296));
#6090 = CARTESIAN_POINT('',(1.333600181078,41.65842098423));
#6091 = CARTESIAN_POINT('',(1.333596417571,41.789739364464));
#6092 = CARTESIAN_POINT('',(1.333617931982,41.920995716501));
#6093 = CARTESIAN_POINT('',(1.333651178848,42.052257470617));
#6094 = CARTESIAN_POINT('',(1.333671445212,42.183590796832));
#6095 = CARTESIAN_POINT('',(1.333673717,42.315044985675));
#6096 = CARTESIAN_POINT('',(1.333652384188,42.544807019171));
#6097 = CARTESIAN_POINT('',(1.333635101353,42.643382515276));
#6098 = CARTESIAN_POINT('',(1.333611313766,42.741935076377));
#6099 = CARTESIAN_POINT('',(1.333585871727,42.840469429031));
#6100 = CARTESIAN_POINT('',(1.333566186377,42.939004314287));
#6101 = CARTESIAN_POINT('',(1.333557108669,43.037557432861));
#6102 = CARTESIAN_POINT('',(1.33355896645,43.136130236626));
#6103 = CARTESIAN_POINT('',(1.333581797852,43.356215782066));
#6104 = CARTESIAN_POINT('',(1.333607183558,43.477946972284));
#6105 = CARTESIAN_POINT('',(1.333640458654,43.599607247325));
#6106 = CARTESIAN_POINT('',(1.333670368235,43.721218155004));
#6107 = CARTESIAN_POINT('',(1.333681287317,43.842824659335));
#6108 = CARTESIAN_POINT('',(1.333673043813,43.964471446523));
#6109 = CARTESIAN_POINT('',(1.333655923793,44.086194470541));
#6110 = CARTESIAN_POINT('',(1.333624843846,44.304518934129));
#6111 = CARTESIAN_POINT('',(1.333610935643,44.401305080555));
#6112 = CARTESIAN_POINT('',(1.333601364576,44.49806372844));
#6113 = CARTESIAN_POINT('',(1.333599931712,44.594797397391));
#6114 = CARTESIAN_POINT('',(1.333607518654,44.69152370317));
#6115 = CARTESIAN_POINT('',(1.333616455956,44.788265358579));
#6116 = CARTESIAN_POINT('',(1.333619654521,44.885032838966));
#6117 = CARTESIAN_POINT('',(1.33361491319,45.033330393514));
#6118 = CARTESIAN_POINT('',(1.333611204718,45.084884481243));
#6119 = CARTESIAN_POINT('',(1.333605762246,45.136442403921));
#6120 = CARTESIAN_POINT('',(1.333599238864,45.188004329337));
#6121 = CARTESIAN_POINT('',(1.333592614469,45.239569340733));
#6122 = CARTESIAN_POINT('',(1.333587195766,45.291135436813));
#6123 = CARTESIAN_POINT('',(1.333584616269,45.342699531735));
#6124 = CARTESIAN_POINT('',(1.333589127759,45.447474266191));
#6125 = CARTESIAN_POINT('',(1.333602431124,45.500693979367));
#6126 = CARTESIAN_POINT('',(1.333616346693,45.553917495914));
#6127 = CARTESIAN_POINT('',(1.333624222648,45.60714488293));
#6128 = CARTESIAN_POINT('',(1.33362315505,45.660375373332));
#6129 = CARTESIAN_POINT('',(1.333613987847,45.713607365862));
#6130 = CARTESIAN_POINT('',(1.333601312865,45.766838425088));
#6131 = CARTESIAN_POINT('',(1.333581127779,45.903824524575));
#6132 = CARTESIAN_POINT('',(1.333579218457,45.987585557408));
#6133 = CARTESIAN_POINT('',(1.33359256722,46.07133693265));
#6134 = CARTESIAN_POINT('',(1.333609399926,46.155084211885));
#6135 = CARTESIAN_POINT('',(1.333619094997,46.238840489283));
#6136 = CARTESIAN_POINT('',(1.333620121868,46.322614377966));
#6137 = CARTESIAN_POINT('',(1.333618165828,46.406395458997));
#6138 = CARTESIAN_POINT('',(1.333609735323,46.595841156062));
#6139 = CARTESIAN_POINT('',(1.333602921126,46.701609289989));
#6140 = CARTESIAN_POINT('',(1.33360003566,46.807339188482));
#6141 = CARTESIAN_POINT('',(1.333609189854,46.913042091974));
#6142 = CARTESIAN_POINT('',(1.333628054251,47.01874630524));
#6143 = CARTESIAN_POINT('',(1.333647676265,47.124479465251));
#6144 = CARTESIAN_POINT('',(1.333661172891,47.230250266187));
#6145 = CARTESIAN_POINT('',(1.333665844806,47.335950248516));
#6146 = ( GEOMETRIC_REPRESENTATION_CONTEXT(2) 
PARAMETRIC_REPRESENTATION_CONTEXT() REPRESENTATION_CONTEXT('2D SPACE',''
  ) );
#6147 = PCURVE('',#3907,#6148);
#6148 = DEFINITIONAL_REPRESENTATION('',(#6149),#6215);
#6149 = B_SPLINE_CURVE_WITH_KNOTS('',8,(#6150,#6151,#6152,#6153,#6154,
    #6155,#6156,#6157,#6158,#6159,#6160,#6161,#6162,#6163,#6164,#6165,
    #6166,#6167,#6168,#6169,#6170,#6171,#6172,#6173,#6174,#6175,#6176,
    #6177,#6178,#6179,#6180,#6181,#6182,#6183,#6184,#6185,#6186,#6187,
    #6188,#6189,#6190,#6191,#6192,#6193,#6194,#6195,#6196,#6197,#6198,
    #6199,#6200,#6201,#6202,#6203,#6204,#6205,#6206,#6207,#6208,#6209,
    #6210,#6211,#6212,#6213,#6214),.UNSPECIFIED.,.F.,.F.,(9,7,7,7,7,7,7,
    7,7,9),(0.,0.121573004637,0.276894973963,0.393494317267,
    0.537395000273,0.651877854393,0.712880484197,0.775845887234,
    0.874929975053,1.),.UNSPECIFIED.);
#6150 = CARTESIAN_POINT('',(0.,-13.38235272851));
#6151 = CARTESIAN_POINT('',(-9.544170954599E-02,-13.42032723689));
#6152 = CARTESIAN_POINT('',(-0.190945333938,-13.45828712512));
#6153 = CARTESIAN_POINT('',(-0.286424757673,-13.4962784343));
#6154 = CARTESIAN_POINT('',(-0.381885495976,-13.5342789082));
#6155 = CARTESIAN_POINT('',(-0.477348505487,-13.57227651536));
#6156 = CARTESIAN_POINT('',(-0.572834493758,-13.61027556099));
#6157 = CARTESIAN_POINT('',(-0.668349568372,-13.64828010075));
#6158 = CARTESIAN_POINT('',(-0.885757778645,-13.7347792986));
#6159 = CARTESIAN_POINT('',(-1.007889280107,-13.78336729733));
#6160 = CARTESIAN_POINT('',(-1.129906439614,-13.83191290204));
#6161 = CARTESIAN_POINT('',(-1.251867225704,-13.88045231862));
#6162 = CARTESIAN_POINT('',(-1.373831483273,-13.92900151124));
#6163 = CARTESIAN_POINT('',(-1.495860673789,-13.97756858412));
#6164 = CARTESIAN_POINT('',(-1.618001136848,-14.02616843421));
#6165 = CARTESIAN_POINT('',(-1.831483563119,-14.11109687012));
#6166 = CARTESIAN_POINT('',(-1.923074367946,-14.14752859066));
#6167 = CARTESIAN_POINT('',(-2.014643932992,-14.18394752407));
#6168 = CARTESIAN_POINT('',(-2.106196937079,-14.22035862589));
#6169 = CARTESIAN_POINT('',(-2.197750881418,-14.25677372886));
#6170 = CARTESIAN_POINT('',(-2.289321995876,-14.29320258852));
#6171 = CARTESIAN_POINT('',(-2.38091138473,-14.32964596095));
#6172 = CARTESIAN_POINT('',(-2.58540453763,-14.41102620088));
#6173 = CARTESIAN_POINT('',(-2.698511185028,-14.45604674846));
#6174 = CARTESIAN_POINT('',(-2.811551399993,-14.50104630514));
#6175 = CARTESIAN_POINT('',(-2.924545118543,-14.5460253929));
#6176 = CARTESIAN_POINT('',(-3.037534688528,-14.59099029587));
#6177 = CARTESIAN_POINT('',(-3.150562729389,-14.63595741451));
#6178 = CARTESIAN_POINT('',(-3.263662775006,-14.68094683945));
#6179 = CARTESIAN_POINT('',(-3.466522145132,-14.76164036663));
#6180 = CARTESIAN_POINT('',(-3.556452841504,-14.79741279195));
#6181 = CARTESIAN_POINT('',(-3.646358173096,-14.83317791363));
#6182 = CARTESIAN_POINT('',(-3.736239977888,-14.86893917787));
#6183 = CARTESIAN_POINT('',(-3.826113918021,-14.90470368312));
#6184 = CARTESIAN_POINT('',(-3.91600058078,-14.94047475844));
#6185 = CARTESIAN_POINT('',(-4.005910108033,-14.97625159609));
#6186 = CARTESIAN_POINT('',(-4.143697300975,-15.03107375902));
#6187 = CARTESIAN_POINT('',(-4.191597440823,-15.0501307493));
#6188 = CARTESIAN_POINT('',(-4.23950123109,-15.06918801606));
#6189 = CARTESIAN_POINT('',(-4.287409002193,-15.08824605381));
#6190 = CARTESIAN_POINT('',(-4.335320033109,-15.10730517085));
#6191 = CARTESIAN_POINT('',(-4.38323255137,-15.12636548928));
#6192 = CARTESIAN_POINT('',(-4.431143733062,-15.14542694491));
#6193 = CARTESIAN_POINT('',(-4.528497057874,-15.18416496497));
#6194 = CARTESIAN_POINT('',(-4.577947574922,-15.20384898703));
#6195 = CARTESIAN_POINT('',(-4.627401685114,-15.22353479324));
#6196 = CARTESIAN_POINT('',(-4.676859208807,-15.24321800463));
#6197 = CARTESIAN_POINT('',(-4.726319355575,-15.26289642356));
#6198 = CARTESIAN_POINT('',(-4.775780724209,-15.28257003379));
#6199 = CARTESIAN_POINT('',(-4.825241302721,-15.30224100037));
#6200 = CARTESIAN_POINT('',(-4.952525622698,-15.35287112268));
#6201 = CARTESIAN_POINT('',(-5.030353879894,-15.38383618654));
#6202 = CARTESIAN_POINT('',(-5.108171186587,-15.41480777616));
#6203 = CARTESIAN_POINT('',(-5.185983063562,-15.44578014064));
#6204 = CARTESIAN_POINT('',(-5.26380265097,-15.47675109128));
#6205 = CARTESIAN_POINT('',(-5.341638814871,-15.50772280307));
#6206 = CARTESIAN_POINT('',(-5.419482315101,-15.53869518989));
#6207 = CARTESIAN_POINT('',(-5.595503719538,-15.60872725622));
#6208 = CARTESIAN_POINT('',(-5.693778265086,-15.64782497787));
#6209 = CARTESIAN_POINT('',(-5.792018817657,-15.68691116353));
#6210 = CARTESIAN_POINT('',(-5.890235181459,-15.72599534335));
#6211 = CARTESIAN_POINT('',(-5.988452640116,-15.76508644236));
#6212 = CARTESIAN_POINT('',(-6.086696199868,-15.80418875209));
#6213 = CARTESIAN_POINT('',(-6.184973958857,-15.84330092936));
#6214 = CARTESIAN_POINT('',(-6.28318530718,-15.88238108752));
#6215 = ( GEOMETRIC_REPRESENTATION_CONTEXT(2) 
PARAMETRIC_REPRESENTATION_CONTEXT() REPRESENTATION_CONTEXT('2D SPACE',''
  ) );
#6216 = ORIENTED_EDGE('',*,*,#6217,.T.);
#6217 = EDGE_CURVE('',#6009,#6218,#6220,.T.);
#6218 = VERTEX_POINT('',#6219);
#6219 = CARTESIAN_POINT('',(11.1,0.,18.382383319483));
#6220 = SURFACE_CURVE('',#6221,(#6287,#6356),.PCURVE_S1.);
#6221 = B_SPLINE_CURVE_WITH_KNOTS('',8,(#6222,#6223,#6224,#6225,#6226,
    #6227,#6228,#6229,#6230,#6231,#6232,#6233,#6234,#6235,#6236,#6237,
    #6238,#6239,#6240,#6241,#6242,#6243,#6244,#6245,#6246,#6247,#6248,
    #6249,#6250,#6251,#6252,#6253,#6254,#6255,#6256,#6257,#6258,#6259,
    #6260,#6261,#6262,#6263,#6264,#6265,#6266,#6267,#6268,#6269,#6270,
    #6271,#6272,#6273,#6274,#6275,#6276,#6277,#6278,#6279,#6280,#6281,
    #6282,#6283,#6284,#6285,#6286),.UNSPECIFIED.,.F.,.F.,(9,7,7,7,7,7,7,
    7,7,9),(0.,0.120627098424,0.257369040847,0.355924497797,
    0.467694830359,0.566786814472,0.664628277359,0.789822640865,
    0.893435435536,1.),.UNSPECIFIED.);
#6222 = CARTESIAN_POINT('',(11.1,0.,15.882381087528));
#6223 = CARTESIAN_POINT('',(11.1,1.05131765763,15.92006930691));
#6224 = CARTESIAN_POINT('',(10.98620138133,2.103107320537,15.95776921354
    ));
#6225 = CARTESIAN_POINT('',(10.758425726825,3.140237992723,
    15.995452032637));
#6226 = CARTESIAN_POINT('',(10.419129709323,4.148418406168,
    16.033122327806));
#6227 = CARTESIAN_POINT('',(9.972596873461,5.113999912405,
    16.070793324773));
#6228 = CARTESIAN_POINT('',(9.425050181905,6.024041250405,
    16.108477807216));
#6229 = CARTESIAN_POINT('',(8.784565415764,6.86634300503,16.146179580266
    ));
#6230 = CARTESIAN_POINT('',(7.242725747834,8.495481864808,
    16.226580142734));
#6231 = CARTESIAN_POINT('',(6.316655918593,9.261245186107,
    16.269341092972));
#6232 = CARTESIAN_POINT('',(5.298882865327,9.91056079934,16.312090145243
    ));
#6233 = CARTESIAN_POINT('',(4.20674211485,10.431280232738,
    16.354834241772));
#6234 = CARTESIAN_POINT('',(3.058834239973,10.813975057097,
    16.397578689657));
#6235 = CARTESIAN_POINT('',(1.875102877442,11.052414362443,
    16.440330040493));
#6236 = CARTESIAN_POINT('',(0.676671978315,11.143255334644,
    16.483092273502));
#6237 = CARTESIAN_POINT('',(-1.371647580649,11.048359089362,
    16.556584257477));
#6238 = CARTESIAN_POINT('',(-2.226341526423,10.932730668851,
    16.587372617532));
#6239 = CARTESIAN_POINT('',(-3.069617482271,10.741524456263,
    16.618156788481));
#6240 = CARTESIAN_POINT('',(-3.893686750455,10.476142212564,
    16.648938178378));
#6241 = CARTESIAN_POINT('',(-4.691064809551,10.138884552974,
    16.679722867569));
#6242 = CARTESIAN_POINT('',(-5.45455837587,9.732888374699,
    16.710515308838));
#6243 = CARTESIAN_POINT('',(-6.177310006028,9.262201743267,
    16.741312538699));
#6244 = CARTESIAN_POINT('',(-7.619077452383,8.130697765088,
    16.807013271175));
#6245 = CARTESIAN_POINT('',(-8.325317492204,7.452285535848,
    16.841946242313));
#6246 = CARTESIAN_POINT('',(-8.962020449891,6.704090061552,
    16.876872191477));
#6247 = CARTESIAN_POINT('',(-9.521301677942,5.89459528177,
    16.911787898623));
#6248 = CARTESIAN_POINT('',(-9.996534895795,5.033076322663,
    16.946695666868));
#6249 = CARTESIAN_POINT('',(-10.38239106064,4.129588120367,
    16.98160355777));
#6250 = CARTESIAN_POINT('',(-10.67479991911,3.194923907465,
    17.016529302636));
#6251 = CARTESIAN_POINT('',(-11.04580039723,1.395035912678,
    17.082412928046));
#6252 = CARTESIAN_POINT('',(-11.14501039106,0.533344547863,
    17.113381519835));
#6253 = CARTESIAN_POINT('',(-11.16728569803,-0.336033011463,
    17.144437103035));
#6254 = CARTESIAN_POINT('',(-11.11206039731,-1.205042026527,
    17.175273843366));
#6255 = CARTESIAN_POINT('',(-10.97971577666,-2.065680282414,
    17.206279092718));
#6256 = CARTESIAN_POINT('',(-10.77159127837,-2.910083739162,
    17.23723717352));
#6257 = CARTESIAN_POINT('',(-10.48996222926,-3.730493659858,
    17.268215305253));
#6258 = CARTESIAN_POINT('',(-9.791137041386,-5.298190140341,
    17.329754800749));
#6259 = CARTESIAN_POINT('',(-9.375436575999,-6.046850852644,
    17.360340646897));
#6260 = CARTESIAN_POINT('',(-8.89444563677,-6.757867920665,
    17.390918447596));
#6261 = CARTESIAN_POINT('',(-8.352275872104,-7.424605524941,
    17.42148471083));
#6262 = CARTESIAN_POINT('',(-7.753711513307,-8.041093076813,
    17.452044982994));
#6263 = CARTESIAN_POINT('',(-7.104131685046,-8.601967442546,
    17.482607519982));
#6264 = CARTESIAN_POINT('',(-6.409528487295,-9.102495960449,
    17.513177570672));
#6265 = CARTESIAN_POINT('',(-4.738706274993,-10.09681962791,
    17.582874410816));
#6266 = CARTESIAN_POINT('',(-3.737401387795,-10.54999699492,
    17.622030945241));
#6267 = CARTESIAN_POINT('',(-2.687282005262,-10.88913036417,
    17.661182391284));
#6268 = CARTESIAN_POINT('',(-1.603668994465,-11.10848803899,
    17.700328545009));
#6269 = CARTESIAN_POINT('',(-0.502241103441,-11.20457730305,
    17.739471688006));
#6270 = CARTESIAN_POINT('',(0.600972859305,-11.17630732193,
    17.778616490952));
#6271 = CARTESIAN_POINT('',(1.68966709543,-11.02480221731,
    17.817766164859));
#6272 = CARTESIAN_POINT('',(3.622341947916,-10.53112409716,
    17.889249940709));
#6273 = CARTESIAN_POINT('',(4.476954854633,-10.22607568985,
    17.92162569335));
#6274 = CARTESIAN_POINT('',(5.301847899634,-9.841925350373,
    17.953995612403));
#6275 = CARTESIAN_POINT('',(6.088462533538,-9.382085851235,
    17.986361679136));
#6276 = CARTESIAN_POINT('',(6.828852874709,-8.850988846876,
    18.01873173051));
#6277 = CARTESIAN_POINT('',(7.51571462074,-8.254080773481,
    18.051112385819));
#6278 = CARTESIAN_POINT('',(8.142413959948,-7.59781874885,
    18.083501973328));
#6279 = CARTESIAN_POINT('',(9.27958971285,-6.161340022156,
    18.149187439353));
#6280 = CARTESIAN_POINT('',(9.786734832558,-5.377575531523,
    18.18250914791));
#6281 = CARTESIAN_POINT('',(10.217888558304,-4.546476980887,
    18.215830482365));
#6282 = CARTESIAN_POINT('',(10.568023138874,-3.676737395933,
    18.249146479187));
#6283 = CARTESIAN_POINT('',(10.833335237089,-2.777495762193,
    18.282459579294));
#6284 = CARTESIAN_POINT('',(11.011144240326,-1.858271331525,
    18.315773421581));
#6285 = CARTESIAN_POINT('',(11.1,-0.928975320403,18.349086162182));
#6286 = CARTESIAN_POINT('',(11.1,1.06581410364E-14,18.382383319483));
#6287 = PCURVE('',#531,#6288);
#6288 = DEFINITIONAL_REPRESENTATION('',(#6289),#6355);
#6289 = B_SPLINE_CURVE_WITH_KNOTS('',8,(#6290,#6291,#6292,#6293,#6294,
    #6295,#6296,#6297,#6298,#6299,#6300,#6301,#6302,#6303,#6304,#6305,
    #6306,#6307,#6308,#6309,#6310,#6311,#6312,#6313,#6314,#6315,#6316,
    #6317,#6318,#6319,#6320,#6321,#6322,#6323,#6324,#6325,#6326,#6327,
    #6328,#6329,#6330,#6331,#6332,#6333,#6334,#6335,#6336,#6337,#6338,
    #6339,#6340,#6341,#6342,#6343,#6344,#6345,#6346,#6347,#6348,#6349,
    #6350,#6351,#6352,#6353,#6354),.UNSPECIFIED.,.F.,.F.,(9,7,7,7,7,7,7,
    7,7,9),(0.,0.120627098424,0.257369040847,0.355924497797,
    0.467694830359,0.566786814472,0.664628277359,0.789822640865,
    0.893435435536,1.),.UNSPECIFIED.);
#6290 = CARTESIAN_POINT('',(1.333665844806,47.335950248516));
#6291 = CARTESIAN_POINT('',(1.333670350319,47.43788545835));
#6292 = CARTESIAN_POINT('',(1.333666641012,47.539866980065));
#6293 = CARTESIAN_POINT('',(1.333652248745,47.641821405667));
#6294 = CARTESIAN_POINT('',(1.333628092346,47.743759442521));
#6295 = CARTESIAN_POINT('',(1.333600710198,47.84570516673));
#6296 = CARTESIAN_POINT('',(1.33357836478,47.947678367554));
#6297 = CARTESIAN_POINT('',(1.333565535205,48.049681315737));
#6298 = CARTESIAN_POINT('',(1.333559969889,48.267167745332));
#6299 = CARTESIAN_POINT('',(1.333570146881,48.38281415399));
#6300 = CARTESIAN_POINT('',(1.3335944549,48.498403083069));
#6301 = CARTESIAN_POINT('',(1.333627792582,48.613962430461));
#6302 = CARTESIAN_POINT('',(1.333656924174,48.729530233192));
#6303 = CARTESIAN_POINT('',(1.333671415664,48.845142890597));
#6304 = CARTESIAN_POINT('',(1.333671739855,48.9608103327));
#6305 = CARTESIAN_POINT('',(1.333656530885,49.15962681835));
#6306 = CARTESIAN_POINT('',(1.333645465728,49.242926394815));
#6307 = CARTESIAN_POINT('',(1.333631288747,49.32622021715));
#6308 = CARTESIAN_POINT('',(1.333617719781,49.409505441658));
#6309 = CARTESIAN_POINT('',(1.333608182526,49.492792390569));
#6310 = CARTESIAN_POINT('',(1.333604296202,49.576090209152));
#6311 = CARTESIAN_POINT('',(1.333605291891,49.659392251618));
#6312 = CARTESIAN_POINT('',(1.333611825709,49.837095313134));
#6313 = CARTESIAN_POINT('',(1.333618036646,49.931574837393));
#6314 = CARTESIAN_POINT('',(1.333623295842,50.026037054239));
#6315 = CARTESIAN_POINT('',(1.333621687352,50.120483820931));
#6316 = CARTESIAN_POINT('',(1.333608308034,50.214930120666));
#6317 = CARTESIAN_POINT('',(1.333586574361,50.309391633977));
#6318 = CARTESIAN_POINT('',(1.333580612839,50.403873176064));
#6319 = CARTESIAN_POINT('',(1.333596360807,50.582054235621));
#6320 = CARTESIAN_POINT('',(1.333596500936,50.665821196546));
#6321 = CARTESIAN_POINT('',(1.333729294522,50.749586466526));
#6322 = CARTESIAN_POINT('',(1.333527957733,50.833359349766));
#6323 = CARTESIAN_POINT('',(1.333596356857,50.917101308855));
#6324 = CARTESIAN_POINT('',(1.333576644664,51.000876271027));
#6325 = CARTESIAN_POINT('',(1.333588595534,51.084647680625));
#6326 = CARTESIAN_POINT('',(1.333607963774,51.251071720097));
#6327 = CARTESIAN_POINT('',(1.333618170728,51.33378539489));
#6328 = CARTESIAN_POINT('',(1.333623030494,51.416486922574));
#6329 = CARTESIAN_POINT('',(1.333620245432,51.499170960606));
#6330 = CARTESIAN_POINT('',(1.333613394163,51.581846091619));
#6331 = CARTESIAN_POINT('',(1.333607645505,51.664525383201));
#6332 = CARTESIAN_POINT('',(1.333605235751,51.747219021135));
#6333 = CARTESIAN_POINT('',(1.333609259974,51.935735685672));
#6334 = CARTESIAN_POINT('',(1.333618312426,52.041634478791));
#6335 = CARTESIAN_POINT('',(1.333635535645,52.14750486115));
#6336 = CARTESIAN_POINT('',(1.333657036371,52.253353248018));
#6337 = CARTESIAN_POINT('',(1.333672247169,52.359204733439));
#6338 = CARTESIAN_POINT('',(1.333675294268,52.465082475107));
#6339 = CARTESIAN_POINT('',(1.333666792852,52.570994066617));
#6340 = CARTESIAN_POINT('',(1.333637597877,52.764403574862));
#6341 = CARTESIAN_POINT('',(1.333619109175,52.852010203502));
#6342 = CARTESIAN_POINT('',(1.333598023168,52.939605711481));
#6343 = CARTESIAN_POINT('',(1.333578233718,53.027188489224));
#6344 = CARTESIAN_POINT('',(1.333563722172,53.114772607437));
#6345 = CARTESIAN_POINT('',(1.33355742176,53.202370717497));
#6346 = CARTESIAN_POINT('',(1.333560081992,53.289976951839));
#6347 = CARTESIAN_POINT('',(1.33357844197,53.467617513825));
#6348 = CARTESIAN_POINT('',(1.333594689467,53.557720729054));
#6349 = CARTESIAN_POINT('',(1.33361624605,53.647813422901));
#6350 = CARTESIAN_POINT('',(1.333638572687,53.737890289591));
#6351 = CARTESIAN_POINT('',(1.333656795659,53.827966653317));
#6352 = CARTESIAN_POINT('',(1.33366752317,53.918058429765));
#6353 = CARTESIAN_POINT('',(1.333669903711,54.008162160532));
#6354 = CARTESIAN_POINT('',(1.333665926182,54.098235120444));
#6355 = ( GEOMETRIC_REPRESENTATION_CONTEXT(2) 
PARAMETRIC_REPRESENTATION_CONTEXT() REPRESENTATION_CONTEXT('2D SPACE',''
  ) );
#6356 = PCURVE('',#3737,#6357);
#6357 = DEFINITIONAL_REPRESENTATION('',(#6358),#6424);
#6358 = B_SPLINE_CURVE_WITH_KNOTS('',8,(#6359,#6360,#6361,#6362,#6363,
    #6364,#6365,#6366,#6367,#6368,#6369,#6370,#6371,#6372,#6373,#6374,
    #6375,#6376,#6377,#6378,#6379,#6380,#6381,#6382,#6383,#6384,#6385,
    #6386,#6387,#6388,#6389,#6390,#6391,#6392,#6393,#6394,#6395,#6396,
    #6397,#6398,#6399,#6400,#6401,#6402,#6403,#6404,#6405,#6406,#6407,
    #6408,#6409,#6410,#6411,#6412,#6413,#6414,#6415,#6416,#6417,#6418,
    #6419,#6420,#6421,#6422,#6423),.UNSPECIFIED.,.F.,.F.,(9,7,7,7,7,7,7,
    7,7,9),(0.,0.120627098424,0.257369040847,0.355924497797,
    0.467694830359,0.566786814472,0.664628277359,0.789822640865,
    0.893435435536,1.),.UNSPECIFIED.);
#6359 = CARTESIAN_POINT('',(0.,-15.88238108752));
#6360 = CARTESIAN_POINT('',(-9.471330248923E-02,-15.92006930691));
#6361 = CARTESIAN_POINT('',(-0.189469073483,-15.95776921354));
#6362 = CARTESIAN_POINT('',(-0.284199278786,-15.99545203263));
#6363 = CARTESIAN_POINT('',(-0.378914259473,-16.0331223278));
#6364 = CARTESIAN_POINT('',(-0.47363679342,-16.07079332477));
#6365 = CARTESIAN_POINT('',(-0.568385294852,-16.10847780721));
#6366 = CARTESIAN_POINT('',(-0.663161691762,-16.14617958026));
#6367 = CARTESIAN_POINT('',(-0.86524006936,-16.22658014273));
#6368 = CARTESIAN_POINT('',(-0.972693447918,-16.26934109297));
#6369 = CARTESIAN_POINT('',(-1.08009317396,-16.31209014524));
#6370 = CARTESIAN_POINT('',(-1.187464822417,-16.35483424177));
#6371 = CARTESIAN_POINT('',(-1.294843673596,-16.39757868965));
#6372 = CARTESIAN_POINT('',(-1.40226426178,-16.44033004049));
#6373 = CARTESIAN_POINT('',(-1.509736396267,-16.4830922735));
#6374 = CARTESIAN_POINT('',(-1.694467621188,-16.55658425747));
#6375 = CARTESIAN_POINT('',(-1.771866201378,-16.58737261753));
#6376 = CARTESIAN_POINT('',(-1.849259900851,-16.61815678848));
#6377 = CARTESIAN_POINT('',(-1.92664601205,-16.64893817837));
#6378 = CARTESIAN_POINT('',(-2.004033874598,-16.67972286756));
#6379 = CARTESIAN_POINT('',(-2.081431592435,-16.71051530883));
#6380 = CARTESIAN_POINT('',(-2.158832604745,-16.74131253869));
#6381 = CARTESIAN_POINT('',(-2.323945759532,-16.80701327117));
#6382 = CARTESIAN_POINT('',(-2.411730627431,-16.84194624231));
#6383 = CARTESIAN_POINT('',(-2.499498236104,-16.87687219147));
#6384 = CARTESIAN_POINT('',(-2.587250502408,-16.91178789862));
#6385 = CARTESIAN_POINT('',(-2.675002109166,-16.94669566686));
#6386 = CARTESIAN_POINT('',(-2.762769324415,-16.98160355777));
#6387 = CARTESIAN_POINT('',(-2.850557691398,-17.01652930263));
#6388 = CARTESIAN_POINT('',(-3.016118624102,-17.08241292804));
#6389 = CARTESIAN_POINT('',(-3.093954459225,-17.11338151983));
#6390 = CARTESIAN_POINT('',(-3.171786981751,-17.14443710303));
#6391 = CARTESIAN_POINT('',(-3.24961503571,-17.17527384336));
#6392 = CARTESIAN_POINT('',(-3.327442421806,-17.20627909271));
#6393 = CARTESIAN_POINT('',(-3.405275933422,-17.23723717352));
#6394 = CARTESIAN_POINT('',(-3.483113424347,-17.26821530525));
#6395 = CARTESIAN_POINT('',(-3.637744053354,-17.32975480074));
#6396 = CARTESIAN_POINT('',(-3.714595382395,-17.36034064689));
#6397 = CARTESIAN_POINT('',(-3.791435017316,-17.39091844759));
#6398 = CARTESIAN_POINT('',(-3.868258851131,-17.42148471083));
#6399 = CARTESIAN_POINT('',(-3.945075342213,-17.45204498299));
#6400 = CARTESIAN_POINT('',(-4.021896664757,-17.48260751998));
#6401 = CARTESIAN_POINT('',(-4.09873207026,-17.51317757067));
#6402 = CARTESIAN_POINT('',(-4.273894786843,-17.58287441081));
#6403 = CARTESIAN_POINT('',(-4.372292793716,-17.62203094524));
#6404 = CARTESIAN_POINT('',(-4.470664567221,-17.66118239128));
#6405 = CARTESIAN_POINT('',(-4.569015239313,-17.70032854501));
#6406 = CARTESIAN_POINT('',(-4.667367732225,-17.739471688));
#6407 = CARTESIAN_POINT('',(-4.765743873202,-17.77861649095));
#6408 = CARTESIAN_POINT('',(-4.864151116812,-17.81776616485));
#6409 = CARTESIAN_POINT('',(-5.043856576388,-17.8892499407));
#6410 = CARTESIAN_POINT('',(-5.125255791584,-17.92162569335));
#6411 = CARTESIAN_POINT('',(-5.206644876522,-17.9539956124));
#6412 = CARTESIAN_POINT('',(-5.288022421136,-17.98636167913));
#6413 = CARTESIAN_POINT('',(-5.369401468455,-18.01873173051));
#6414 = CARTESIAN_POINT('',(-5.450793665038,-18.05111238581));
#6415 = CARTESIAN_POINT('',(-5.532193411415,-18.08350197332));
#6416 = CARTESIAN_POINT('',(-5.697248680415,-18.14918743935));
#6417 = CARTESIAN_POINT('',(-5.780968217933,-18.18250914791));
#6418 = CARTESIAN_POINT('',(-5.864677717915,-18.21583048236));
#6419 = CARTESIAN_POINT('',(-5.948372203576,-18.24914647918));
#6420 = CARTESIAN_POINT('',(-6.032066022117,-18.28245957929));
#6421 = CARTESIAN_POINT('',(-6.115774210998,-18.31577342158));
#6422 = CARTESIAN_POINT('',(-6.199493836873,-18.34908616218));
#6423 = CARTESIAN_POINT('',(-6.28318530718,-18.38238331948));
#6424 = ( GEOMETRIC_REPRESENTATION_CONTEXT(2) 
PARAMETRIC_REPRESENTATION_CONTEXT() REPRESENTATION_CONTEXT('2D SPACE',''
  ) );
#6425 = ORIENTED_EDGE('',*,*,#6426,.T.);
#6426 = EDGE_CURVE('',#6218,#6427,#6429,.T.);
#6427 = VERTEX_POINT('',#6428);
#6428 = CARTESIAN_POINT('',(11.1,0.,20.882352728518));
#6429 = SURFACE_CURVE('',#6430,(#6496,#6565),.PCURVE_S1.);
#6430 = B_SPLINE_CURVE_WITH_KNOTS('',8,(#6431,#6432,#6433,#6434,#6435,
    #6436,#6437,#6438,#6439,#6440,#6441,#6442,#6443,#6444,#6445,#6446,
    #6447,#6448,#6449,#6450,#6451,#6452,#6453,#6454,#6455,#6456,#6457,
    #6458,#6459,#6460,#6461,#6462,#6463,#6464,#6465,#6466,#6467,#6468,
    #6469,#6470,#6471,#6472,#6473,#6474,#6475,#6476,#6477,#6478,#6479,
    #6480,#6481,#6482,#6483,#6484,#6485,#6486,#6487,#6488,#6489,#6490,
    #6491,#6492,#6493,#6494,#6495),.UNSPECIFIED.,.F.,.F.,(9,7,7,7,7,7,7,
    7,7,9),(0.,0.14216228531,0.219170062428,0.304218407724,
    0.428448614215,0.56850834936,0.651729661989,0.755094307014,
    0.867256361943,1.),.UNSPECIFIED.);
#6431 = CARTESIAN_POINT('',(11.1,1.06581410364E-14,18.382383319483));
#6432 = CARTESIAN_POINT('',(11.1,1.238884551299,18.426788518282));
#6433 = CARTESIAN_POINT('',(10.941972961428,2.479279186212,
    18.471239866119));
#6434 = CARTESIAN_POINT('',(10.625247991103,3.695449856033,
    18.515661321856));
#6435 = CARTESIAN_POINT('',(10.154913145024,4.863934857528,
    18.56006706202));
#6436 = CARTESIAN_POINT('',(9.539240653561,5.96278263553,18.604484807661
    ));
#6437 = CARTESIAN_POINT('',(8.790183037337,6.971824632705,
    18.648928717533));
#6438 = CARTESIAN_POINT('',(7.922717778239,7.872479122303,
    18.693399415025));
#6439 = CARTESIAN_POINT('',(6.434198792325,9.06981860326,18.761878267395
    ));
#6440 = CARTESIAN_POINT('',(5.882137030093,9.454368651607,
    18.785934920156));
#6441 = CARTESIAN_POINT('',(5.303949434748,9.800409611524,
    18.809989721202));
#6442 = CARTESIAN_POINT('',(4.702743941161,10.105897171023,
    18.834044445445));
#6443 = CARTESIAN_POINT('',(4.081807770389,10.369103637775,
    18.858100360128));
#6444 = CARTESIAN_POINT('',(3.444607429676,10.588617939101,
    18.882158224833));
#6445 = CARTESIAN_POINT('',(2.794788712451,10.763345621978,
    18.906218291473));
#6446 = CARTESIAN_POINT('',(1.408797411586,11.035158329311,
    18.956854690046));
#6447 = CARTESIAN_POINT('',(0.670361834016,11.122313202253,
    18.983436117486));
#6448 = CARTESIAN_POINT('',(-7.400892206152E-02,11.152973096273,
    19.010017059903));
#6449 = CARTESIAN_POINT('',(-0.819234841636,11.126685157478,
    19.036593123535));
#6450 = CARTESIAN_POINT('',(-1.560277007011,11.043544053673,
    19.063163047572));
#6451 = CARTESIAN_POINT('',(-2.292137597798,10.90419197436,
    19.089728704153));
#6452 = CARTESIAN_POINT('',(-3.009859890922,10.709818630735,
    19.11629509837));
#6453 = CARTESIAN_POINT('',(-4.729073875395,10.10040787022,
    19.181688892663));
#6454 = CARTESIAN_POINT('',(-5.709951197154,9.624648159084,
    19.22053914019));
#6455 = CARTESIAN_POINT('',(-6.635258826817,9.040230391697,
    19.25937356962));
#6456 = CARTESIAN_POINT('',(-7.491187211025,8.355061692551,
    19.298185005201));
#6457 = CARTESIAN_POINT('',(-8.265340136088,7.57869121034,
    19.336992394726));
#6458 = CARTESIAN_POINT('',(-8.94686993838,6.722406379263,
    19.375811286865));
#6459 = CARTESIAN_POINT('',(-9.526408347503,5.799108680642,
    19.414647025629));
#6460 = CARTESIAN_POINT('',(-10.52739474156,3.724756725508,
    19.497217548512));
#6461 = CARTESIAN_POINT('',(-10.92038086219,2.55740966614,
    19.541035987765));
#6462 = CARTESIAN_POINT('',(-11.16453220132,1.343988012906,
    19.584834367303));
#6463 = CARTESIAN_POINT('',(-11.25442004907,0.106859091653,
    19.628611699733));
#6464 = CARTESIAN_POINT('',(-11.18798625726,-1.131631455499,
    19.672373411329));
#6465 = CARTESIAN_POINT('',(-10.96700124039,-2.3491739359,
    19.716136762546));
#6466 = CARTESIAN_POINT('',(-10.59644939015,-3.523594542829,
    19.759920062632));
#6467 = CARTESIAN_POINT('',(-9.784107870675,-5.292206257868,
    19.82965875351));
#6468 = CARTESIAN_POINT('',(-9.432050702743,-5.928867607104,
    19.85565245084));
#6469 = CARTESIAN_POINT('',(-9.032749390548,-6.53858742817,
    19.881648380446));
#6470 = CARTESIAN_POINT('',(-8.588626755663,-7.117274140139,
    19.907647453854));
#6471 = CARTESIAN_POINT('',(-8.102491350531,-7.661150496147,
    19.933649954153));
#6472 = CARTESIAN_POINT('',(-7.57753745847,-8.166753583397,
    19.95965553599));
#6473 = CARTESIAN_POINT('',(-7.017345093667,-8.630934823159,
    19.985663225575));
#6474 = CARTESIAN_POINT('',(-5.691253528732,-9.572426050995,
    20.04397477867));
#6475 = CARTESIAN_POINT('',(-4.908058659373,-10.02597861417,
    20.076290095182));
#6476 = CARTESIAN_POINT('',(-4.083929034701,-10.40601377921,
    20.108602644972));
#6477 = CARTESIAN_POINT('',(-3.226959817925,-10.70834800583,
    20.140911263615));
#6478 = CARTESIAN_POINT('',(-2.345603719604,-10.92986793555,
    20.17321749336));
#6479 = CARTESIAN_POINT('',(-1.448650390439,-11.06846115999,
    20.205523064791));
#6480 = CARTESIAN_POINT('',(-0.545248921402,-11.12313365363,
    20.23782677645));
#6481 = CARTESIAN_POINT('',(1.332008801929,-11.06305318613,
    20.305144688161));
#6482 = CARTESIAN_POINT('',(2.306357897373,-10.93345030441,
    20.34019291004));
#6483 = CARTESIAN_POINT('',(3.265866207255,-10.70571853953,
    20.375233032252));
#6484 = CARTESIAN_POINT('',(4.198984809392,-10.38202360813,
    20.410268092834));
#6485 = CARTESIAN_POINT('',(5.094763123212,-9.966023566115,
    20.445307374394));
#6486 = CARTESIAN_POINT('',(5.942809279779,-9.462702808849,
    20.480358313558));
#6487 = CARTESIAN_POINT('',(6.733355823959,-8.878494822102,
    20.515419896987));
#6488 = CARTESIAN_POINT('',(8.314469240882,-7.444346309935,
    20.591944891661));
#6489 = CARTESIAN_POINT('',(9.079536869493,-6.564306298607,
    20.633456366926));
#6490 = CARTESIAN_POINT('',(9.737169603912,-5.595121458993,
    20.674944977116));
#6491 = CARTESIAN_POINT('',(10.275771546989,-4.552381622098,
    20.716411336682));
#6492 = CARTESIAN_POINT('',(10.686226547458,-3.452879927543,
    20.757865677024));
#6493 = CARTESIAN_POINT('',(10.96222055048,-2.314643695641,
    20.79934072468));
#6494 = CARTESIAN_POINT('',(11.1,-1.156797921249,20.840887079139));
#6495 = CARTESIAN_POINT('',(11.1,-5.329070518201E-15,20.882352728518));
#6496 = PCURVE('',#531,#6497);
#6497 = DEFINITIONAL_REPRESENTATION('',(#6498),#6564);
#6498 = B_SPLINE_CURVE_WITH_KNOTS('',8,(#6499,#6500,#6501,#6502,#6503,
    #6504,#6505,#6506,#6507,#6508,#6509,#6510,#6511,#6512,#6513,#6514,
    #6515,#6516,#6517,#6518,#6519,#6520,#6521,#6522,#6523,#6524,#6525,
    #6526,#6527,#6528,#6529,#6530,#6531,#6532,#6533,#6534,#6535,#6536,
    #6537,#6538,#6539,#6540,#6541,#6542,#6543,#6544,#6545,#6546,#6547,
    #6548,#6549,#6550,#6551,#6552,#6553,#6554,#6555,#6556,#6557,#6558,
    #6559,#6560,#6561,#6562,#6563),.UNSPECIFIED.,.F.,.F.,(9,7,7,7,7,7,7,
    7,7,9),(0.,0.14216228531,0.219170062428,0.304218407724,
    0.428448614215,0.56850834936,0.651729661989,0.755094307014,
    0.867256361943,1.),.UNSPECIFIED.);
#6499 = CARTESIAN_POINT('',(1.333665926182,54.098235120444));
#6500 = CARTESIAN_POINT('',(1.333660621736,54.218356716867));
#6501 = CARTESIAN_POINT('',(1.333643859443,54.338623651157));
#6502 = CARTESIAN_POINT('',(1.333619905501,54.458822617262));
#6503 = CARTESIAN_POINT('',(1.333598608036,54.578974351969));
#6504 = CARTESIAN_POINT('',(1.333596216663,54.699124764073));
#6505 = CARTESIAN_POINT('',(1.333608133913,54.819320366538));
#6506 = CARTESIAN_POINT('',(1.333616911723,54.939594021222));
#6507 = CARTESIAN_POINT('',(1.333617717645,55.124821823379));
#6508 = CARTESIAN_POINT('',(1.333614828315,55.189898102669));
#6509 = CARTESIAN_POINT('',(1.333608898477,55.254974788169));
#6510 = CARTESIAN_POINT('',(1.333600798535,55.320055118181));
#6511 = CARTESIAN_POINT('',(1.333592137309,55.385139646332));
#6512 = CARTESIAN_POINT('',(1.333585262036,55.450226241576));
#6513 = CARTESIAN_POINT('',(1.333583258366,55.515310088192));
#6514 = CARTESIAN_POINT('',(1.333597341094,55.652251775021));
#6515 = CARTESIAN_POINT('',(1.333610140224,55.724129493824));
#6516 = CARTESIAN_POINT('',(1.333618868397,55.796013256324));
#6517 = CARTESIAN_POINT('',(1.333618614684,55.867899836291));
#6518 = CARTESIAN_POINT('',(1.333609036583,55.939786367138));
#6519 = CARTESIAN_POINT('',(1.33359436002,56.011670341919));
#6520 = CARTESIAN_POINT('',(1.333583379353,56.083549613329));
#6521 = CARTESIAN_POINT('',(1.33359833552,56.260407038807));
#6522 = CARTESIAN_POINT('',(1.333616001807,56.365461775062));
#6523 = CARTESIAN_POINT('',(1.333628808084,56.470482512084));
#6524 = CARTESIAN_POINT('',(1.333621882947,56.575476433326));
#6525 = CARTESIAN_POINT('',(1.333610110938,56.680468116023));
#6526 = CARTESIAN_POINT('',(1.333602853373,56.785482836403));
#6527 = CARTESIAN_POINT('',(1.333603822884,56.890528389324));
#6528 = CARTESIAN_POINT('',(1.333619923739,57.113845602738));
#6529 = CARTESIAN_POINT('',(1.333636872774,57.232340285125));
#6530 = CARTESIAN_POINT('',(1.333660065923,57.350769501885));
#6531 = CARTESIAN_POINT('',(1.333679412212,57.469148650134));
#6532 = CARTESIAN_POINT('',(1.333680236084,57.587518691608));
#6533 = CARTESIAN_POINT('',(1.333663874132,57.705923936779));
#6534 = CARTESIAN_POINT('',(1.333638763144,57.824398817738));
#6535 = CARTESIAN_POINT('',(1.333598935222,58.013107092106));
#6536 = CARTESIAN_POINT('',(1.333583853737,58.083444743284));
#6537 = CARTESIAN_POINT('',(1.333571007736,58.153784437142));
#6538 = CARTESIAN_POINT('',(1.333562144369,58.224125511226));
#6539 = CARTESIAN_POINT('',(1.333558285638,58.294466900678));
#6540 = CARTESIAN_POINT('',(1.33355972839,58.364807138234));
#6541 = CARTESIAN_POINT('',(1.333566044321,58.435144354227));
#6542 = CARTESIAN_POINT('',(1.33358854471,58.592831714259));
#6543 = CARTESIAN_POINT('',(1.33360657291,58.680209536445));
#6544 = CARTESIAN_POINT('',(1.333627733479,58.767574260297));
#6545 = CARTESIAN_POINT('',(1.333648016903,58.854929909774));
#6546 = CARTESIAN_POINT('',(1.333663045935,58.942288490645));
#6547 = CARTESIAN_POINT('',(1.333670198681,59.029659379423));
#6548 = CARTESIAN_POINT('',(1.33366985865,59.117038645193));
#6549 = CARTESIAN_POINT('',(1.333657655915,59.299149434339));
#6550 = CARTESIAN_POINT('',(1.333644815934,59.393974733276));
#6551 = CARTESIAN_POINT('',(1.333628015768,59.488785221323));
#6552 = CARTESIAN_POINT('',(1.333612190906,59.583580289839));
#6553 = CARTESIAN_POINT('',(1.333603137945,59.678374677864));
#6554 = CARTESIAN_POINT('',(1.333602829977,59.773184966454));
#6555 = CARTESIAN_POINT('',(1.333607166769,59.868015739315));
#6556 = CARTESIAN_POINT('',(1.333617139631,60.074991320844));
#6557 = CARTESIAN_POINT('',(1.333622898165,60.18726591442));
#6558 = CARTESIAN_POINT('',(1.33362127582,60.299491824337));
#6559 = CARTESIAN_POINT('',(1.333604442574,60.411684688939));
#6560 = CARTESIAN_POINT('',(1.333570802758,60.523875017134));
#6561 = CARTESIAN_POINT('',(1.333553781725,60.636091537933));
#6562 = CARTESIAN_POINT('',(1.333621866455,60.748348754796));
#6563 = CARTESIAN_POINT('',(1.333621332454,60.86051122727));
#6564 = ( GEOMETRIC_REPRESENTATION_CONTEXT(2) 
PARAMETRIC_REPRESENTATION_CONTEXT() REPRESENTATION_CONTEXT('2D SPACE',''
  ) );
#6565 = PCURVE('',#3567,#6566);
#6566 = DEFINITIONAL_REPRESENTATION('',(#6567),#6633);
#6567 = B_SPLINE_CURVE_WITH_KNOTS('',8,(#6568,#6569,#6570,#6571,#6572,
    #6573,#6574,#6575,#6576,#6577,#6578,#6579,#6580,#6581,#6582,#6583,
    #6584,#6585,#6586,#6587,#6588,#6589,#6590,#6591,#6592,#6593,#6594,
    #6595,#6596,#6597,#6598,#6599,#6600,#6601,#6602,#6603,#6604,#6605,
    #6606,#6607,#6608,#6609,#6610,#6611,#6612,#6613,#6614,#6615,#6616,
    #6617,#6618,#6619,#6620,#6621,#6622,#6623,#6624,#6625,#6626,#6627,
    #6628,#6629,#6630,#6631,#6632),.UNSPECIFIED.,.F.,.F.,(9,7,7,7,7,7,7,
    7,7,9),(0.,0.14216228531,0.219170062428,0.304218407724,
    0.428448614215,0.56850834936,0.651729661989,0.755094307014,
    0.867256361943,1.),.UNSPECIFIED.);
#6568 = CARTESIAN_POINT('',(0.,-18.38238331948));
#6569 = CARTESIAN_POINT('',(-0.111611220838,-18.42678851828));
#6570 = CARTESIAN_POINT('',(-0.223358261081,-18.47123986611));
#6571 = CARTESIAN_POINT('',(-0.335043218098,-18.51566132185));
#6572 = CARTESIAN_POINT('',(-0.446685204943,-18.56006706202));
#6573 = CARTESIAN_POINT('',(-0.558325905532,-18.60448480766));
#6574 = CARTESIAN_POINT('',(-0.670006450938,-18.64892871753));
#6575 = CARTESIAN_POINT('',(-0.781757283586,-18.69339941502));
#6576 = CARTESIAN_POINT('',(-0.953857903926,-18.76187826739));
#6577 = CARTESIAN_POINT('',(-1.014321750593,-18.78593492015));
#6578 = CARTESIAN_POINT('',(-1.074785986598,-18.8099897212));
#6579 = CARTESIAN_POINT('',(-1.135253975225,-18.83404444544));
#6580 = CARTESIAN_POINT('',(-1.195726481942,-18.85810036012));
#6581 = CARTESIAN_POINT('',(-1.256201674395,-18.88215822483));
#6582 = CARTESIAN_POINT('',(-1.316675122411,-18.90621829147));
#6583 = CARTESIAN_POINT('',(-1.443917736538,-18.95685469004));
#6584 = CARTESIAN_POINT('',(-1.510704264108,-18.98343611748));
#6585 = CARTESIAN_POINT('',(-1.577496494558,-19.0100170599));
#6586 = CARTESIAN_POINT('',(-1.644291628833,-19.03659312353));
#6587 = CARTESIAN_POINT('',(-1.711086954976,-19.06316304757));
#6588 = CARTESIAN_POINT('',(-1.777879848123,-19.08972870415));
#6589 = CARTESIAN_POINT('',(-1.844667770508,-19.11629509837));
#6590 = CARTESIAN_POINT('',(-2.008994618705,-19.18168889266));
#6591 = CARTESIAN_POINT('',(-2.106604025094,-19.22053914019));
#6592 = CARTESIAN_POINT('',(-2.20418029009,-19.25937356962));
#6593 = CARTESIAN_POINT('',(-2.301732346412,-19.2981850052));
#6594 = CARTESIAN_POINT('',(-2.399284244736,-19.33699239472));
#6595 = CARTESIAN_POINT('',(-2.496859159645,-19.37581128686));
#6596 = CARTESIAN_POINT('',(-2.594463698454,-19.41464702562));
#6597 = CARTESIAN_POINT('',(-2.80196270558,-19.49721754851));
#6598 = CARTESIAN_POINT('',(-2.912064488759,-19.54103598776));
#6599 = CARTESIAN_POINT('',(-3.022104970744,-19.5848343673));
#6600 = CARTESIAN_POINT('',(-3.132097552944,-19.62861169973));
#6601 = CARTESIAN_POINT('',(-3.242080494123,-19.67237341132));
#6602 = CARTESIAN_POINT('',(-3.352095847853,-19.71613676254));
#6603 = CARTESIAN_POINT('',(-3.462176094805,-19.75992006263));
#6604 = CARTESIAN_POINT('',(-3.637513865069,-19.82965875351));
#6605 = CARTESIAN_POINT('',(-3.702868046484,-19.85565245084));
#6606 = CARTESIAN_POINT('',(-3.768224270224,-19.88164838044));
#6607 = CARTESIAN_POINT('',(-3.833581899559,-19.90764745385));
#6608 = CARTESIAN_POINT('',(-3.898939905992,-19.93364995415));
#6609 = CARTESIAN_POINT('',(-3.964296869261,-19.95965553599));
#6610 = CARTESIAN_POINT('',(-4.029650977335,-19.98566322557));
#6611 = CARTESIAN_POINT('',(-4.176166509474,-20.04397477867));
#6612 = CARTESIAN_POINT('',(-4.25735361324,-20.07629009518));
#6613 = CARTESIAN_POINT('',(-4.338528293005,-20.10860264497));
#6614 = CARTESIAN_POINT('',(-4.419694278856,-20.14091126361));
#6615 = CARTESIAN_POINT('',(-4.500862878732,-20.17321749336));
#6616 = CARTESIAN_POINT('',(-4.582043057706,-20.20552306479));
#6617 = CARTESIAN_POINT('',(-4.663231384828,-20.23782677645));
#6618 = CARTESIAN_POINT('',(-4.832440294404,-20.30514468816));
#6619 = CARTESIAN_POINT('',(-4.920548089091,-20.34019291004));
#6620 = CARTESIAN_POINT('',(-5.008642730601,-20.37523303225));
#6621 = CARTESIAN_POINT('',(-5.09672359802,-20.41026809283));
#6622 = CARTESIAN_POINT('',(-5.18480393667,-20.44530737439));
#6623 = CARTESIAN_POINT('',(-5.272898485744,-20.48035831355));
#6624 = CARTESIAN_POINT('',(-5.361011001747,-20.51541989698));
#6625 = CARTESIAN_POINT('',(-5.553321199962,-20.59194489166));
#6626 = CARTESIAN_POINT('',(-5.657639058062,-20.63345636692));
#6627 = CARTESIAN_POINT('',(-5.761910208464,-20.67494497711));
#6628 = CARTESIAN_POINT('',(-5.866150301849,-20.71641133668));
#6629 = CARTESIAN_POINT('',(-5.970389650113,-20.75786567702));
#6630 = CARTESIAN_POINT('',(-6.074658971579,-20.79934072468));
#6631 = CARTESIAN_POINT('',(-6.178969278238,-20.84088707913));
#6632 = CARTESIAN_POINT('',(-6.28318530718,-20.88235272851));
#6633 = ( GEOMETRIC_REPRESENTATION_CONTEXT(2) 
PARAMETRIC_REPRESENTATION_CONTEXT() REPRESENTATION_CONTEXT('2D SPACE',''
  ) );
#6634 = ORIENTED_EDGE('',*,*,#6635,.T.);
#6635 = EDGE_CURVE('',#6427,#6636,#6638,.T.);
#6636 = VERTEX_POINT('',#6637);
#6637 = CARTESIAN_POINT('',(11.1,0.,23.382381087528));
#6638 = SURFACE_CURVE('',#6639,(#6705,#6774),.PCURVE_S1.);
#6639 = B_SPLINE_CURVE_WITH_KNOTS('',8,(#6640,#6641,#6642,#6643,#6644,
    #6645,#6646,#6647,#6648,#6649,#6650,#6651,#6652,#6653,#6654,#6655,
    #6656,#6657,#6658,#6659,#6660,#6661,#6662,#6663,#6664,#6665,#6666,
    #6667,#6668,#6669,#6670,#6671,#6672,#6673,#6674,#6675,#6676,#6677,
    #6678,#6679,#6680,#6681,#6682,#6683,#6684,#6685,#6686,#6687,#6688,
    #6689,#6690,#6691,#6692,#6693,#6694,#6695,#6696,#6697,#6698,#6699,
    #6700,#6701,#6702,#6703,#6704),.UNSPECIFIED.,.F.,.F.,(9,7,7,7,7,7,7,
    7,7,9),(0.,0.111014412459,0.222205246484,0.384340026208,
    0.538756146905,0.668509829468,0.736681443944,0.830743386015,
    0.9204000034,1.),.UNSPECIFIED.);
#6640 = CARTESIAN_POINT('',(11.1,-5.329070518201E-15,20.882352728518));
#6641 = CARTESIAN_POINT('',(11.1,0.96711086759,20.917019008089));
#6642 = CARTESIAN_POINT('',(11.003701051152,1.934696219531,
    20.951669581413));
#6643 = CARTESIAN_POINT('',(10.810937966668,2.890953789707,
    20.986343518849));
#6644 = CARTESIAN_POINT('',(10.523446567429,3.824671877236,
    21.021029725772));
#6645 = CARTESIAN_POINT('',(10.144332373565,4.725118712333,
    21.055718038897));
#6646 = CARTESIAN_POINT('',(9.678092084776,5.582066849592,
    21.090408111818));
#6647 = CARTESIAN_POINT('',(9.130564136468,6.385802713512,
    21.125100244426));
#6648 = CARTESIAN_POINT('',(7.887356939184,7.870086056604,
    21.194502576594));
#6649 = CARTESIAN_POINT('',(7.190803753544,8.551199754816,
    21.229248412234));
#6650 = CARTESIAN_POINT('',(6.427367078952,9.161345261694,
    21.263985209127));
#6651 = CARTESIAN_POINT('',(5.605710407629,9.692991723009,
    21.298715870596));
#6652 = CARTESIAN_POINT('',(4.735194952356,10.139930388796,
    21.333448584621));
#6653 = CARTESIAN_POINT('',(3.825854020803,10.497263992352,
    21.368189208303));
#6654 = CARTESIAN_POINT('',(2.888324736618,10.761357050653,
    21.402940245084));
#6655 = CARTESIAN_POINT('',(0.542465392729,11.176437694092,
    21.488355152652));
#6656 = CARTESIAN_POINT('',(-0.887360392066,11.22062349484,
    21.539109006999));
#6657 = CARTESIAN_POINT('',(-2.317244592957,11.054740966724,
    21.589795588068));
#6658 = CARTESIAN_POINT('',(-3.711786529426,10.68177042199,
    21.640436172224));
#6659 = CARTESIAN_POINT('',(-5.037159202691,10.109622686607,
    21.691067953779));
#6660 = CARTESIAN_POINT('',(-6.261884521035,9.353031561074,
    21.741738050754));
#6661 = CARTESIAN_POINT('',(-7.356256452577,8.431629976471,
    21.792479260225));
#6662 = CARTESIAN_POINT('',(-9.189491879716,6.369813798662,
    21.891385355497));
#6663 = CARTESIAN_POINT('',(-9.945820269229,5.238518045444,
    21.939720355223));
#6664 = CARTESIAN_POINT('',(-10.54119651411,4.006023665795,
    21.988023615661));
#6665 = CARTESIAN_POINT('',(-10.961226186,2.699550631828,22.036304019166
    ));
#6666 = CARTESIAN_POINT('',(-11.1959392693,1.347455348081,22.0845696653)
  );
#6667 = CARTESIAN_POINT('',(-11.24104355762,-2.051479337717E-02,
    22.13284131944));
#6668 = CARTESIAN_POINT('',(-11.09660689149,-1.373702884492,
    22.181149293987));
#6669 = CARTESIAN_POINT('',(-10.49856918598,-3.777470307264,
    22.269916839693));
#6670 = CARTESIAN_POINT('',(-10.09749715898,-4.844009818621,
    22.310476745227));
#6671 = CARTESIAN_POINT('',(-9.572746154235,-5.860810617189,
    22.351022965023));
#6672 = CARTESIAN_POINT('',(-8.931947836598,-6.811409670636,
    22.391564174135));
#6673 = CARTESIAN_POINT('',(-8.184785538935,-7.680853179144,
    22.432112663202));
#6674 = CARTESIAN_POINT('',(-7.343129934148,-8.455876758461,
    22.472669168145));
#6675 = CARTESIAN_POINT('',(-6.420823514515,-9.124815754711,
    22.513234735625));
#6676 = CARTESIAN_POINT('',(-4.91648471708,-9.969518303373,
    22.575069567428));
#6677 = CARTESIAN_POINT('',(-4.380461211276,-10.22879281489,
    22.596367241568));
#6678 = CARTESIAN_POINT('',(-3.828901653754,-10.45508974971,
    22.617665930652));
#6679 = CARTESIAN_POINT('',(-3.264207943045,-10.64731906703,
    22.638966348411));
#6680 = CARTESIAN_POINT('',(-2.688837387803,-10.80461100219,
    22.660268746516));
#6681 = CARTESIAN_POINT('',(-2.105302706803,-10.92631606674,
    22.681572914587));
#6682 = CARTESIAN_POINT('',(-1.516172028942,-11.01200504838,
    22.702878180187));
#6683 = CARTESIAN_POINT('',(-0.107095857185,-11.12971847841,
    22.753579972141));
#6684 = CARTESIAN_POINT('',(0.715780144347,-11.12900122887,
    22.782959591233));
#6685 = CARTESIAN_POINT('',(1.537538624867,-11.05875853548,
    22.812335241012));
#6686 = CARTESIAN_POINT('',(2.351318626027,-10.91922598948,
    22.841715367607));
#6687 = CARTESIAN_POINT('',(3.150418717618,-10.71143350021,
    22.871103888363));
#6688 = CARTESIAN_POINT('',(3.928296997568,-10.43720529507,
    22.900500191842));
#6689 = CARTESIAN_POINT('',(4.678571091949,-10.09915991956,
    22.92989913782));
#6690 = CARTESIAN_POINT('',(6.07791092531,-9.320921664709,
    22.987306426944));
#6691 = CARTESIAN_POINT('',(6.730316471497,-8.886134665122,
    23.015318950092));
#6692 = CARTESIAN_POINT('',(7.346940061747,-8.399332470895,
    23.043329052275));
#6693 = CARTESIAN_POINT('',(7.922954859112,-7.863967603595,
    23.071337352615));
#6694 = CARTESIAN_POINT('',(8.454001921485,-7.283961873987,
    23.099344663811));
#6695 = CARTESIAN_POINT('',(8.936190201591,-6.663706382024,
    23.127351992134));
#6696 = CARTESIAN_POINT('',(9.366096546997,-6.008061516853,
    23.155360537435));
#6697 = CARTESIAN_POINT('',(10.073408891243,-4.713566638362,
    23.208240888117));
#6698 = CARTESIAN_POINT('',(10.36262359457,-4.080881363019,
    23.233115497843));
#6699 = CARTESIAN_POINT('',(10.606365094543,-3.428057043471,
    23.257993558706));
#6700 = CARTESIAN_POINT('',(10.802997111335,-2.758945210594,
    23.282873309721));
#6701 = CARTESIAN_POINT('',(10.951291800827,-2.077493013456,
    23.307753192529));
#6702 = CARTESIAN_POINT('',(11.050429754614,-1.387743219314,
    23.332631851398));
#6703 = CARTESIAN_POINT('',(11.1,-0.693834213617,23.357508133224));
#6704 = CARTESIAN_POINT('',(11.1,1.59872115546E-14,23.382381087528));
#6705 = PCURVE('',#531,#6706);
#6706 = DEFINITIONAL_REPRESENTATION('',(#6707),#6773);
#6707 = B_SPLINE_CURVE_WITH_KNOTS('',8,(#6708,#6709,#6710,#6711,#6712,
    #6713,#6714,#6715,#6716,#6717,#6718,#6719,#6720,#6721,#6722,#6723,
    #6724,#6725,#6726,#6727,#6728,#6729,#6730,#6731,#6732,#6733,#6734,
    #6735,#6736,#6737,#6738,#6739,#6740,#6741,#6742,#6743,#6744,#6745,
    #6746,#6747,#6748,#6749,#6750,#6751,#6752,#6753,#6754,#6755,#6756,
    #6757,#6758,#6759,#6760,#6761,#6762,#6763,#6764,#6765,#6766,#6767,
    #6768,#6769,#6770,#6771,#6772),.UNSPECIFIED.,.F.,.F.,(9,7,7,7,7,7,7,
    7,7,9),(0.,0.111014412459,0.222205246484,0.384340026208,
    0.538756146905,0.668509829468,0.736681443944,0.830743386015,
    0.9204000034,1.),.UNSPECIFIED.);
#6708 = CARTESIAN_POINT('',(1.333621332454,60.86051122727));
#6709 = CARTESIAN_POINT('',(1.333620886017,60.954281750256));
#6710 = CARTESIAN_POINT('',(1.33357334044,61.048093552282));
#6711 = CARTESIAN_POINT('',(1.333567867919,61.141893097796));
#6712 = CARTESIAN_POINT('',(1.333585814391,61.235683919612));
#6713 = CARTESIAN_POINT('',(1.333604328512,61.329479474579));
#6714 = CARTESIAN_POINT('',(1.33361547353,61.423293037746));
#6715 = CARTESIAN_POINT('',(1.333618754796,61.517126293361));
#6716 = CARTESIAN_POINT('',(1.333616094188,61.704858243795));
#6717 = CARTESIAN_POINT('',(1.333610128077,61.798853374528));
#6718 = CARTESIAN_POINT('',(1.333602634054,61.892826806328));
#6719 = CARTESIAN_POINT('',(1.333600279217,61.986774439703));
#6720 = CARTESIAN_POINT('',(1.33360702777,62.080711316635));
#6721 = CARTESIAN_POINT('',(1.333620033176,62.174658371529));
#6722 = CARTESIAN_POINT('',(1.333634892958,62.268630257614));
#6723 = CARTESIAN_POINT('',(1.333666020727,62.499614289521));
#6724 = CARTESIAN_POINT('',(1.333679814478,62.636874248));
#6725 = CARTESIAN_POINT('',(1.333676785385,62.773982336686));
#6726 = CARTESIAN_POINT('',(1.333645407642,62.911016761314));
#6727 = CARTESIAN_POINT('',(1.333599420865,63.048053556363));
#6728 = CARTESIAN_POINT('',(1.333567444555,63.185168945007));
#6729 = CARTESIAN_POINT('',(1.333556852714,63.322438426104));
#6730 = CARTESIAN_POINT('',(1.333571323048,63.589944840887));
#6731 = CARTESIAN_POINT('',(1.333594721708,63.720644895391));
#6732 = CARTESIAN_POINT('',(1.333631220887,63.851235635228));
#6733 = CARTESIAN_POINT('',(1.33366837305,63.981763352353));
#6734 = CARTESIAN_POINT('',(1.333683491716,64.112290556537));
#6735 = CARTESIAN_POINT('',(1.333674779214,64.242876653729));
#6736 = CARTESIAN_POINT('',(1.333655841348,64.373579311325));
#6737 = CARTESIAN_POINT('',(1.333621659709,64.61374883375));
#6738 = CARTESIAN_POINT('',(1.333606276156,64.723487336343));
#6739 = CARTESIAN_POINT('',(1.333597684453,64.833176690605));
#6740 = CARTESIAN_POINT('',(1.333600688222,64.942831764262));
#6741 = CARTESIAN_POINT('',(1.333615438912,65.052485516993));
#6742 = CARTESIAN_POINT('',(1.333623948543,65.162172098646));
#6743 = CARTESIAN_POINT('',(1.333619572008,65.271906186869));
#6744 = CARTESIAN_POINT('',(1.333603901167,65.439191861239));
#6745 = CARTESIAN_POINT('',(1.333594889137,65.496816259496));
#6746 = CARTESIAN_POINT('',(1.333586598078,65.554442092029));
#6747 = CARTESIAN_POINT('',(1.333581964173,65.612066038191));
#6748 = CARTESIAN_POINT('',(1.333582524311,65.669686043076));
#6749 = CARTESIAN_POINT('',(1.333588416087,65.727301317521));
#6750 = CARTESIAN_POINT('',(1.333598377802,65.784912338105));
#6751 = CARTESIAN_POINT('',(1.333625437494,65.922008010269));
#6752 = CARTESIAN_POINT('',(1.333614239842,66.001497618521));
#6753 = CARTESIAN_POINT('',(1.333595149672,66.080990583628));
#6754 = CARTESIAN_POINT('',(1.333580914734,66.160486823462));
#6755 = CARTESIAN_POINT('',(1.333578036355,66.23998526203));
#6756 = CARTESIAN_POINT('',(1.333586769447,66.319483829483));
#6757 = CARTESIAN_POINT('',(1.333601122501,66.398979462114));
#6758 = CARTESIAN_POINT('',(1.333616230415,66.554233948212));
#6759 = CARTESIAN_POINT('',(1.333619302012,66.629999826332));
#6760 = CARTESIAN_POINT('',(1.333618708968,66.705765741331));
#6761 = CARTESIAN_POINT('',(1.33361544803,66.78153157677));
#6762 = CARTESIAN_POINT('',(1.333610876111,66.857297095145));
#6763 = CARTESIAN_POINT('',(1.333606710286,66.93306193789));
#6764 = CARTESIAN_POINT('',(1.333605027798,67.00882562538));
#6765 = CARTESIAN_POINT('',(1.333611141075,67.151851409493));
#6766 = CARTESIAN_POINT('',(1.333617296665,67.219124030662));
#6767 = CARTESIAN_POINT('',(1.333625908087,67.286401583623));
#6768 = CARTESIAN_POINT('',(1.333635992146,67.353681064207));
#6769 = CARTESIAN_POINT('',(1.333646407189,67.420960300887));
#6770 = CARTESIAN_POINT('',(1.333655853104,67.488237954775));
#6771 = CARTESIAN_POINT('',(1.33366287132,67.555513519624));
#6772 = CARTESIAN_POINT('',(1.333665844806,67.622787321831));
#6773 = ( GEOMETRIC_REPRESENTATION_CONTEXT(2) 
PARAMETRIC_REPRESENTATION_CONTEXT() REPRESENTATION_CONTEXT('2D SPACE',''
  ) );
#6774 = PCURVE('',#3397,#6775);
#6775 = DEFINITIONAL_REPRESENTATION('',(#6776),#6842);
#6776 = B_SPLINE_CURVE_WITH_KNOTS('',8,(#6777,#6778,#6779,#6780,#6781,
    #6782,#6783,#6784,#6785,#6786,#6787,#6788,#6789,#6790,#6791,#6792,
    #6793,#6794,#6795,#6796,#6797,#6798,#6799,#6800,#6801,#6802,#6803,
    #6804,#6805,#6806,#6807,#6808,#6809,#6810,#6811,#6812,#6813,#6814,
    #6815,#6816,#6817,#6818,#6819,#6820,#6821,#6822,#6823,#6824,#6825,
    #6826,#6827,#6828,#6829,#6830,#6831,#6832,#6833,#6834,#6835,#6836,
    #6837,#6838,#6839,#6840,#6841),.UNSPECIFIED.,.F.,.F.,(9,7,7,7,7,7,7,
    7,7,9),(0.,0.111014412459,0.222205246484,0.384340026208,
    0.538756146905,0.668509829468,0.736681443944,0.830743386015,
    0.9204000034,1.),.UNSPECIFIED.);
#6777 = CARTESIAN_POINT('',(0.,-20.88235272851));
#6778 = CARTESIAN_POINT('',(-8.712710518826E-02,-20.91701900808));
#6779 = CARTESIAN_POINT('',(-0.174296936041,-20.95166958141));
#6780 = CARTESIAN_POINT('',(-0.261454245826,-20.98634351884));
#6781 = CARTESIAN_POINT('',(-0.348600177429,-21.02102972577));
#6782 = CARTESIAN_POINT('',(-0.435748396997,-21.05571803889));
#6783 = CARTESIAN_POINT('',(-0.522912534204,-21.09040811181));
#6784 = CARTESIAN_POINT('',(-0.610095196389,-21.12510024442));
#6785 = CARTESIAN_POINT('',(-0.784522760342,-21.19450257659));
#6786 = CARTESIAN_POINT('',(-0.871857267292,-21.22924841223));
#6787 = CARTESIAN_POINT('',(-0.959172840688,-21.26398520912));
#6788 = CARTESIAN_POINT('',(-1.046465675376,-21.29871587059));
#6789 = CARTESIAN_POINT('',(-1.133749110274,-21.33344858462));
#6790 = CARTESIAN_POINT('',(-1.221041991495,-21.3681892083));
#6791 = CARTESIAN_POINT('',(-1.308357570476,-21.40294024508));
#6792 = CARTESIAN_POINT('',(-1.522979092108,-21.48835515265));
#6793 = CARTESIAN_POINT('',(-1.650514729762,-21.53910900699));
#6794 = CARTESIAN_POINT('',(-1.77790780762,-21.58979558806));
#6795 = CARTESIAN_POINT('',(-1.905231647903,-21.64043617222));
#6796 = CARTESIAN_POINT('',(-2.032558773945,-21.69106795377));
#6797 = CARTESIAN_POINT('',(-2.159959914217,-21.74173805075));
#6798 = CARTESIAN_POINT('',(-2.287504542337,-21.79247926022));
#6799 = CARTESIAN_POINT('',(-2.536059134849,-21.89138535549));
#6800 = CARTESIAN_POINT('',(-2.657499424912,-21.93972035522));
#6801 = CARTESIAN_POINT('',(-2.77883757172,-21.98802361566));
#6802 = CARTESIAN_POINT('',(-2.900116294323,-22.03630401916));
#6803 = CARTESIAN_POINT('',(-3.021394223275,-22.0845696653));
#6804 = CARTESIAN_POINT('',(-3.142728112051,-22.13284131944));
#6805 = CARTESIAN_POINT('',(-3.264171694122,-22.18114929398));
#6806 = CARTESIAN_POINT('',(-3.487328810186,-22.26991683969));
#6807 = CARTESIAN_POINT('',(-3.5892945187,-22.31047674522));
#6808 = CARTESIAN_POINT('',(-3.69121470687,-22.35102296502));
#6809 = CARTESIAN_POINT('',(-3.793102401709,-22.39156417413));
#6810 = CARTESIAN_POINT('',(-3.894987103122,-22.4321126632));
#6811 = CARTESIAN_POINT('',(-3.996900035946,-22.47266916814));
#6812 = CARTESIAN_POINT('',(-4.098856318371,-22.51323473562));
#6813 = CARTESIAN_POINT('',(-4.254286075261,-22.57506956742));
#6814 = CARTESIAN_POINT('',(-4.307826569947,-22.59636724156));
#6815 = CARTESIAN_POINT('',(-4.361368919211,-22.61766593065));
#6816 = CARTESIAN_POINT('',(-4.414910284353,-22.63896634841));
#6817 = CARTESIAN_POINT('',(-4.468448796389,-22.66026874651));
#6818 = CARTESIAN_POINT('',(-4.521983556051,-22.68157291458));
#6819 = CARTESIAN_POINT('',(-4.575514633786,-22.70287818018));
#6820 = CARTESIAN_POINT('',(-4.702900622967,-22.75357997214));
#6821 = CARTESIAN_POINT('',(-4.776760199185,-22.78295959123));
#6822 = CARTESIAN_POINT('',(-4.850622667599,-22.81233524101));
#6823 = CARTESIAN_POINT('',(-4.924487901598,-22.8417153676));
#6824 = CARTESIAN_POINT('',(-4.998354778774,-22.87110388836));
#6825 = CARTESIAN_POINT('',(-5.072221180919,-22.90050019184));
#6826 = CARTESIAN_POINT('',(-5.146083994026,-22.92989913782));
#6827 = CARTESIAN_POINT('',(-5.29033527039,-22.98730642694));
#6828 = CARTESIAN_POINT('',(-5.360731096272,-23.01531895009));
#6829 = CARTESIAN_POINT('',(-5.431127153468,-23.04332905227));
#6830 = CARTESIAN_POINT('',(-5.501523712882,-23.07133735261));
#6831 = CARTESIAN_POINT('',(-5.57192074879,-23.09934466381));
#6832 = CARTESIAN_POINT('',(-5.642317938845,-23.12735199213));
#6833 = CARTESIAN_POINT('',(-5.712714664071,-23.15536053743));
#6834 = CARTESIAN_POINT('',(-5.845609235026,-23.20824088811));
#6835 = CARTESIAN_POINT('',(-5.908116867595,-23.23311549784));
#6836 = CARTESIAN_POINT('',(-5.970629126432,-23.2579935587));
#6837 = CARTESIAN_POINT('',(-6.033143057071,-23.28287330972));
#6838 = CARTESIAN_POINT('',(-6.095656530729,-23.30775319252));
#6839 = CARTESIAN_POINT('',(-6.158168244303,-23.33263185139));
#6840 = CARTESIAN_POINT('',(-6.220677720367,-23.35750813322));
#6841 = CARTESIAN_POINT('',(-6.28318530718,-23.38238108752));
#6842 = ( GEOMETRIC_REPRESENTATION_CONTEXT(2) 
PARAMETRIC_REPRESENTATION_CONTEXT() REPRESENTATION_CONTEXT('2D SPACE',''
  ) );
#6843 = ORIENTED_EDGE('',*,*,#6844,.T.);
#6844 = EDGE_CURVE('',#6636,#6845,#6847,.T.);
#6845 = VERTEX_POINT('',#6846);
#6846 = CARTESIAN_POINT('',(-6.689080599242,-8.858114965208,25.));
#6847 = SURFACE_CURVE('',#6848,(#6893,#6941),.PCURVE_S1.);
#6848 = B_SPLINE_CURVE_WITH_KNOTS('',8,(#6849,#6850,#6851,#6852,#6853,
    #6854,#6855,#6856,#6857,#6858,#6859,#6860,#6861,#6862,#6863,#6864,
    #6865,#6866,#6867,#6868,#6869,#6870,#6871,#6872,#6873,#6874,#6875,
    #6876,#6877,#6878,#6879,#6880,#6881,#6882,#6883,#6884,#6885,#6886,
    #6887,#6888,#6889,#6890,#6891,#6892),.UNSPECIFIED.,.F.,.F.,(9,7,7,7,
    7,7,9),(0.,0.138425225375,0.29110599351,0.418013980507,
    0.567643965837,0.780943671088,1.),.UNSPECIFIED.);
#6849 = CARTESIAN_POINT('',(11.1,1.59872115546E-14,23.382381087528));
#6850 = CARTESIAN_POINT('',(11.100004259597,1.205383472259,
    23.425593054336));
#6851 = CARTESIAN_POINT('',(10.950386438871,2.411956798324,
    23.468837418026));
#6852 = CARTESIAN_POINT('',(10.650732614674,3.596179335108,
    23.512054302451));
#6853 = CARTESIAN_POINT('',(10.205381181052,4.736507846681,
    23.55524247139));
#6854 = CARTESIAN_POINT('',(9.621971544014,5.812794525645,
    23.598430963461));
#6855 = CARTESIAN_POINT('',(8.910946455148,6.806153598529,
    23.641649217735));
#6856 = CARTESIAN_POINT('',(8.086007984109,7.699296515215,
    23.684895690091));
#6857 = CARTESIAN_POINT('',(6.150259095968,9.335508941344,
    23.775764894991));
#6858 = CARTESIAN_POINT('',(5.015819902607,10.056094900768,23.8235070497
    ));
#6859 = CARTESIAN_POINT('',(3.786401004637,10.617554657414,
    23.871231423677));
#6860 = CARTESIAN_POINT('',(2.488362663176,11.006252009904,
    23.918916568503));
#6861 = CARTESIAN_POINT('',(1.149396833953,11.21372256142,
    23.966587261462));
#6862 = CARTESIAN_POINT('',(-0.201884594418,11.235763099767,
    24.014277203542));
#6863 = CARTESIAN_POINT('',(-1.535936212193,11.073341294781,
    24.061986742036));
#6864 = CARTESIAN_POINT('',(-3.890683583307,10.454376503534,
    24.149240402223));
#6865 = CARTESIAN_POINT('',(-4.928288571636,10.051601907562,
    24.18887042994));
#6866 = CARTESIAN_POINT('',(-5.917265076723,9.531314065252,
    24.228492582568));
#6867 = CARTESIAN_POINT('',(-6.842291943886,8.900670589785,
    24.268107776887));
#6868 = CARTESIAN_POINT('',(-7.689557171325,8.168881822073,
    24.307728729683));
#6869 = CARTESIAN_POINT('',(-8.446599705231,7.346934066071,
    24.347362662771));
#6870 = CARTESIAN_POINT('',(-9.102552760969,6.447828804779,
    24.386998948126));
#6871 = CARTESIAN_POINT('',(-10.29283311159,4.354883551198,
    24.473315362498));
#6872 = CARTESIAN_POINT('',(-10.78591577402,3.134286916293,
    24.519998743844));
#6873 = CARTESIAN_POINT('',(-11.11236776742,1.851603175736,
    24.56679478024));
#6874 = CARTESIAN_POINT('',(-11.2640091914,0.533535129375,
    24.613565631897));
#6875 = CARTESIAN_POINT('',(-11.23758896414,-0.792881683914,
    24.660236213792));
#6876 = CARTESIAN_POINT('',(-11.03389341801,-2.100489622742,
    24.706900483188));
#6877 = CARTESIAN_POINT('',(-10.65852366209,-3.362115338897,
    24.753690477069));
#6878 = CARTESIAN_POINT('',(-9.362931064237,-6.244767092874,
    24.867001833001));
#6879 = CARTESIAN_POINT('',(-8.27300322047,-7.802312404156,
    24.933972154776));
#6880 = CARTESIAN_POINT('',(-6.889388044369,-9.133627128573,
    25.000627516641));
#6881 = CARTESIAN_POINT('',(-5.270149129146,-10.17942591233,
    25.067235707504));
#6882 = CARTESIAN_POINT('',(-3.48142812892,-10.89801070037,
    25.133896905348));
#6883 = CARTESIAN_POINT('',(-1.595547307309,-11.25937996234,
    25.200633104172));
#6884 = CARTESIAN_POINT('',(0.305419374751,-11.25024358836,
    25.267577341137));
#6885 = CARTESIAN_POINT('',(4.000584032851,-10.52826552268,
    25.402512516436));
#6886 = CARTESIAN_POINT('',(5.812542324685,-9.792446596886,
    25.471278591685));
#6887 = CARTESIAN_POINT('',(7.458243838344,-8.699469767577,
    25.539747833363));
#6888 = CARTESIAN_POINT('',(8.864900372867,-7.300531327599,
    25.60816265923));
#6889 = CARTESIAN_POINT('',(9.968132551746,-5.651748120485,
    25.676647152429));
#6890 = CARTESIAN_POINT('',(10.72526578719,-3.827033699971,
    25.745198331177));
#6891 = CARTESIAN_POINT('',(11.100008126863,-1.907621938377,
    25.814007677958));
#6892 = CARTESIAN_POINT('',(11.1,-3.552713678801E-15,25.882383332828));
#6893 = PCURVE('',#531,#6894);
#6894 = DEFINITIONAL_REPRESENTATION('',(#6895),#6940);
#6895 = B_SPLINE_CURVE_WITH_KNOTS('',8,(#6896,#6897,#6898,#6899,#6900,
    #6901,#6902,#6903,#6904,#6905,#6906,#6907,#6908,#6909,#6910,#6911,
    #6912,#6913,#6914,#6915,#6916,#6917,#6918,#6919,#6920,#6921,#6922,
    #6923,#6924,#6925,#6926,#6927,#6928,#6929,#6930,#6931,#6932,#6933,
    #6934,#6935,#6936,#6937,#6938,#6939),.UNSPECIFIED.,.F.,.F.,(9,7,7,7,
    7,7,9),(0.,0.138425225375,0.29110599351,0.418013980507,
    0.567643965837,0.780943671088,1.),.UNSPECIFIED.);
#6896 = CARTESIAN_POINT('',(1.333665844806,67.622787321831));
#6897 = CARTESIAN_POINT('',(1.33367082121,67.739662933271));
#6898 = CARTESIAN_POINT('',(1.333665911459,67.856643864321));
#6899 = CARTESIAN_POINT('',(1.333644688201,67.973579670921));
#6900 = CARTESIAN_POINT('',(1.333612565697,68.090457330296));
#6901 = CARTESIAN_POINT('',(1.33358074059,68.207335353756));
#6902 = CARTESIAN_POINT('',(1.333560401086,68.324273341658));
#6903 = CARTESIAN_POINT('',(1.333557204547,68.441256980527));
#6904 = CARTESIAN_POINT('',(1.333576057438,68.687016466836));
#6905 = CARTESIAN_POINT('',(1.333600323676,68.816111372013));
#6906 = CARTESIAN_POINT('',(1.333638405741,68.945133438428));
#6907 = CARTESIAN_POINT('',(1.333671240146,69.074058756591));
#6908 = CARTESIAN_POINT('',(1.333683353292,69.202982042855));
#6909 = CARTESIAN_POINT('',(1.333673448233,69.33199679554));
#6910 = CARTESIAN_POINT('',(1.333653341335,69.461082831323));
#6911 = CARTESIAN_POINT('',(1.333620103988,69.697155742008));
#6912 = CARTESIAN_POINT('',(1.33360563245,69.804377378179));
#6913 = CARTESIAN_POINT('',(1.33359792532,69.911565628599));
#6914 = CARTESIAN_POINT('',(1.333602125258,70.018713772543));
#6915 = CARTESIAN_POINT('',(1.333614651267,70.125862601293));
#6916 = CARTESIAN_POINT('',(1.333623909185,70.233052364157));
#6917 = CARTESIAN_POINT('',(1.333619487878,70.340272909534));
#6918 = CARTESIAN_POINT('',(1.333628114867,70.573735629213));
#6919 = CARTESIAN_POINT('',(1.333500933385,70.70023751453));
#6920 = CARTESIAN_POINT('',(1.333588645449,70.826658856873));
#6921 = CARTESIAN_POINT('',(1.33369074477,70.952987341822));
#6922 = CARTESIAN_POINT('',(1.333641902259,71.079315961315));
#6923 = CARTESIAN_POINT('',(1.333537211127,71.205726750966));
#6924 = CARTESIAN_POINT('',(1.33358664484,71.332199464024));
#6925 = CARTESIAN_POINT('',(1.333617775755,71.638641047043));
#6926 = CARTESIAN_POINT('',(1.33365199094,71.819728545219));
#6927 = CARTESIAN_POINT('',(1.333585382125,72.000144840809));
#6928 = CARTESIAN_POINT('',(1.333565289007,72.180350221185));
#6929 = CARTESIAN_POINT('',(1.333622686601,72.360560137483));
#6930 = CARTESIAN_POINT('',(1.333676294301,72.540979665749));
#6931 = CARTESIAN_POINT('',(1.33367822591,72.722054381211));
#6932 = CARTESIAN_POINT('',(1.333638304963,73.087113483081));
#6933 = CARTESIAN_POINT('',(1.333590525503,73.273205008499));
#6934 = CARTESIAN_POINT('',(1.333528048608,73.458520477817));
#6935 = CARTESIAN_POINT('',(1.33350808565,73.643611676149));
#6936 = CARTESIAN_POINT('',(1.33359571889,73.828700247522));
#6937 = CARTESIAN_POINT('',(1.333654821201,74.014018642772));
#6938 = CARTESIAN_POINT('',(1.333674128829,74.200107606364));
#6939 = CARTESIAN_POINT('',(1.333665935005,74.385072193785));
#6940 = ( GEOMETRIC_REPRESENTATION_CONTEXT(2) 
PARAMETRIC_REPRESENTATION_CONTEXT() REPRESENTATION_CONTEXT('2D SPACE',''
  ) );
#6941 = PCURVE('',#3237,#6942);
#6942 = DEFINITIONAL_REPRESENTATION('',(#6943),#6988);
#6943 = B_SPLINE_CURVE_WITH_KNOTS('',8,(#6944,#6945,#6946,#6947,#6948,
    #6949,#6950,#6951,#6952,#6953,#6954,#6955,#6956,#6957,#6958,#6959,
    #6960,#6961,#6962,#6963,#6964,#6965,#6966,#6967,#6968,#6969,#6970,
    #6971,#6972,#6973,#6974,#6975,#6976,#6977,#6978,#6979,#6980,#6981,
    #6982,#6983,#6984,#6985,#6986,#6987),.UNSPECIFIED.,.F.,.F.,(9,7,7,7,
    7,7,9),(0.,0.138425225375,0.29110599351,0.418013980507,
    0.567643965837,0.780943671088,1.),.UNSPECIFIED.);
#6944 = CARTESIAN_POINT('',(0.,-23.38238108752));
#6945 = CARTESIAN_POINT('',(-0.108595204615,-23.42559305433));
#6946 = CARTESIAN_POINT('',(-0.217287538977,-23.46883741802));
#6947 = CARTESIAN_POINT('',(-0.325937432197,-23.51205430245));
#6948 = CARTESIAN_POINT('',(-0.434533524884,-23.55524247139));
#6949 = CARTESIAN_POINT('',(-0.543130653185,-23.59843096346));
#6950 = CARTESIAN_POINT('',(-0.651784085539,-23.64164921773));
#6951 = CARTESIAN_POINT('',(-0.760480012149,-23.68489569009));
#6952 = CARTESIAN_POINT('',(-0.988828288299,-23.77576489499));
#6953 = CARTESIAN_POINT('',(-1.108777109303,-23.8235070497));
#6954 = CARTESIAN_POINT('',(-1.228657530193,-23.87123142367));
#6955 = CARTESIAN_POINT('',(-1.348447334979,-23.9189165685));
#6956 = CARTESIAN_POINT('',(-1.468235215139,-23.96658726146));
#6957 = CARTESIAN_POINT('',(-1.588109082666,-24.01427720354));
#6958 = CARTESIAN_POINT('',(-1.708050792712,-24.06198674203));
#6959 = CARTESIAN_POINT('',(-1.927401603122,-24.14924040222));
#6960 = CARTESIAN_POINT('',(-2.027028643511,-24.18887042994));
#6961 = CARTESIAN_POINT('',(-2.126624932663,-24.22849258256));
#6962 = CARTESIAN_POINT('',(-2.226183145446,-24.26810777688));
#6963 = CARTESIAN_POINT('',(-2.32574024283,-24.30772872968));
#6964 = CARTESIAN_POINT('',(-2.425333491289,-24.34736266277));
#6965 = CARTESIAN_POINT('',(-2.52495435471,-24.38699894812));
#6966 = CARTESIAN_POINT('',(-2.741870915352,-24.47331536249));
#6967 = CARTESIAN_POINT('',(-2.859406779691,-24.51999874384));
#6968 = CARTESIAN_POINT('',(-2.976877233559,-24.56679478024));
#6969 = CARTESIAN_POINT('',(-3.094260869642,-24.61356563189));
#6970 = CARTESIAN_POINT('',(-3.21163893577,-24.66023621379));
#6971 = CARTESIAN_POINT('',(-3.32909413934,-24.70690048318));
#6972 = CARTESIAN_POINT('',(-3.446614811963,-24.75369047706));
#6973 = CARTESIAN_POINT('',(-3.731338093928,-24.867001833));
#6974 = CARTESIAN_POINT('',(-3.899587966012,-24.93397215477));
#6975 = CARTESIAN_POINT('',(-4.067217350082,-25.00062751664));
#6976 = CARTESIAN_POINT('',(-4.234661770539,-25.0672357075));
#6977 = CARTESIAN_POINT('',(-4.402111815461,-25.13389690534));
#6978 = CARTESIAN_POINT('',(-4.569749068123,-25.20063310417));
#6979 = CARTESIAN_POINT('',(-4.737994822132,-25.26757734113));
#6980 = CARTESIAN_POINT('',(-5.077187705379,-25.40251251643));
#6981 = CARTESIAN_POINT('',(-5.250093336684,-25.47127859168));
#6982 = CARTESIAN_POINT('',(-5.422278806357,-25.53974783335));
#6983 = CARTESIAN_POINT('',(-5.594259942761,-25.60816265923));
#6984 = CARTESIAN_POINT('',(-5.766235942521,-25.67664715242));
#6985 = CARTESIAN_POINT('',(-5.93842194587,-25.74519833117));
#6986 = CARTESIAN_POINT('',(-6.111325102279,-25.81400767795));
#6987 = CARTESIAN_POINT('',(-6.28318530718,-25.88238333282));
#6988 = ( GEOMETRIC_REPRESENTATION_CONTEXT(2) 
PARAMETRIC_REPRESENTATION_CONTEXT() REPRESENTATION_CONTEXT('2D SPACE',''
  ) );
#6989 = ORIENTED_EDGE('',*,*,#6990,.T.);
#6990 = EDGE_CURVE('',#6845,#6991,#6993,.T.);
#6991 = VERTEX_POINT('',#6992);
#6992 = CARTESIAN_POINT('',(12.099999958673,-1.000055799784E-03,25.));
#6993 = SURFACE_CURVE('',#6994,(#7021,#7051),.PCURVE_S1.);
#6994 = B_SPLINE_CURVE_WITH_KNOTS('',7,(#6995,#6996,#6997,#6998,#6999,
    #7000,#7001,#7002,#7003,#7004,#7005,#7006,#7007,#7008,#7009,#7010,
    #7011,#7012,#7013,#7014,#7015,#7016,#7017,#7018,#7019,#7020),
  .UNSPECIFIED.,.F.,.F.,(8,6,6,6,8),(0.,0.227197224933,0.468171412878,
    0.723499831413,1.),.UNSPECIFIED.);
#6995 = CARTESIAN_POINT('',(-7.062690316222,-8.537248172589,25.));
#6996 = CARTESIAN_POINT('',(-6.429560312614,-9.105934797165,25.));
#6997 = CARTESIAN_POINT('',(-5.745311195804,-9.617945722861,25.));
#6998 = CARTESIAN_POINT('',(-5.016417794289,-10.0678541539,25.));
#6999 = CARTESIAN_POINT('',(-4.249843508361,-10.45141636431,25.));
#7000 = CARTESIAN_POINT('',(-3.452903152817,-10.7653381813,25.));
#7001 = CARTESIAN_POINT('',(-2.633232696122,-11.00724777173,25.));
#7002 = CARTESIAN_POINT('',(-0.913904109372,-11.35472702531,25.));
#7003 = CARTESIAN_POINT('',(-1.210144244711E-02,-11.4512012488,25.));
#7004 = CARTESIAN_POINT('',(0.896989095484,-11.46368694802,25.));
#7005 = CARTESIAN_POINT('',(1.804038826047,-11.39209432068,25.));
#7006 = CARTESIAN_POINT('',(2.699939782237,-11.2375124306,25.));
#7007 = CARTESIAN_POINT('',(3.575820214357,-11.00216177057,25.));
#7008 = CARTESIAN_POINT('',(5.320807331653,-10.35850450625,25.));
#7009 = CARTESIAN_POINT('',(6.186764295357,-9.940596110145,25.));
#7010 = CARTESIAN_POINT('',(7.01069798262,-9.44007077085,25.));
#7011 = CARTESIAN_POINT('',(7.783542576313,-8.8624775759,25.));
#7012 = CARTESIAN_POINT('',(8.497185224669,-8.214397403328,25.));
#7013 = CARTESIAN_POINT('',(9.144452748418,-7.503383816794,25.));
#7014 = CARTESIAN_POINT('',(10.341851731023,-5.909582734742,25.));
#7015 = CARTESIAN_POINT('',(10.87978308406,-5.01703383565,25.));
#7016 = CARTESIAN_POINT('',(11.325320563411,-4.071585847748,25.));
#7017 = CARTESIAN_POINT('',(11.672977025962,-3.084946347471,25.));
#7018 = CARTESIAN_POINT('',(11.918993745012,-2.069222063955,25.));
#7019 = CARTESIAN_POINT('',(12.061311429204,-1.036914308808,25.));
#7020 = CARTESIAN_POINT('',(12.1,-9.989492418079E-04,25.));
#7021 = PCURVE('',#531,#7022);
#7022 = DEFINITIONAL_REPRESENTATION('',(#7023),#7050);
#7023 = B_SPLINE_CURVE_WITH_KNOTS('',7,(#7024,#7025,#7026,#7027,#7028,
    #7029,#7030,#7031,#7032,#7033,#7034,#7035,#7036,#7037,#7038,#7039,
    #7040,#7041,#7042,#7043,#7044,#7045,#7046,#7047,#7048,#7049),
  .UNSPECIFIED.,.F.,.F.,(8,6,6,6,8),(0.,0.227197224933,0.468171412878,
    0.723499831413,1.),.UNSPECIFIED.);
#7024 = CARTESIAN_POINT('',(1.360294085851,71.95064877424));
#7025 = CARTESIAN_POINT('',(1.314141139199,72.03324542201));
#7026 = CARTESIAN_POINT('',(1.268148116822,72.11555586354));
#7027 = CARTESIAN_POINT('',(1.222324644492,72.197562859094));
#7028 = CARTESIAN_POINT('',(1.176665773246,72.27927526317));
#7029 = CARTESIAN_POINT('',(1.131162709286,72.360708817498));
#7030 = CARTESIAN_POINT('',(1.085812257031,72.441869247171));
#7031 = CARTESIAN_POINT('',(0.992697591913,72.608509834749));
#7032 = CARTESIAN_POINT('',(0.944937382262,72.693982828133));
#7033 = CARTESIAN_POINT('',(0.897356387526,72.779135096378));
#7034 = CARTESIAN_POINT('',(0.849949175376,72.863976364815));
#7035 = CARTESIAN_POINT('',(0.802705698837,72.948524613689));
#7036 = CARTESIAN_POINT('',(0.755622637122,73.032785783084));
#7037 = CARTESIAN_POINT('',(0.659009522943,73.205687327247));
#7038 = CARTESIAN_POINT('',(0.609481114278,73.294324760311));
#7039 = CARTESIAN_POINT('',(0.560142654918,73.382622252792));
#7040 = CARTESIAN_POINT('',(0.510987871964,73.470591027586));
#7041 = CARTESIAN_POINT('',(0.46200492437,73.558252275227));
#7042 = CARTESIAN_POINT('',(0.413189953162,73.645612904383));
#7043 = CARTESIAN_POINT('',(0.311895197899,73.826892813676));
#7044 = CARTESIAN_POINT('',(0.259421582809,73.920801053667));
#7045 = CARTESIAN_POINT('',(0.207159478061,74.014330773111));
#7046 = CARTESIAN_POINT('',(0.155097456843,74.107502427133));
#7047 = CARTESIAN_POINT('',(0.103225038929,74.200334774958));
#7048 = CARTESIAN_POINT('',(5.153417961307E-02,74.292842210141));
#7049 = CARTESIAN_POINT('',(4.801129388107E-05,74.384983327089));
#7050 = ( GEOMETRIC_REPRESENTATION_CONTEXT(2) 
PARAMETRIC_REPRESENTATION_CONTEXT() REPRESENTATION_CONTEXT('2D SPACE',''
  ) );
#7051 = PCURVE('',#3047,#7052);
#7052 = DEFINITIONAL_REPRESENTATION('',(#7053),#7080);
#7053 = B_SPLINE_CURVE_WITH_KNOTS('',7,(#7054,#7055,#7056,#7057,#7058,
    #7059,#7060,#7061,#7062,#7063,#7064,#7065,#7066,#7067,#7068,#7069,
    #7070,#7071,#7072,#7073,#7074,#7075,#7076,#7077,#7078,#7079),
  .UNSPECIFIED.,.F.,.F.,(8,6,6,6,8),(0.,0.227197224933,0.468171412878,
    0.723499831413,1.),.UNSPECIFIED.);
#7054 = CARTESIAN_POINT('',(-7.062690316222,-8.537248172589));
#7055 = CARTESIAN_POINT('',(-6.429560312614,-9.105934797165));
#7056 = CARTESIAN_POINT('',(-5.745311195804,-9.617945722861));
#7057 = CARTESIAN_POINT('',(-5.016417794289,-10.0678541539));
#7058 = CARTESIAN_POINT('',(-4.249843508361,-10.45141636431));
#7059 = CARTESIAN_POINT('',(-3.452903152817,-10.7653381813));
#7060 = CARTESIAN_POINT('',(-2.633232696122,-11.00724777173));
#7061 = CARTESIAN_POINT('',(-0.913904109372,-11.35472702531));
#7062 = CARTESIAN_POINT('',(-1.210144244711E-02,-11.4512012488));
#7063 = CARTESIAN_POINT('',(0.896989095484,-11.46368694802));
#7064 = CARTESIAN_POINT('',(1.804038826047,-11.39209432068));
#7065 = CARTESIAN_POINT('',(2.699939782237,-11.2375124306));
#7066 = CARTESIAN_POINT('',(3.575820214357,-11.00216177057));
#7067 = CARTESIAN_POINT('',(5.320807331653,-10.35850450625));
#7068 = CARTESIAN_POINT('',(6.186764295357,-9.940596110145));
#7069 = CARTESIAN_POINT('',(7.01069798262,-9.44007077085));
#7070 = CARTESIAN_POINT('',(7.783542576313,-8.8624775759));
#7071 = CARTESIAN_POINT('',(8.497185224669,-8.214397403328));
#7072 = CARTESIAN_POINT('',(9.144452748418,-7.503383816794));
#7073 = CARTESIAN_POINT('',(10.341851731023,-5.909582734742));
#7074 = CARTESIAN_POINT('',(10.87978308406,-5.01703383565));
#7075 = CARTESIAN_POINT('',(11.325320563411,-4.071585847748));
#7076 = CARTESIAN_POINT('',(11.672977025962,-3.084946347471));
#7077 = CARTESIAN_POINT('',(11.918993745012,-2.069222063955));
#7078 = CARTESIAN_POINT('',(12.061311429204,-1.036914308808));
#7079 = CARTESIAN_POINT('',(12.1,-9.989492418079E-04));
#7080 = ( GEOMETRIC_REPRESENTATION_CONTEXT(2) 
PARAMETRIC_REPRESENTATION_CONTEXT() REPRESENTATION_CONTEXT('2D SPACE',''
  ) );
#7081 = ORIENTED_EDGE('',*,*,#7082,.T.);
#7082 = EDGE_CURVE('',#6991,#2870,#7083,.T.);
#7083 = SURFACE_CURVE('',#7084,(#7092,#7103),.PCURVE_S1.);
#7084 = B_SPLINE_CURVE_WITH_KNOTS('',6,(#7085,#7086,#7087,#7088,#7089,
    #7090,#7091),.UNSPECIFIED.,.F.,.F.,(7,7),(0.,1.),
  .PIECEWISE_BEZIER_KNOTS.);
#7085 = CARTESIAN_POINT('',(12.099999282187,-9.999616031289E-04,
    25.0000006));
#7086 = CARTESIAN_POINT('',(12.099932673777,-0.806992663385,
    24.973499236078));
#7087 = CARTESIAN_POINT('',(12.035440857494,-1.61268537088,
    24.947004390409));
#7088 = CARTESIAN_POINT('',(11.906610658852,-2.411886579213,
    24.920507172122));
#7089 = CARTESIAN_POINT('',(11.714263806525,-3.198364304925,
    24.894002203912));
#7090 = CARTESIAN_POINT('',(11.459985370865,-3.965861465098,
    24.867489295906));
#7091 = CARTESIAN_POINT('',(11.146438692508,-4.708172617179,
    24.840980522801));
#7092 = PCURVE('',#531,#7093);
#7093 = DEFINITIONAL_REPRESENTATION('',(#7094),#7102);
#7094 = B_SPLINE_CURVE_WITH_KNOTS('',6,(#7095,#7096,#7097,#7098,#7099,
    #7100,#7101),.UNSPECIFIED.,.F.,.F.,(7,7),(0.,1.),
  .PIECEWISE_BEZIER_KNOTS.);
#7095 = CARTESIAN_POINT('',(4.896847487351E-05,74.384983237038));
#7096 = CARTESIAN_POINT('',(5.243403813024E-05,74.313293167541));
#7097 = CARTESIAN_POINT('',(5.125708464121E-05,74.241629036402));
#7098 = CARTESIAN_POINT('',(4.432309003531E-05,74.169968792543));
#7099 = CARTESIAN_POINT('',(3.192920113538E-05,74.098297362156));
#7100 = CARTESIAN_POINT('',(1.633370219268E-05,74.026610191587));
#7101 = CARTESIAN_POINT('',(0.,73.954935533181));
#7102 = ( GEOMETRIC_REPRESENTATION_CONTEXT(2) 
PARAMETRIC_REPRESENTATION_CONTEXT() REPRESENTATION_CONTEXT('2D SPACE',''
  ) );
#7103 = PCURVE('',#2927,#7104);
#7104 = DEFINITIONAL_REPRESENTATION('',(#7105),#7113);
#7105 = B_SPLINE_CURVE_WITH_KNOTS('',6,(#7106,#7107,#7108,#7109,#7110,
    #7111,#7112),.UNSPECIFIED.,.F.,.F.,(7,7),(2.352089323805E-08,
    0.991498881191),.PIECEWISE_BEZIER_KNOTS.);
#7106 = CARTESIAN_POINT('',(-6.283102656324,-25.00000059626));
#7107 = CARTESIAN_POINT('',(-6.217057958324,-24.9737245242));
#7108 = CARTESIAN_POINT('',(-6.151037239023,-24.94745486004));
#7109 = CARTESIAN_POINT('',(-6.085020459659,-24.92118293774));
#7110 = CARTESIAN_POINT('',(-6.018993764114,-24.89490348685));
#7111 = CARTESIAN_POINT('',(-5.952952738229,-24.86861623645));
#7112 = CARTESIAN_POINT('',(-5.886922158274,-24.84233265251));
#7113 = ( GEOMETRIC_REPRESENTATION_CONTEXT(2) 
PARAMETRIC_REPRESENTATION_CONTEXT() REPRESENTATION_CONTEXT('2D SPACE',''
  ) );
#7114 = ORIENTED_EDGE('',*,*,#2869,.T.);
#7115 = ORIENTED_EDGE('',*,*,#7116,.T.);
#7116 = EDGE_CURVE('',#2789,#7117,#7119,.T.);
#7117 = VERTEX_POINT('',#7118);
#7118 = CARTESIAN_POINT('',(12.1,0.,22.50003074217));
#7119 = SURFACE_CURVE('',#7120,(#7126,#7135),.PCURVE_S1.);
#7120 = B_SPLINE_CURVE_WITH_KNOTS('',4,(#7121,#7122,#7123,#7124,#7125),
  .UNSPECIFIED.,.F.,.F.,(5,5),(0.,1.),.PIECEWISE_BEZIER_KNOTS.);
#7121 = CARTESIAN_POINT('',(11.146438667934,4.708172675361,
    22.659019505977));
#7122 = CARTESIAN_POINT('',(11.616873429383,3.594434311123,
    22.619279073898));
#7123 = CARTESIAN_POINT('',(11.938929831918,2.418129942443,
    22.579543939826));
#7124 = CARTESIAN_POINT('',(12.099999322245,1.208759153342,
    22.539782706391));
#7125 = CARTESIAN_POINT('',(12.099999323506,1.155069899383E-12,
    22.500031339074));
#7126 = PCURVE('',#531,#7127);
#7127 = DEFINITIONAL_REPRESENTATION('',(#7128),#7134);
#7128 = B_SPLINE_CURVE_WITH_KNOTS('',4,(#7129,#7130,#7131,#7132,#7133),
  .UNSPECIFIED.,.F.,.F.,(5,5),(0.,1.),.PIECEWISE_BEZIER_KNOTS.);
#7129 = CARTESIAN_POINT('',(0.,68.052923975058));
#7130 = CARTESIAN_POINT('',(2.450653005605E-05,67.945385759092));
#7131 = CARTESIAN_POINT('',(4.759773908442E-05,67.837864461775));
#7132 = CARTESIAN_POINT('',(5.413374450227E-05,67.730301979419));
#7133 = CARTESIAN_POINT('',(4.893087131529E-05,67.622787324944));
#7134 = ( GEOMETRIC_REPRESENTATION_CONTEXT(2) 
PARAMETRIC_REPRESENTATION_CONTEXT() REPRESENTATION_CONTEXT('2D SPACE',''
  ) );
#7135 = PCURVE('',#2835,#7136);
#7136 = DEFINITIONAL_REPRESENTATION('',(#7137),#7143);
#7137 = B_SPLINE_CURVE_WITH_KNOTS('',4,(#7138,#7139,#7140,#7141,#7142),
  .UNSPECIFIED.,.F.,.F.,(5,5),(8.497254621469E-03,1.),
  .PIECEWISE_BEZIER_KNOTS.);
#7138 = CARTESIAN_POINT('',(-6.679449196014,-22.65766876991));
#7139 = CARTESIAN_POINT('',(-6.58037986859,-22.61826614961));
#7140 = CARTESIAN_POINT('',(-6.481325434657,-22.57886821788));
#7141 = CARTESIAN_POINT('',(-6.382233903794,-22.5394449289));
#7142 = CARTESIAN_POINT('',(-6.28318530718,-22.50003133907));
#7143 = ( GEOMETRIC_REPRESENTATION_CONTEXT(2) 
PARAMETRIC_REPRESENTATION_CONTEXT() REPRESENTATION_CONTEXT('2D SPACE',''
  ) );
#7144 = ORIENTED_EDGE('',*,*,#7145,.T.);
#7145 = EDGE_CURVE('',#7117,#2751,#7146,.T.);
#7146 = SURFACE_CURVE('',#7147,(#7153,#7162),.PCURVE_S1.);
#7147 = B_SPLINE_CURVE_WITH_KNOTS('',4,(#7148,#7149,#7150,#7151,#7152),
  .UNSPECIFIED.,.F.,.F.,(5,5),(0.,1.),.PIECEWISE_BEZIER_KNOTS.);
#7148 = CARTESIAN_POINT('',(12.099999323506,1.15640830245E-12,
    22.500031339074));
#7149 = CARTESIAN_POINT('',(12.099999323506,-1.081027609647,
    22.46448056226));
#7150 = CARTESIAN_POINT('',(11.971276406436,-2.162068586937,
    22.428925047335));
#7151 = CARTESIAN_POINT('',(11.713535323641,-3.220504203958,
    22.393345174967));
#7152 = CARTESIAN_POINT('',(11.335344555489,-4.233196011496,
    22.357790668611));
#7153 = PCURVE('',#531,#7154);
#7154 = DEFINITIONAL_REPRESENTATION('',(#7155),#7161);
#7155 = B_SPLINE_CURVE_WITH_KNOTS('',4,(#7156,#7157,#7158,#7159,#7160),
  .UNSPECIFIED.,.F.,.F.,(5,5),(0.,1.),.PIECEWISE_BEZIER_KNOTS.);
#7156 = CARTESIAN_POINT('',(4.896416881568E-05,67.622787322699));
#7157 = CARTESIAN_POINT('',(4.430958733573E-05,67.526633916251));
#7158 = CARTESIAN_POINT('',(2.998109541786E-05,67.430485008515));
#7159 = CARTESIAN_POINT('',(1.228989202692E-05,67.334276251111));
#7160 = CARTESIAN_POINT('',(0.,67.238126460376));
#7161 = ( GEOMETRIC_REPRESENTATION_CONTEXT(2) 
PARAMETRIC_REPRESENTATION_CONTEXT() REPRESENTATION_CONTEXT('2D SPACE',''
  ) );
#7162 = PCURVE('',#2835,#7163);
#7163 = DEFINITIONAL_REPRESENTATION('',(#7164),#7170);
#7164 = B_SPLINE_CURVE_WITH_KNOTS('',4,(#7165,#7166,#7167,#7168,#7169),
  .UNSPECIFIED.,.F.,.F.,(5,5),(0.,0.982939928855),
  .PIECEWISE_BEZIER_KNOTS.);
#7165 = CARTESIAN_POINT('',(-6.28318530718,-22.50003133907));
#7166 = CARTESIAN_POINT('',(-6.19536834836,-22.46508706104));
#7167 = CARTESIAN_POINT('',(-6.107554869834,-22.43013820518));
#7168 = CARTESIAN_POINT('',(-6.01968781061,-22.39516613925));
#7169 = CARTESIAN_POINT('',(-5.931869988056,-22.36021696155));
#7170 = ( GEOMETRIC_REPRESENTATION_CONTEXT(2) 
PARAMETRIC_REPRESENTATION_CONTEXT() REPRESENTATION_CONTEXT('2D SPACE',''
  ) );
#7171 = ORIENTED_EDGE('',*,*,#2750,.T.);
#7172 = ORIENTED_EDGE('',*,*,#7173,.T.);
#7173 = EDGE_CURVE('',#2705,#2518,#7174,.T.);
#7174 = SURFACE_CURVE('',#7175,(#7185,#7198),.PCURVE_S1.);
#7175 = B_SPLINE_CURVE_WITH_KNOTS('',8,(#7176,#7177,#7178,#7179,#7180,
    #7181,#7182,#7183,#7184),.UNSPECIFIED.,.F.,.F.,(9,9),(0.,1.),
  .PIECEWISE_BEZIER_KNOTS.);
#7176 = CARTESIAN_POINT('',(-11.3857516799,-4.0956896963,21.387393516303
    ));
#7177 = CARTESIAN_POINT('',(-11.76358492455,-3.045337847555,
    21.350697144951));
#7178 = CARTESIAN_POINT('',(-12.03091432257,-1.954497210233,
    21.313980636054));
#7179 = CARTESIAN_POINT('',(-12.18225470307,-0.837663854158,
    21.277274652115));
#7180 = CARTESIAN_POINT('',(-12.21502675419,0.290679179045,
    21.240573542304));
#7181 = CARTESIAN_POINT('',(-12.12859473568,1.416101140207,
    21.203866439492));
#7182 = CARTESIAN_POINT('',(-11.92434380506,2.524263962977,
    21.167145693148));
#7183 = CARTESIAN_POINT('',(-11.60556809025,3.600943958889,
    21.130411060475));
#7184 = CARTESIAN_POINT('',(-11.17824628375,4.632151243629,
    21.093690366047));
#7185 = PCURVE('',#531,#7186);
#7186 = DEFINITIONAL_REPRESENTATION('',(#7187),#7197);
#7187 = B_SPLINE_CURVE_WITH_KNOTS('',8,(#7188,#7189,#7190,#7191,#7192,
    #7193,#7194,#7195,#7196),.UNSPECIFIED.,.F.,.F.,(9,9),(0.,1.),
  .PIECEWISE_BEZIER_KNOTS.);
#7188 = CARTESIAN_POINT('',(0.,64.613288080706));
#7189 = CARTESIAN_POINT('',(1.312726747738E-05,64.514004157154));
#7190 = CARTESIAN_POINT('',(3.038402099038E-05,64.414658355158));
#7191 = CARTESIAN_POINT('',(4.783383879002E-05,64.31534065934));
#7192 = CARTESIAN_POINT('',(5.872078040447E-05,64.216047882655));
#7193 = CARTESIAN_POINT('',(5.694602202614E-05,64.116761555474));
#7194 = CARTESIAN_POINT('',(4.329985940269E-05,64.01745957725));
#7195 = CARTESIAN_POINT('',(2.246512460821E-05,63.918132914498));
#7196 = CARTESIAN_POINT('',(0.,63.818846883159));
#7197 = ( GEOMETRIC_REPRESENTATION_CONTEXT(2) 
PARAMETRIC_REPRESENTATION_CONTEXT() REPRESENTATION_CONTEXT('2D SPACE',''
  ) );
#7198 = PCURVE('',#2732,#7199);
#7199 = DEFINITIONAL_REPRESENTATION('',(#7200),#7210);
#7200 = B_SPLINE_CURVE_WITH_KNOTS('',8,(#7201,#7202,#7203,#7204,#7205,
    #7206,#7207,#7208,#7209),.UNSPECIFIED.,.F.,.F.,(9,9),(0.,1.),
  .PIECEWISE_BEZIER_KNOTS.);
#7201 = CARTESIAN_POINT('',(-3.486900907922,-21.3873935163));
#7202 = CARTESIAN_POINT('',(-3.394649474667,-21.35069714495));
#7203 = CARTESIAN_POINT('',(-3.302340673017,-21.31398063605));
#7204 = CARTESIAN_POINT('',(-3.210058564396,-21.27727465211));
#7205 = CARTESIAN_POINT('',(-3.117800454366,-21.2405735423));
#7206 = CARTESIAN_POINT('',(-3.025548984072,-21.20386643949));
#7207 = CARTESIAN_POINT('',(-2.933283195465,-21.16714569314));
#7208 = CARTESIAN_POINT('',(-2.84099439534,-21.13041106047));
#7209 = CARTESIAN_POINT('',(-2.748743131504,-21.09369036604));
#7210 = ( GEOMETRIC_REPRESENTATION_CONTEXT(2) 
PARAMETRIC_REPRESENTATION_CONTEXT() REPRESENTATION_CONTEXT('2D SPACE',''
  ) );
#7211 = ORIENTED_EDGE('',*,*,#2517,.T.);
#7212 = ORIENTED_EDGE('',*,*,#7213,.T.);
#7213 = EDGE_CURVE('',#2472,#2342,#7214,.T.);
#7214 = SURFACE_CURVE('',#7215,(#7225,#7238),.PCURVE_S1.);
#7215 = B_SPLINE_CURVE_WITH_KNOTS('',8,(#7216,#7217,#7218,#7219,#7220,
    #7221,#7222,#7223,#7224),.UNSPECIFIED.,.F.,.F.,(9,9),(0.,1.),
  .PIECEWISE_BEZIER_KNOTS.);
#7216 = CARTESIAN_POINT('',(-11.17824621628,-4.632151406426,
    18.906309666451));
#7217 = CARTESIAN_POINT('',(-11.60558810624,-3.600895699029,
    18.869616975719));
#7218 = CARTESIAN_POINT('',(-11.92445009203,-2.523978074213,
    18.832901607184));
#7219 = CARTESIAN_POINT('',(-12.12868161852,-1.415615007363,
    18.79619302958));
#7220 = CARTESIAN_POINT('',(-12.21502813206,-0.290145315681,
    18.759486943156));
#7221 = CARTESIAN_POINT('',(-12.18218067644,0.838053742337,
    18.722775941471));
#7222 = CARTESIAN_POINT('',(-12.03084336536,1.954615918829,
    18.686055131366));
#7223 = CARTESIAN_POINT('',(-11.76362796336,3.045218147367,
    18.649324436069));
#7224 = CARTESIAN_POINT('',(-11.38575174832,4.095689506095,
    18.612606517047));
#7225 = PCURVE('',#531,#7226);
#7226 = DEFINITIONAL_REPRESENTATION('',(#7227),#7237);
#7227 = B_SPLINE_CURVE_WITH_KNOTS('',8,(#7228,#7229,#7230,#7231,#7232,
    #7233,#7234,#7235,#7236),.UNSPECIFIED.,.F.,.F.,(9,9),(0.,1.),
  .PIECEWISE_BEZIER_KNOTS.);
#7228 = CARTESIAN_POINT('',(0.,57.902175561822));
#7229 = CARTESIAN_POINT('',(2.246617891506E-05,57.802884867684));
#7230 = CARTESIAN_POINT('',(4.330564904432E-05,57.703535731399));
#7231 = CARTESIAN_POINT('',(5.695424726112E-05,57.604217821064));
#7232 = CARTESIAN_POINT('',(5.87154133951E-05,57.50492791512));
#7233 = CARTESIAN_POINT('',(4.782493233285E-05,57.405647355291));
#7234 = CARTESIAN_POINT('',(3.03834973885E-05,57.306351998381));
#7235 = CARTESIAN_POINT('',(1.312876139026E-05,57.20702958615));
#7236 = CARTESIAN_POINT('',(0.,57.107734366579));
#7237 = ( GEOMETRIC_REPRESENTATION_CONTEXT(2) 
PARAMETRIC_REPRESENTATION_CONTEXT() REPRESENTATION_CONTEXT('2D SPACE',''
  ) );
#7238 = PCURVE('',#2499,#7239);
#7239 = DEFINITIONAL_REPRESENTATION('',(#7240),#7250);
#7240 = B_SPLINE_CURVE_WITH_KNOTS('',8,(#7241,#7242,#7243,#7244,#7245,
    #7246,#7247,#7248,#7249),.UNSPECIFIED.,.F.,.F.,(9,9),(0.,1.),
  .PIECEWISE_BEZIER_KNOTS.);
#7241 = CARTESIAN_POINT('',(-3.53444219024,-18.90630966645));
#7242 = CARTESIAN_POINT('',(-3.442186593981,-18.86961697571));
#7243 = CARTESIAN_POINT('',(-3.349876912661,-18.83290160718));
#7244 = CARTESIAN_POINT('',(-3.257596320968,-18.79619302958));
#7245 = CARTESIAN_POINT('',(-3.165341525347,-18.75948694315));
#7246 = CARTESIAN_POINT('',(-3.073094765691,-18.72277594147));
#7247 = CARTESIAN_POINT('',(-2.980833413707,-18.68605513136));
#7248 = CARTESIAN_POINT('',(-2.888546345115,-18.64932443606));
#7249 = CARTESIAN_POINT('',(-2.796284415963,-18.61260651704));
#7250 = ( GEOMETRIC_REPRESENTATION_CONTEXT(2) 
PARAMETRIC_REPRESENTATION_CONTEXT() REPRESENTATION_CONTEXT('2D SPACE',''
  ) );
#7251 = ORIENTED_EDGE('',*,*,#2341,.T.);
#7252 = ORIENTED_EDGE('',*,*,#7253,.F.);
#7253 = EDGE_CURVE('',#2241,#2313,#7254,.T.);
#7254 = SURFACE_CURVE('',#7255,(#7268,#7297),.PCURVE_S1.);
#7255 = B_SPLINE_CURVE_WITH_KNOTS('',6,(#7256,#7257,#7258,#7259,#7260,
    #7261,#7262,#7263,#7264,#7265,#7266,#7267),.UNSPECIFIED.,.F.,.F.,(7,
    5,7),(0.,0.991500686206,1.870201643878),.UNSPECIFIED.);
#7256 = CARTESIAN_POINT('',(11.162367311914,-4.67028274103,
    17.342332645316));
#7257 = CARTESIAN_POINT('',(11.470813215839,-3.933071084826,
    17.368621721054));
#7258 = CARTESIAN_POINT('',(11.720881115762,-3.171297530528,
    17.394914446578));
#7259 = CARTESIAN_POINT('',(11.910000594532,-2.391015004191,
    17.421199374508));
#7260 = CARTESIAN_POINT('',(12.036638427557,-1.598325525314,
    17.447476782662));
#7261 = CARTESIAN_POINT('',(12.099999323506,-0.799307275654,
    17.473751938073));
#7262 = CARTESIAN_POINT('',(12.099999323506,0.708372750886,
    17.523325056868));
#7263 = CARTESIAN_POINT('',(12.050219814521,1.416915248931,
    17.546619029883));
#7264 = CARTESIAN_POINT('',(11.950664912537,2.121070185215,
    17.569911899838));
#7265 = CARTESIAN_POINT('',(11.801842297048,2.816438423816,
    17.593202517688));
#7266 = CARTESIAN_POINT('',(11.60476321105,3.498779001811,
    17.616492083687));
#7267 = CARTESIAN_POINT('',(11.360942461045,4.164009129275,
    17.63978414739));
#7268 = PCURVE('',#531,#7269);
#7269 = DEFINITIONAL_REPRESENTATION('',(#7270),#7296);
#7270 = B_SPLINE_CURVE_WITH_KNOTS('',3,(#7271,#7272,#7273,#7274,#7275,
    #7276,#7277,#7278,#7279,#7280,#7281,#7282,#7283,#7284,#7285,#7286,
    #7287,#7288,#7289,#7290,#7291,#7292,#7293,#7294,#7295),
  .UNSPECIFIED.,.F.,.F.,(4,1,1,1,1,1,1,1,1,1,1,1,1,1,1,1,1,1,1,1,1,1,4),
  (0.,8.500916563081E-02,0.170018331262,0.255027496892,0.340036662523,
    0.425045828154,0.510054993785,0.595064159416,0.680073325046,
    0.765082490677,0.850091656308,0.935100821939,1.02010998757,
    1.105119153201,1.190128318831,1.275137484462,1.360146650093,
    1.445155815724,1.530164981355,1.615174146985,1.700183312616,
    1.785192478247,1.870201643878),.QUASI_UNIFORM_KNOTS.);
#7271 = CARTESIAN_POINT('',(8.326021872865E-07,53.671754342375));
#7272 = CARTESIAN_POINT('',(3.612622908861E-06,53.683943003789));
#7273 = CARTESIAN_POINT('',(9.105292087707E-06,53.708320989659));
#7274 = CARTESIAN_POINT('',(1.697697357182E-05,53.744888817335));
#7275 = CARTESIAN_POINT('',(2.430064624053E-05,53.781456159611));
#7276 = CARTESIAN_POINT('',(3.094980720255E-05,53.818022361289));
#7277 = CARTESIAN_POINT('',(3.679704896034E-05,53.854587132231));
#7278 = CARTESIAN_POINT('',(4.172214042467E-05,53.891150561515));
#7279 = CARTESIAN_POINT('',(4.562141897058E-05,53.927713051031));
#7280 = CARTESIAN_POINT('',(4.841937579254E-05,53.96427528375));
#7281 = CARTESIAN_POINT('',(5.009017152442E-05,54.000838169335));
#7282 = CARTESIAN_POINT('',(5.061520686899E-05,54.03740287552));
#7283 = CARTESIAN_POINT('',(5.013141258748E-05,54.07397056264));
#7284 = CARTESIAN_POINT('',(4.83016080061E-05,54.110543236854));
#7285 = CARTESIAN_POINT('',(4.742312285127E-05,54.147119820191));
#7286 = CARTESIAN_POINT('',(4.510397331078E-05,54.183698432091));
#7287 = CARTESIAN_POINT('',(4.077478596512E-05,54.220278123629));
#7288 = CARTESIAN_POINT('',(3.470146047262E-05,54.2568581287));
#7289 = CARTESIAN_POINT('',(2.767917828339E-05,54.293438013682));
#7290 = CARTESIAN_POINT('',(2.062944257957E-05,54.33001757959));
#7291 = CARTESIAN_POINT('',(1.43203799242E-05,54.366596825124));
#7292 = CARTESIAN_POINT('',(9.125069699918E-06,54.403175888013));
#7293 = CARTESIAN_POINT('',(4.95237376792E-06,54.439754991854));
#7294 = CARTESIAN_POINT('',(2.255978380068E-06,54.464141249007));
#7295 = CARTESIAN_POINT('',(8.183017924185E-07,54.476334463895));
#7296 = ( GEOMETRIC_REPRESENTATION_CONTEXT(2) 
PARAMETRIC_REPRESENTATION_CONTEXT() REPRESENTATION_CONTEXT('2D SPACE',''
  ) );
#7297 = PCURVE('',#2298,#7298);
#7298 = DEFINITIONAL_REPRESENTATION('',(#7299),#7325);
#7299 = B_SPLINE_CURVE_WITH_KNOTS('',3,(#7300,#7301,#7302,#7303,#7304,
    #7305,#7306,#7307,#7308,#7309,#7310,#7311,#7312,#7313,#7314,#7315,
    #7316,#7317,#7318,#7319,#7320,#7321,#7322,#7323,#7324),
  .UNSPECIFIED.,.F.,.F.,(4,1,1,1,1,1,1,1,1,1,1,1,1,1,1,1,1,1,1,1,1,1,4),
  (0.,8.500916563081E-02,0.170018331262,0.255027496892,0.340036662523,
    0.425045828154,0.510054993785,0.595064159416,0.680073325046,
    0.765082490677,0.850091656308,0.935100821939,1.02010998757,
    1.105119153201,1.190128318831,1.275137484462,1.360146650093,
    1.445155815724,1.530164981355,1.615174146985,1.700183312616,
    1.785192478247,1.870201643878),.QUASI_UNIFORM_KNOTS.);
#7300 = CARTESIAN_POINT('',(-5.886922118641,-17.34233264531));
#7301 = CARTESIAN_POINT('',(-5.89824717055,-17.34684060135));
#7302 = CARTESIAN_POINT('',(-5.920897881353,-17.35585671712));
#7303 = CARTESIAN_POINT('',(-5.954874715354,-17.3693809699));
#7304 = CARTESIAN_POINT('',(-5.98885108328,-17.38290469516));
#7305 = CARTESIAN_POINT('',(-6.022826383728,-17.39642754765));
#7306 = CARTESIAN_POINT('',(-6.056800355172,-17.40994932921));
#7307 = CARTESIAN_POINT('',(-6.090773089056,-17.42346999709));
#7308 = CARTESIAN_POINT('',(-6.124744967828,-17.43698964075));
#7309 = CARTESIAN_POINT('',(-6.158716635224,-17.45050847115));
#7310 = CARTESIAN_POINT('',(-6.192688945491,-17.46402680022));
#7311 = CARTESIAN_POINT('',(-6.226662992176,-17.47754505601));
#7312 = CARTESIAN_POINT('',(-6.260639861466,-17.49106367362));
#7313 = CARTESIAN_POINT('',(-6.294621423426,-17.50458345628));
#7314 = CARTESIAN_POINT('',(-6.328606686392,-17.51810389925));
#7315 = CARTESIAN_POINT('',(-6.362593902067,-17.5316245352));
#7316 = CARTESIAN_POINT('',(-6.39658218949,-17.54514516005));
#7317 = CARTESIAN_POINT('',(-6.430570837213,-17.55866559313));
#7318 = CARTESIAN_POINT('',(-6.464559441649,-17.57218574141));
#7319 = CARTESIAN_POINT('',(-6.498547815286,-17.58570558242));
#7320 = CARTESIAN_POINT('',(-6.532535951789,-17.59922516824));
#7321 = CARTESIAN_POINT('',(-6.566523970975,-17.61274462678));
#7322 = CARTESIAN_POINT('',(-6.600512069581,-17.62626415265));
#7323 = CARTESIAN_POINT('',(-6.623170993957,-17.63527741237));
#7324 = CARTESIAN_POINT('',(-6.634500538331,-17.63978414739));
#7325 = ( GEOMETRIC_REPRESENTATION_CONTEXT(2) 
PARAMETRIC_REPRESENTATION_CONTEXT() REPRESENTATION_CONTEXT('2D SPACE',''
  ) );
#7326 = ORIENTED_EDGE('',*,*,#2240,.T.);
#7327 = ORIENTED_EDGE('',*,*,#7328,.T.);
#7328 = EDGE_CURVE('',#2160,#7329,#7331,.T.);
#7329 = VERTEX_POINT('',#7330);
#7330 = CARTESIAN_POINT('',(12.1,0.,15.00003074217));
#7331 = SURFACE_CURVE('',#7332,(#7338,#7347),.PCURVE_S1.);
#7332 = B_SPLINE_CURVE_WITH_KNOTS('',4,(#7333,#7334,#7335,#7336,#7337),
  .UNSPECIFIED.,.F.,.F.,(5,5),(0.,1.),.PIECEWISE_BEZIER_KNOTS.);
#7333 = CARTESIAN_POINT('',(11.146438667464,4.708172676472,
    15.159019506017));
#7334 = CARTESIAN_POINT('',(11.616873429142,3.594434312003,
    15.119279073928));
#7335 = CARTESIAN_POINT('',(11.938929831838,2.418129943047,
    15.079543939846));
#7336 = CARTESIAN_POINT('',(12.099999322245,1.208759153642,
    15.039782706401));
#7337 = CARTESIAN_POINT('',(12.099999323506,1.161898238482E-12,
    15.000031339074));
#7338 = PCURVE('',#531,#7339);
#7339 = DEFINITIONAL_REPRESENTATION('',(#7340),#7346);
#7340 = B_SPLINE_CURVE_WITH_KNOTS('',4,(#7341,#7342,#7343,#7344,#7345),
  .UNSPECIFIED.,.F.,.F.,(5,5),(0.,1.),.PIECEWISE_BEZIER_KNOTS.);
#7341 = CARTESIAN_POINT('',(0.,47.766086901851));
#7342 = CARTESIAN_POINT('',(2.450653006692E-05,47.658548685857));
#7343 = CARTESIAN_POINT('',(4.759773909486E-05,47.551027388513));
#7344 = CARTESIAN_POINT('',(5.413374449785E-05,47.443464906131));
#7345 = CARTESIAN_POINT('',(4.893087129302E-05,47.33595025163));
#7346 = ( GEOMETRIC_REPRESENTATION_CONTEXT(2) 
PARAMETRIC_REPRESENTATION_CONTEXT() REPRESENTATION_CONTEXT('2D SPACE',''
  ) );
#7347 = PCURVE('',#2206,#7348);
#7348 = DEFINITIONAL_REPRESENTATION('',(#7349),#7355);
#7349 = B_SPLINE_CURVE_WITH_KNOTS('',4,(#7350,#7351,#7352,#7353,#7354),
  .UNSPECIFIED.,.F.,.F.,(5,5),(8.498832211385E-03,1.),
  .PIECEWISE_BEZIER_KNOTS.);
#7350 = CARTESIAN_POINT('',(-6.679448565592,-15.15766851917));
#7351 = CARTESIAN_POINT('',(-6.580379395844,-15.11826596158));
#7352 = CARTESIAN_POINT('',(-6.481325119376,-15.07886809245));
#7353 = CARTESIAN_POINT('',(-6.382233746222,-15.0394448662));
#7354 = CARTESIAN_POINT('',(-6.28318530718,-15.00003133907));
#7355 = ( GEOMETRIC_REPRESENTATION_CONTEXT(2) 
PARAMETRIC_REPRESENTATION_CONTEXT() REPRESENTATION_CONTEXT('2D SPACE',''
  ) );
#7356 = ORIENTED_EDGE('',*,*,#7357,.T.);
#7357 = EDGE_CURVE('',#7329,#2122,#7358,.T.);
#7358 = SURFACE_CURVE('',#7359,(#7365,#7374),.PCURVE_S1.);
#7359 = B_SPLINE_CURVE_WITH_KNOTS('',4,(#7360,#7361,#7362,#7363,#7364),
  .UNSPECIFIED.,.F.,.F.,(5,5),(0.,1.),.PIECEWISE_BEZIER_KNOTS.);
#7360 = CARTESIAN_POINT('',(12.099999323506,1.163513729807E-12,
    15.000031339074));
#7361 = CARTESIAN_POINT('',(12.099999323506,-1.081027608621,
    14.964480562293));
#7362 = CARTESIAN_POINT('',(11.971276406678,-2.162068584897,
    14.928925047402));
#7363 = CARTESIAN_POINT('',(11.713535324374,-3.22050420095,
    14.893345175068));
#7364 = CARTESIAN_POINT('',(11.33534455692,-4.233196007665,
    14.857790668746));
#7365 = PCURVE('',#531,#7366);
#7366 = DEFINITIONAL_REPRESENTATION('',(#7367),#7373);
#7367 = B_SPLINE_CURVE_WITH_KNOTS('',4,(#7368,#7369,#7370,#7371,#7372),
  .UNSPECIFIED.,.F.,.F.,(5,5),(0.,1.),.PIECEWISE_BEZIER_KNOTS.);
#7368 = CARTESIAN_POINT('',(4.896416879578E-05,47.335950249384));
#7369 = CARTESIAN_POINT('',(4.430958730551E-05,47.239796843028));
#7370 = CARTESIAN_POINT('',(2.998109540329E-05,47.143647935382));
#7371 = CARTESIAN_POINT('',(1.228989202174E-05,47.04743917807));
#7372 = CARTESIAN_POINT('',(0.,46.951289387425));
#7373 = ( GEOMETRIC_REPRESENTATION_CONTEXT(2) 
PARAMETRIC_REPRESENTATION_CONTEXT() REPRESENTATION_CONTEXT('2D SPACE',''
  ) );
#7374 = PCURVE('',#2206,#7375);
#7375 = DEFINITIONAL_REPRESENTATION('',(#7376),#7382);
#7376 = B_SPLINE_CURVE_WITH_KNOTS('',4,(#7377,#7378,#7379,#7380,#7381),
  .UNSPECIFIED.,.F.,.F.,(5,5),(0.,0.982939928929),
  .PIECEWISE_BEZIER_KNOTS.);
#7377 = CARTESIAN_POINT('',(-6.28318530718,-15.00003133907));
#7378 = CARTESIAN_POINT('',(-6.195368348437,-14.96508706107));
#7379 = CARTESIAN_POINT('',(-6.107554869987,-14.93013820524));
#7380 = CARTESIAN_POINT('',(-6.01968781084,-14.89516613935));
#7381 = CARTESIAN_POINT('',(-5.931869988362,-14.86021696167));
#7382 = ( GEOMETRIC_REPRESENTATION_CONTEXT(2) 
PARAMETRIC_REPRESENTATION_CONTEXT() REPRESENTATION_CONTEXT('2D SPACE',''
  ) );
#7383 = ORIENTED_EDGE('',*,*,#2121,.T.);
#7384 = ORIENTED_EDGE('',*,*,#7385,.T.);
#7385 = EDGE_CURVE('',#2076,#1889,#7386,.T.);
#7386 = SURFACE_CURVE('',#7387,(#7397,#7410),.PCURVE_S1.);
#7387 = B_SPLINE_CURVE_WITH_KNOTS('',8,(#7388,#7389,#7390,#7391,#7392,
    #7393,#7394,#7395,#7396),.UNSPECIFIED.,.F.,.F.,(9,9),(0.,1.),
  .PIECEWISE_BEZIER_KNOTS.);
#7388 = CARTESIAN_POINT('',(-11.38575167916,-4.09568969834,
    13.887393516374));
#7389 = CARTESIAN_POINT('',(-11.76358492399,-3.045337849693,
    13.850697145024));
#7390 = CARTESIAN_POINT('',(-12.0309143222,-1.954497212448,
    13.813980636127));
#7391 = CARTESIAN_POINT('',(-12.18225470291,-0.837663856439,
    13.777274652189));
#7392 = CARTESIAN_POINT('',(-12.21502675424,0.290679176734,
    13.740573542379));
#7393 = CARTESIAN_POINT('',(-12.12859473594,1.41610113787,
    13.703866439569));
#7394 = CARTESIAN_POINT('',(-11.92434380555,2.524263960653,
    13.667145693225));
#7395 = CARTESIAN_POINT('',(-11.60556809096,3.600943956595,
    13.630411060554));
#7396 = CARTESIAN_POINT('',(-11.17824628467,4.632151241392,
    13.593690366127));
#7397 = PCURVE('',#531,#7398);
#7398 = DEFINITIONAL_REPRESENTATION('',(#7399),#7409);
#7399 = B_SPLINE_CURVE_WITH_KNOTS('',8,(#7400,#7401,#7402,#7403,#7404,
    #7405,#7406,#7407,#7408),.UNSPECIFIED.,.F.,.F.,(9,9),(0.,1.),
  .PIECEWISE_BEZIER_KNOTS.);
#7400 = CARTESIAN_POINT('',(0.,44.326451007584));
#7401 = CARTESIAN_POINT('',(1.312726744117E-05,44.227167084035));
#7402 = CARTESIAN_POINT('',(3.038402085086E-05,44.127821282041));
#7403 = CARTESIAN_POINT('',(4.78338388051E-05,44.028503586227));
#7404 = CARTESIAN_POINT('',(5.872078023108E-05,43.929210809544));
#7405 = CARTESIAN_POINT('',(5.694602201603E-05,43.829924482366));
#7406 = CARTESIAN_POINT('',(4.329985933747E-05,43.730622504145));
#7407 = CARTESIAN_POINT('',(2.24651245927E-05,43.631295841396));
#7408 = CARTESIAN_POINT('',(0.,43.53200981006));
#7409 = ( GEOMETRIC_REPRESENTATION_CONTEXT(2) 
PARAMETRIC_REPRESENTATION_CONTEXT() REPRESENTATION_CONTEXT('2D SPACE',''
  ) );
#7410 = PCURVE('',#2103,#7411);
#7411 = DEFINITIONAL_REPRESENTATION('',(#7412),#7422);
#7412 = B_SPLINE_CURVE_WITH_KNOTS('',8,(#7413,#7414,#7415,#7416,#7417,
    #7418,#7419,#7420,#7421),.UNSPECIFIED.,.F.,.F.,(9,9),(0.,1.),
  .PIECEWISE_BEZIER_KNOTS.);
#7413 = CARTESIAN_POINT('',(-3.486900908101,-13.88739351637));
#7414 = CARTESIAN_POINT('',(-3.394649474849,-13.85069714502));
#7415 = CARTESIAN_POINT('',(-3.302340673201,-13.81398063612));
#7416 = CARTESIAN_POINT('',(-3.210058564584,-13.77727465218));
#7417 = CARTESIAN_POINT('',(-3.117800454555,-13.74057354237));
#7418 = CARTESIAN_POINT('',(-3.025548984264,-13.70386643956));
#7419 = CARTESIAN_POINT('',(-2.933283195659,-13.66714569322));
#7420 = CARTESIAN_POINT('',(-2.840994395537,-13.63041106055));
#7421 = CARTESIAN_POINT('',(-2.748743131704,-13.59369036612));
#7422 = ( GEOMETRIC_REPRESENTATION_CONTEXT(2) 
PARAMETRIC_REPRESENTATION_CONTEXT() REPRESENTATION_CONTEXT('2D SPACE',''
  ) );
#7423 = ORIENTED_EDGE('',*,*,#1888,.T.);
#7424 = ORIENTED_EDGE('',*,*,#7425,.T.);
#7425 = EDGE_CURVE('',#1843,#1713,#7426,.T.);
#7426 = SURFACE_CURVE('',#7427,(#7437,#7450),.PCURVE_S1.);
#7427 = B_SPLINE_CURVE_WITH_KNOTS('',8,(#7428,#7429,#7430,#7431,#7432,
    #7433,#7434,#7435,#7436),.UNSPECIFIED.,.F.,.F.,(9,9),(0.,1.),
  .PIECEWISE_BEZIER_KNOTS.);
#7428 = CARTESIAN_POINT('',(-11.17824621612,-4.632151406833,
    11.406309666465));
#7429 = CARTESIAN_POINT('',(-11.60558810603,-3.600895699657,
    11.36961697574));
#7430 = CARTESIAN_POINT('',(-11.92445009182,-2.523978075055,
    11.332901607213));
#7431 = CARTESIAN_POINT('',(-12.12868161834,-1.415615008483,
    11.296193029617));
#7432 = CARTESIAN_POINT('',(-12.21502813199,-0.290145316982,
    11.259486943198));
#7433 = CARTESIAN_POINT('',(-12.18218067651,0.838053740769,
    11.222775941522));
#7434 = CARTESIAN_POINT('',(-12.03084336561,1.954615917084,
    11.186055131424));
#7435 = CARTESIAN_POINT('',(-11.76362796384,3.045218145444,
    11.149324436134));
#7436 = CARTESIAN_POINT('',(-11.38575174906,4.095689504042,
    11.112606517119));
#7437 = PCURVE('',#531,#7438);
#7438 = DEFINITIONAL_REPRESENTATION('',(#7439),#7449);
#7439 = B_SPLINE_CURVE_WITH_KNOTS('',8,(#7440,#7441,#7442,#7443,#7444,
    #7445,#7446,#7447,#7448),.UNSPECIFIED.,.F.,.F.,(9,9),(0.,1.),
  .PIECEWISE_BEZIER_KNOTS.);
#7440 = CARTESIAN_POINT('',(0.,37.615338488546));
#7441 = CARTESIAN_POINT('',(2.246617891094E-05,37.516047794429));
#7442 = CARTESIAN_POINT('',(4.330564914391E-05,37.416698658161));
#7443 = CARTESIAN_POINT('',(5.695424703896E-05,37.317380747849));
#7444 = CARTESIAN_POINT('',(5.871541363197E-05,37.218090841921));
#7445 = CARTESIAN_POINT('',(4.782493215698E-05,37.118810282114));
#7446 = CARTESIAN_POINT('',(3.038349745919E-05,37.019514925222));
#7447 = CARTESIAN_POINT('',(1.312876138871E-05,36.92019251301));
#7448 = CARTESIAN_POINT('',(0.,36.820897293459));
#7449 = ( GEOMETRIC_REPRESENTATION_CONTEXT(2) 
PARAMETRIC_REPRESENTATION_CONTEXT() REPRESENTATION_CONTEXT('2D SPACE',''
  ) );
#7450 = PCURVE('',#1870,#7451);
#7451 = DEFINITIONAL_REPRESENTATION('',(#7452),#7462);
#7452 = B_SPLINE_CURVE_WITH_KNOTS('',8,(#7453,#7454,#7455,#7456,#7457,
    #7458,#7459,#7460,#7461),.UNSPECIFIED.,.F.,.F.,(9,9),(0.,1.),
  .PIECEWISE_BEZIER_KNOTS.);
#7453 = CARTESIAN_POINT('',(-3.534442190276,-11.40630966646));
#7454 = CARTESIAN_POINT('',(-3.442186594036,-11.36961697574));
#7455 = CARTESIAN_POINT('',(-3.349876912733,-11.33290160721));
#7456 = CARTESIAN_POINT('',(-3.25759632106,-11.29619302961));
#7457 = CARTESIAN_POINT('',(-3.165341525454,-11.25948694319));
#7458 = CARTESIAN_POINT('',(-3.073094765819,-11.22277594152));
#7459 = CARTESIAN_POINT('',(-2.980833413851,-11.18605513142));
#7460 = CARTESIAN_POINT('',(-2.888546345278,-11.14932443613));
#7461 = CARTESIAN_POINT('',(-2.796284416144,-11.11260651711));
#7462 = ( GEOMETRIC_REPRESENTATION_CONTEXT(2) 
PARAMETRIC_REPRESENTATION_CONTEXT() REPRESENTATION_CONTEXT('2D SPACE',''
  ) );
#7463 = ORIENTED_EDGE('',*,*,#1712,.T.);
#7464 = ORIENTED_EDGE('',*,*,#7465,.F.);
#7465 = EDGE_CURVE('',#1612,#1684,#7466,.T.);
#7466 = SURFACE_CURVE('',#7467,(#7480,#7509),.PCURVE_S1.);
#7467 = B_SPLINE_CURVE_WITH_KNOTS('',6,(#7468,#7469,#7470,#7471,#7472,
    #7473,#7474,#7475,#7476,#7477,#7478,#7479),.UNSPECIFIED.,.F.,.F.,(7,
    5,7),(0.,0.991500655493,1.870201613571),.UNSPECIFIED.);
#7468 = CARTESIAN_POINT('',(11.162367369108,-4.67028260433,
    9.842332650191));
#7469 = CARTESIAN_POINT('',(11.470813254507,-3.93307096705,
    9.868621725119));
#7470 = CARTESIAN_POINT('',(11.720881139141,-3.171297434041,
    9.894914449828));
#7471 = CARTESIAN_POINT('',(11.910000606269,-2.391014930707,
    9.921199376944));
#7472 = CARTESIAN_POINT('',(12.036638431477,-1.598325475935,
    9.947476784285));
#7473 = CARTESIAN_POINT('',(12.099999323506,-0.799307250926,
    9.973751938886));
#7474 = CARTESIAN_POINT('',(12.099999323506,0.708372751241,
    10.023325056879));
#7475 = CARTESIAN_POINT('',(12.050219814471,1.416915249641,
    10.046619029906));
#7476 = CARTESIAN_POINT('',(11.950664912387,2.121070186274,
    10.069911899873));
#7477 = CARTESIAN_POINT('',(11.801842296749,2.81643842521,
    10.093202517734));
#7478 = CARTESIAN_POINT('',(11.604763210556,3.49877900352,
    10.116492083745));
#7479 = CARTESIAN_POINT('',(11.360942460312,4.164009131275,
    10.13978414746));
#7480 = PCURVE('',#531,#7481);
#7481 = DEFINITIONAL_REPRESENTATION('',(#7482),#7508);
#7482 = B_SPLINE_CURVE_WITH_KNOTS('',3,(#7483,#7484,#7485,#7486,#7487,
    #7488,#7489,#7490,#7491,#7492,#7493,#7494,#7495,#7496,#7497,#7498,
    #7499,#7500,#7501,#7502,#7503,#7504,#7505,#7506,#7507),
  .UNSPECIFIED.,.F.,.F.,(4,1,1,1,1,1,1,1,1,1,1,1,1,1,1,1,1,1,1,1,1,1,4),
  (0.,8.500916425323E-02,0.170018328506,0.25502749276,0.340036657013,
    0.425045821266,0.510054985519,0.595064149773,0.680073314026,
    0.765082478279,0.850091642532,0.935100806785,1.020109971039,
    1.105119135292,1.190128299545,1.275137463798,1.360146628052,
    1.445155792305,1.530164956558,1.615174120811,1.700183285065,
    1.785192449318,1.870201613571),.QUASI_UNIFORM_KNOTS.);
#7483 = CARTESIAN_POINT('',(8.326051948394E-07,33.38491728224));
#7484 = CARTESIAN_POINT('',(3.612625854663E-06,33.39710594346));
#7485 = CARTESIAN_POINT('',(9.105294875571E-06,33.421483928938));
#7486 = CARTESIAN_POINT('',(1.697697605731E-05,33.458051756024));
#7487 = CARTESIAN_POINT('',(2.430064843049E-05,33.49461909771));
#7488 = CARTESIAN_POINT('',(3.094980905554E-05,33.531185298797));
#7489 = CARTESIAN_POINT('',(3.679705047558E-05,33.567750069148));
#7490 = CARTESIAN_POINT('',(4.172214158673E-05,33.604313497841));
#7491 = CARTESIAN_POINT('',(4.562141978826E-05,33.640875986767));
#7492 = CARTESIAN_POINT('',(4.841937630259E-05,33.677438218896));
#7493 = CARTESIAN_POINT('',(5.009017175834E-05,33.714001103892));
#7494 = CARTESIAN_POINT('',(5.061520687207E-05,33.750565809487));
#7495 = CARTESIAN_POINT('',(5.013141234969E-05,33.787133496018));
#7496 = CARTESIAN_POINT('',(4.830160777926E-05,33.823706169642));
#7497 = CARTESIAN_POINT('',(4.742312263882E-05,33.860282752387));
#7498 = CARTESIAN_POINT('',(4.510397284299E-05,33.896861363696));
#7499 = CARTESIAN_POINT('',(4.077478531254E-05,33.933441054643));
#7500 = CARTESIAN_POINT('',(3.470145978066E-05,33.970021059123));
#7501 = CARTESIAN_POINT('',(2.767917765589E-05,34.006600943514));
#7502 = CARTESIAN_POINT('',(2.062944211296E-05,34.04318050883));
#7503 = CARTESIAN_POINT('',(1.432037962787E-05,34.079759753773));
#7504 = CARTESIAN_POINT('',(9.125069536325E-06,34.116338816071));
#7505 = CARTESIAN_POINT('',(4.952373689526E-06,34.15291791932));
#7506 = CARTESIAN_POINT('',(2.255978345725E-06,34.177304176079));
#7507 = CARTESIAN_POINT('',(8.183017798214E-07,34.189497390769));
#7508 = ( GEOMETRIC_REPRESENTATION_CONTEXT(2) 
PARAMETRIC_REPRESENTATION_CONTEXT() REPRESENTATION_CONTEXT('2D SPACE',''
  ) );
#7509 = PCURVE('',#1669,#7510);
#7510 = DEFINITIONAL_REPRESENTATION('',(#7511),#7537);
#7511 = B_SPLINE_CURVE_WITH_KNOTS('',3,(#7512,#7513,#7514,#7515,#7516,
    #7517,#7518,#7519,#7520,#7521,#7522,#7523,#7524,#7525,#7526,#7527,
    #7528,#7529,#7530,#7531,#7532,#7533,#7534,#7535,#7536),
  .UNSPECIFIED.,.F.,.F.,(4,1,1,1,1,1,1,1,1,1,1,1,1,1,1,1,1,1,1,1,1,1,4),
  (0.,8.500916425323E-02,0.170018328506,0.25502749276,0.340036657013,
    0.425045821266,0.510054985519,0.595064149773,0.680073314026,
    0.765082478279,0.850091642532,0.935100806785,1.020109971039,
    1.105119135292,1.190128299545,1.275137463798,1.360146628052,
    1.445155792305,1.530164956558,1.615174120811,1.700183285065,
    1.785192449318,1.870201613571),.QUASI_UNIFORM_KNOTS.);
#7512 = CARTESIAN_POINT('',(-5.886922130887,-9.842332650191));
#7513 = CARTESIAN_POINT('',(-5.898247182615,-9.846840606158));
#7514 = CARTESIAN_POINT('',(-5.920897893055,-9.855856721783));
#7515 = CARTESIAN_POINT('',(-5.954874726507,-9.869380974341));
#7516 = CARTESIAN_POINT('',(-5.988851093885,-9.882904699381));
#7517 = CARTESIAN_POINT('',(-6.022826393783,-9.89642755166));
#7518 = CARTESIAN_POINT('',(-6.056800364678,-9.909949333));
#7519 = CARTESIAN_POINT('',(-6.090773098014,-9.923470000662));
#7520 = CARTESIAN_POINT('',(-6.124744976237,-9.936989644099));
#7521 = CARTESIAN_POINT('',(-6.158716643085,-9.95050847428));
#7522 = CARTESIAN_POINT('',(-6.192688952805,-9.96402680313));
#7523 = CARTESIAN_POINT('',(-6.226662998942,-9.97754505871));
#7524 = CARTESIAN_POINT('',(-6.260639867685,-9.991063676103));
#7525 = CARTESIAN_POINT('',(-6.294621429096,-10.00458345854));
#7526 = CARTESIAN_POINT('',(-6.328606691513,-10.01810390129));
#7527 = CARTESIAN_POINT('',(-6.362593906639,-10.03162453702));
#7528 = CARTESIAN_POINT('',(-6.396582193512,-10.04514516165));
#7529 = CARTESIAN_POINT('',(-6.430570840686,-10.05866559451));
#7530 = CARTESIAN_POINT('',(-6.464559444572,-10.07218574257));
#7531 = CARTESIAN_POINT('',(-6.49854781766,-10.08570558336));
#7532 = CARTESIAN_POINT('',(-6.532535953613,-10.09922516897));
#7533 = CARTESIAN_POINT('',(-6.56652397225,-10.11274462728));
#7534 = CARTESIAN_POINT('',(-6.600512070307,-10.12626415294));
#7535 = CARTESIAN_POINT('',(-6.623170994316,-10.13527741251));
#7536 = CARTESIAN_POINT('',(-6.634500538507,-10.13978414746));
#7537 = ( GEOMETRIC_REPRESENTATION_CONTEXT(2) 
PARAMETRIC_REPRESENTATION_CONTEXT() REPRESENTATION_CONTEXT('2D SPACE',''
  ) );
#7538 = ORIENTED_EDGE('',*,*,#1611,.T.);
#7539 = ORIENTED_EDGE('',*,*,#7540,.T.);
#7540 = EDGE_CURVE('',#1531,#7541,#7543,.T.);
#7541 = VERTEX_POINT('',#7542);
#7542 = CARTESIAN_POINT('',(12.1,0.,7.50003074217));
#7543 = SURFACE_CURVE('',#7544,(#7550,#7559),.PCURVE_S1.);
#7544 = B_SPLINE_CURVE_WITH_KNOTS('',4,(#7545,#7546,#7547,#7548,#7549),
  .UNSPECIFIED.,.F.,.F.,(5,5),(0.,1.),.PIECEWISE_BEZIER_KNOTS.);
#7545 = CARTESIAN_POINT('',(11.146438667748,4.7081726758,7.659019505993)
  );
#7546 = CARTESIAN_POINT('',(11.616873429288,3.59443431147,7.61927907391)
  );
#7547 = CARTESIAN_POINT('',(11.938929831886,2.418129942682,
    7.579543939834));
#7548 = CARTESIAN_POINT('',(12.099999322245,1.20875915346,7.539782706395
    ));
#7549 = CARTESIAN_POINT('',(12.099999323506,1.135085469281E-12,
    7.500031339074));
#7550 = PCURVE('',#531,#7551);
#7551 = DEFINITIONAL_REPRESENTATION('',(#7552),#7558);
#7552 = B_SPLINE_CURVE_WITH_KNOTS('',4,(#7553,#7554,#7555,#7556,#7557),
  .UNSPECIFIED.,.F.,.F.,(5,5),(0.,1.),.PIECEWISE_BEZIER_KNOTS.);
#7553 = CARTESIAN_POINT('',(0.,27.479249828471));
#7554 = CARTESIAN_POINT('',(2.450653006439E-05,27.371711612494));
#7555 = CARTESIAN_POINT('',(4.759773909877E-05,27.264190315166));
#7556 = CARTESIAN_POINT('',(5.413374450276E-05,27.1566278328));
#7557 = CARTESIAN_POINT('',(4.893087130179E-05,27.049113178315));
#7558 = ( GEOMETRIC_REPRESENTATION_CONTEXT(2) 
PARAMETRIC_REPRESENTATION_CONTEXT() REPRESENTATION_CONTEXT('2D SPACE',''
  ) );
#7559 = PCURVE('',#1577,#7560);
#7560 = DEFINITIONAL_REPRESENTATION('',(#7561),#7567);
#7561 = B_SPLINE_CURVE_WITH_KNOTS('',4,(#7562,#7563,#7564,#7565,#7566),
  .UNSPECIFIED.,.F.,.F.,(5,5),(8.497254570147E-03,1.),
  .PIECEWISE_BEZIER_KNOTS.);
#7562 = CARTESIAN_POINT('',(-6.679449196073,-7.657668769939));
#7563 = CARTESIAN_POINT('',(-6.580379868634,-7.618266149629));
#7564 = CARTESIAN_POINT('',(-6.481325434687,-7.578868217901));
#7565 = CARTESIAN_POINT('',(-6.382233903809,-7.539444928908));
#7566 = CARTESIAN_POINT('',(-6.28318530718,-7.500031339074));
#7567 = ( GEOMETRIC_REPRESENTATION_CONTEXT(2) 
PARAMETRIC_REPRESENTATION_CONTEXT() REPRESENTATION_CONTEXT('2D SPACE',''
  ) );
#7568 = ORIENTED_EDGE('',*,*,#7569,.T.);
#7569 = EDGE_CURVE('',#7541,#1493,#7570,.T.);
#7570 = SURFACE_CURVE('',#7571,(#7577,#7586),.PCURVE_S1.);
#7571 = B_SPLINE_CURVE_WITH_KNOTS('',4,(#7572,#7573,#7574,#7575,#7576),
  .UNSPECIFIED.,.F.,.F.,(5,5),(0.,1.),.PIECEWISE_BEZIER_KNOTS.);
#7572 = CARTESIAN_POINT('',(12.099999323506,1.157296480869E-12,
    7.500031339074));
#7573 = CARTESIAN_POINT('',(12.099999323506,-1.081027608637,
    7.464480562293));
#7574 = CARTESIAN_POINT('',(11.971276406674,-2.162068584936,
    7.428925047401));
#7575 = CARTESIAN_POINT('',(11.713535324363,-3.220504200999,
    7.393345175066));
#7576 = CARTESIAN_POINT('',(11.335344556895,-4.233196007733,
    7.357790668743));
#7577 = PCURVE('',#531,#7578);
#7578 = DEFINITIONAL_REPRESENTATION('',(#7579),#7585);
#7579 = B_SPLINE_CURVE_WITH_KNOTS('',4,(#7580,#7581,#7582,#7583,#7584),
  .UNSPECIFIED.,.F.,.F.,(5,5),(0.,1.),.PIECEWISE_BEZIER_KNOTS.);
#7580 = CARTESIAN_POINT('',(4.896416880218E-05,27.049113176069));
#7581 = CARTESIAN_POINT('',(4.430958731461E-05,26.952959769711));
#7582 = CARTESIAN_POINT('',(2.998109541306E-05,26.856810862064));
#7583 = CARTESIAN_POINT('',(1.228989202626E-05,26.76060210475));
#7584 = CARTESIAN_POINT('',(0.,26.664452314104));
#7585 = ( GEOMETRIC_REPRESENTATION_CONTEXT(2) 
PARAMETRIC_REPRESENTATION_CONTEXT() REPRESENTATION_CONTEXT('2D SPACE',''
  ) );
#7586 = PCURVE('',#1577,#7587);
#7587 = DEFINITIONAL_REPRESENTATION('',(#7588),#7594);
#7588 = B_SPLINE_CURVE_WITH_KNOTS('',4,(#7589,#7590,#7591,#7592,#7593),
  .UNSPECIFIED.,.F.,.F.,(5,5),(0.,0.982940493766),
  .PIECEWISE_BEZIER_KNOTS.);
#7589 = CARTESIAN_POINT('',(-6.28318530718,-7.500031339074));
#7590 = CARTESIAN_POINT('',(-6.195368297972,-7.465087040991));
#7591 = CARTESIAN_POINT('',(-6.107554769061,-7.430138165078));
#7592 = CARTESIAN_POINT('',(-6.01968765936,-7.395166079059));
#7593 = CARTESIAN_POINT('',(-5.931869786501,-7.360216881344));
#7594 = ( GEOMETRIC_REPRESENTATION_CONTEXT(2) 
PARAMETRIC_REPRESENTATION_CONTEXT() REPRESENTATION_CONTEXT('2D SPACE',''
  ) );
#7595 = ORIENTED_EDGE('',*,*,#1492,.T.);
#7596 = ORIENTED_EDGE('',*,*,#7597,.T.);
#7597 = EDGE_CURVE('',#1447,#1260,#7598,.T.);
#7598 = SURFACE_CURVE('',#7599,(#7609,#7622),.PCURVE_S1.);
#7599 = B_SPLINE_CURVE_WITH_KNOTS('',8,(#7600,#7601,#7602,#7603,#7604,
    #7605,#7606,#7607,#7608),.UNSPECIFIED.,.F.,.F.,(9,9),(0.,1.),
  .PIECEWISE_BEZIER_KNOTS.);
#7600 = CARTESIAN_POINT('',(-11.38575167893,-4.095689698987,
    6.387393516397));
#7601 = CARTESIAN_POINT('',(-11.76358492385,-3.045337850259,
    6.350697145043));
#7602 = CARTESIAN_POINT('',(-12.03091432214,-1.954497212911,
    6.313980636142));
#7603 = CARTESIAN_POINT('',(-12.18225470291,-0.837663856811,
    6.277274652201));
#7604 = CARTESIAN_POINT('',(-12.21502675427,0.290679176496,
    6.240573542387));
#7605 = CARTESIAN_POINT('',(-12.12859473598,1.416101137728,
    6.203866439574));
#7606 = CARTESIAN_POINT('',(-11.92434380557,2.524263960633,
    6.167145693226));
#7607 = CARTESIAN_POINT('',(-11.60556809094,3.600943956678,
    6.130411060551));
#7608 = CARTESIAN_POINT('',(-11.1782462846,4.63215124157,6.09369036612)
  );
#7609 = PCURVE('',#531,#7610);
#7610 = DEFINITIONAL_REPRESENTATION('',(#7611),#7621);
#7611 = B_SPLINE_CURVE_WITH_KNOTS('',8,(#7612,#7613,#7614,#7615,#7616,
    #7617,#7618,#7619,#7620),.UNSPECIFIED.,.F.,.F.,(9,9),(0.,1.),
  .PIECEWISE_BEZIER_KNOTS.);
#7612 = CARTESIAN_POINT('',(0.,24.039613934331));
#7613 = CARTESIAN_POINT('',(1.312726745635E-05,23.940330010772));
#7614 = CARTESIAN_POINT('',(3.038402091829E-05,23.840984208768));
#7615 = CARTESIAN_POINT('',(4.783383875927E-05,23.741666512945));
#7616 = CARTESIAN_POINT('',(5.872078035529E-05,23.64237373625));
#7617 = CARTESIAN_POINT('',(5.694602198547E-05,23.543087409064));
#7618 = CARTESIAN_POINT('',(4.329985938765E-05,23.443785430833));
#7619 = CARTESIAN_POINT('',(2.246512460037E-05,23.344458768074));
#7620 = CARTESIAN_POINT('',(0.,23.245172736728));
#7621 = ( GEOMETRIC_REPRESENTATION_CONTEXT(2) 
PARAMETRIC_REPRESENTATION_CONTEXT() REPRESENTATION_CONTEXT('2D SPACE',''
  ) );
#7622 = PCURVE('',#1474,#7623);
#7623 = DEFINITIONAL_REPRESENTATION('',(#7624),#7634);
#7624 = B_SPLINE_CURVE_WITH_KNOTS('',8,(#7625,#7626,#7627,#7628,#7629,
    #7630,#7631,#7632,#7633),.UNSPECIFIED.,.F.,.F.,(9,9),(0.,1.),
  .PIECEWISE_BEZIER_KNOTS.);
#7625 = CARTESIAN_POINT('',(-3.486900908158,-6.387393516397));
#7626 = CARTESIAN_POINT('',(-3.394649474897,-6.350697145043));
#7627 = CARTESIAN_POINT('',(-3.302340673239,-6.313980636142));
#7628 = CARTESIAN_POINT('',(-3.210058564614,-6.277274652201));
#7629 = CARTESIAN_POINT('',(-3.117800454575,-6.240573542387));
#7630 = CARTESIAN_POINT('',(-3.025548984276,-6.203866439574));
#7631 = CARTESIAN_POINT('',(-2.933283195661,-6.167145693226));
#7632 = CARTESIAN_POINT('',(-2.840994395531,-6.130411060551));
#7633 = CARTESIAN_POINT('',(-2.748743131688,-6.09369036612));
#7634 = ( GEOMETRIC_REPRESENTATION_CONTEXT(2) 
PARAMETRIC_REPRESENTATION_CONTEXT() REPRESENTATION_CONTEXT('2D SPACE',''
  ) );
#7635 = ORIENTED_EDGE('',*,*,#1259,.T.);
#7636 = ORIENTED_EDGE('',*,*,#7637,.T.);
#7637 = EDGE_CURVE('',#1214,#1084,#7638,.T.);
#7638 = SURFACE_CURVE('',#7639,(#7649,#7662),.PCURVE_S1.);
#7639 = B_SPLINE_CURVE_WITH_KNOTS('',8,(#7640,#7641,#7642,#7643,#7644,
    #7645,#7646,#7647,#7648),.UNSPECIFIED.,.F.,.F.,(9,9),(0.,1.),
  .PIECEWISE_BEZIER_KNOTS.);
#7640 = CARTESIAN_POINT('',(-11.17824621674,-4.632151405324,
    3.906309666412));
#7641 = CARTESIAN_POINT('',(-11.60558810645,-3.600895698244,
    3.869616975692));
#7642 = CARTESIAN_POINT('',(-11.92445009206,-2.523978073783,
    3.832901607171));
#7643 = CARTESIAN_POINT('',(-12.12868161844,-1.415615007329,
    3.796193029579));
#7644 = CARTESIAN_POINT('',(-12.21502813197,-0.290145316037,
    3.759486943167));
#7645 = CARTESIAN_POINT('',(-12.18218067642,0.838053741575,
    3.722775941496));
#7646 = CARTESIAN_POINT('',(-12.03084336549,1.954615917688,
    3.686055131404));
#7647 = CARTESIAN_POINT('',(-11.76362796371,3.045218145878,
    3.649324436119));
#7648 = CARTESIAN_POINT('',(-11.38575174896,4.095689504306,
    3.612606517109));
#7649 = PCURVE('',#531,#7650);
#7650 = DEFINITIONAL_REPRESENTATION('',(#7651),#7661);
#7651 = B_SPLINE_CURVE_WITH_KNOTS('',8,(#7652,#7653,#7654,#7655,#7656,
    #7657,#7658,#7659,#7660),.UNSPECIFIED.,.F.,.F.,(9,9),(0.,1.),
  .PIECEWISE_BEZIER_KNOTS.);
#7652 = CARTESIAN_POINT('',(0.,17.328501415086));
#7653 = CARTESIAN_POINT('',(2.246617890766E-05,17.229210720983));
#7654 = CARTESIAN_POINT('',(4.330564911304E-05,17.129861584732));
#7655 = CARTESIAN_POINT('',(5.695424705228E-05,17.030543674432));
#7656 = CARTESIAN_POINT('',(5.871541359883E-05,16.931253768522));
#7657 = CARTESIAN_POINT('',(4.782493216411E-05,16.831973208728));
#7658 = CARTESIAN_POINT('',(3.038349746491E-05,16.732677851853));
#7659 = CARTESIAN_POINT('',(1.312876139406E-05,16.633355439655));
#7660 = CARTESIAN_POINT('',(0.,16.534060220119));
#7661 = ( GEOMETRIC_REPRESENTATION_CONTEXT(2) 
PARAMETRIC_REPRESENTATION_CONTEXT() REPRESENTATION_CONTEXT('2D SPACE',''
  ) );
#7662 = PCURVE('',#1241,#7663);
#7663 = DEFINITIONAL_REPRESENTATION('',(#7664),#7674);
#7664 = B_SPLINE_CURVE_WITH_KNOTS('',8,(#7665,#7666,#7667,#7668,#7669,
    #7670,#7671,#7672,#7673),.UNSPECIFIED.,.F.,.F.,(9,9),(0.,1.),
  .PIECEWISE_BEZIER_KNOTS.);
#7665 = CARTESIAN_POINT('',(-3.534442190141,-3.906309666412));
#7666 = CARTESIAN_POINT('',(-3.442186593915,-3.869616975692));
#7667 = CARTESIAN_POINT('',(-3.349876912627,-3.832901607171));
#7668 = CARTESIAN_POINT('',(-3.257596320966,-3.796193029579));
#7669 = CARTESIAN_POINT('',(-3.165341525376,-3.759486943168));
#7670 = CARTESIAN_POINT('',(-3.073094765753,-3.722775941495));
#7671 = CARTESIAN_POINT('',(-2.980833413801,-3.686055131404));
#7672 = CARTESIAN_POINT('',(-2.888546345241,-3.649324436119));
#7673 = CARTESIAN_POINT('',(-2.796284416121,-3.612606517109));
#7674 = ( GEOMETRIC_REPRESENTATION_CONTEXT(2) 
PARAMETRIC_REPRESENTATION_CONTEXT() REPRESENTATION_CONTEXT('2D SPACE',''
  ) );
#7675 = ORIENTED_EDGE('',*,*,#1083,.T.);
#7676 = ORIENTED_EDGE('',*,*,#7677,.F.);
#7677 = EDGE_CURVE('',#983,#1055,#7678,.T.);
#7678 = SURFACE_CURVE('',#7679,(#7692,#7721),.PCURVE_S1.);
#7679 = B_SPLINE_CURVE_WITH_KNOTS('',6,(#7680,#7681,#7682,#7683,#7684,
    #7685,#7686,#7687,#7688,#7689,#7690,#7691),.UNSPECIFIED.,.F.,.F.,(7,
    5,7),(0.,0.991500641577,1.87020159909),.UNSPECIFIED.);
#7680 = CARTESIAN_POINT('',(11.162367395127,-4.670282542144,
    2.342332652408));
#7681 = CARTESIAN_POINT('',(11.470813272034,-3.933070913625,
    2.368621726963));
#7682 = CARTESIAN_POINT('',(11.720881149775,-3.171297390219,
    2.394914451305));
#7683 = CARTESIAN_POINT('',(11.910000611619,-2.391014897255,
    2.421199378053));
#7684 = CARTESIAN_POINT('',(12.036638433251,-1.598325453454,
    2.447476785025));
#7685 = CARTESIAN_POINT('',(12.099999323506,-0.799307239738,
    2.473751939253));
#7686 = CARTESIAN_POINT('',(12.099999323506,0.708372750813,
    2.523325056865));
#7687 = CARTESIAN_POINT('',(12.050219814531,1.416915248786,
    2.546619029878));
#7688 = CARTESIAN_POINT('',(11.950664912568,2.121070184999,
    2.569911899831));
#7689 = CARTESIAN_POINT('',(11.801842297109,2.816438423532,
    2.593202517678));
#7690 = CARTESIAN_POINT('',(11.604763211151,3.498779001462,
    2.616492083675));
#7691 = CARTESIAN_POINT('',(11.360942461195,4.164009128867,
    2.639784147376));
#7692 = PCURVE('',#531,#7693);
#7693 = DEFINITIONAL_REPRESENTATION('',(#7694),#7720);
#7694 = B_SPLINE_CURVE_WITH_KNOTS('',3,(#7695,#7696,#7697,#7698,#7699,
    #7700,#7701,#7702,#7703,#7704,#7705,#7706,#7707,#7708,#7709,#7710,
    #7711,#7712,#7713,#7714,#7715,#7716,#7717,#7718,#7719),
  .UNSPECIFIED.,.F.,.F.,(4,1,1,1,1,1,1,1,1,1,1,1,1,1,1,1,1,1,1,1,1,1,4),
  (0.,8.500916359501E-02,0.17001832719,0.255027490785,0.34003665438,
    0.425045817975,0.51005498157,0.595064145165,0.68007330876,
    0.765082472355,0.85009163595,0.935100799545,1.02010996314,
    1.105119126735,1.19012829033,1.275137453925,1.36014661752,
    1.445155781115,1.53016494471,1.615174108305,1.7001832719,
    1.785192435495,1.87020159909),.QUASI_UNIFORM_KNOTS.);
#7695 = CARTESIAN_POINT('',(8.326065549117E-07,13.098080214921));
#7696 = CARTESIAN_POINT('',(3.612627193904E-06,13.110268876044));
#7697 = CARTESIAN_POINT('',(9.105296152678E-06,13.134646861331));
#7698 = CARTESIAN_POINT('',(1.69769771988E-05,13.171214688132));
#7699 = CARTESIAN_POINT('',(2.430064941408E-05,13.207782029534));
#7700 = CARTESIAN_POINT('',(3.094980987515E-05,13.244348230338));
#7701 = CARTESIAN_POINT('',(3.679705113971E-05,13.280913000406));
#7702 = CARTESIAN_POINT('',(4.172214210762E-05,13.317476428817));
#7703 = CARTESIAN_POINT('',(4.562142015785E-05,13.354038917458));
#7704 = CARTESIAN_POINT('',(4.841937652941E-05,13.390601149304));
#7705 = CARTESIAN_POINT('',(5.009017184791E-05,13.427164034015));
#7706 = CARTESIAN_POINT('',(5.061520686533E-05,13.463728739327));
#7707 = CARTESIAN_POINT('',(5.013141223928E-05,13.500296425574));
#7708 = CARTESIAN_POINT('',(4.830160769991E-05,13.536869098916));
#7709 = CARTESIAN_POINT('',(4.742312257048E-05,13.573445681381));
#7710 = CARTESIAN_POINT('',(4.510397267829E-05,13.610024292408));
#7711 = CARTESIAN_POINT('',(4.07747850793E-05,13.646603983073));
#7712 = CARTESIAN_POINT('',(3.470145951584E-05,13.683183987271));
#7713 = CARTESIAN_POINT('',(2.767917741648E-05,13.71976387138));
#7714 = CARTESIAN_POINT('',(2.062944191522E-05,13.756343436415));
#7715 = CARTESIAN_POINT('',(1.432037949909E-05,13.792922681075));
#7716 = CARTESIAN_POINT('',(9.125069461798E-06,13.829501743091));
#7717 = CARTESIAN_POINT('',(4.952373663303E-06,13.866080846059));
#7718 = CARTESIAN_POINT('',(2.255978340581E-06,13.89046710263));
#7719 = CARTESIAN_POINT('',(8.183017815754E-07,13.902660317227));
#7720 = ( GEOMETRIC_REPRESENTATION_CONTEXT(2) 
PARAMETRIC_REPRESENTATION_CONTEXT() REPRESENTATION_CONTEXT('2D SPACE',''
  ) );
#7721 = PCURVE('',#1040,#7722);
#7722 = DEFINITIONAL_REPRESENTATION('',(#7723),#7749);
#7723 = B_SPLINE_CURVE_WITH_KNOTS('',3,(#7724,#7725,#7726,#7727,#7728,
    #7729,#7730,#7731,#7732,#7733,#7734,#7735,#7736,#7737,#7738,#7739,
    #7740,#7741,#7742,#7743,#7744,#7745,#7746,#7747,#7748),
  .UNSPECIFIED.,.F.,.F.,(4,1,1,1,1,1,1,1,1,1,1,1,1,1,1,1,1,1,1,1,1,1,4),
  (0.,8.500916359501E-02,0.17001832719,0.255027490785,0.34003665438,
    0.425045817975,0.51005498157,0.595064145165,0.68007330876,
    0.765082472355,0.85009163595,0.935100799545,1.02010996314,
    1.105119126735,1.19012829033,1.275137453925,1.36014661752,
    1.445155781115,1.53016494471,1.615174108305,1.7001832719,
    1.785192435495,1.87020159909),.QUASI_UNIFORM_KNOTS.);
#7724 = CARTESIAN_POINT('',(-5.886922136458,-2.342332652408));
#7725 = CARTESIAN_POINT('',(-5.898247188096,-2.34684060834));
#7726 = CARTESIAN_POINT('',(-5.920897898358,-2.355856723894));
#7727 = CARTESIAN_POINT('',(-5.954874731545,-2.369380976347));
#7728 = CARTESIAN_POINT('',(-5.98885109866,-2.382904701282));
#7729 = CARTESIAN_POINT('',(-6.022826398295,-2.396427553456));
#7730 = CARTESIAN_POINT('',(-6.056800368927,-2.409949334691));
#7731 = CARTESIAN_POINT('',(-6.090773102,-2.423470002248));
#7732 = CARTESIAN_POINT('',(-6.12474497996,-2.436989645581));
#7733 = CARTESIAN_POINT('',(-6.158716646544,-2.450508475657));
#7734 = CARTESIAN_POINT('',(-6.192688956,-2.464026804401));
#7735 = CARTESIAN_POINT('',(-6.226663001873,-2.477545059876));
#7736 = CARTESIAN_POINT('',(-6.260639870352,-2.491063677164));
#7737 = CARTESIAN_POINT('',(-6.294621431502,-2.504583459497));
#7738 = CARTESIAN_POINT('',(-6.328606693657,-2.518103902143));
#7739 = CARTESIAN_POINT('',(-6.362593908521,-2.531624537771));
#7740 = CARTESIAN_POINT('',(-6.396582195133,-2.5451451623));
#7741 = CARTESIAN_POINT('',(-6.430570842045,-2.55866559506));
#7742 = CARTESIAN_POINT('',(-6.46455944567,-2.572185743009));
#7743 = CARTESIAN_POINT('',(-6.498547818495,-2.585705583696));
#7744 = CARTESIAN_POINT('',(-6.532535954187,-2.599225169201));
#7745 = CARTESIAN_POINT('',(-6.566523972562,-2.612744627411));
#7746 = CARTESIAN_POINT('',(-6.600512070357,-2.626264152967));
#7747 = CARTESIAN_POINT('',(-6.623170994191,-2.635277412464));
#7748 = CARTESIAN_POINT('',(-6.634500538296,-2.639784147376));
#7749 = ( GEOMETRIC_REPRESENTATION_CONTEXT(2) 
PARAMETRIC_REPRESENTATION_CONTEXT() REPRESENTATION_CONTEXT('2D SPACE',''
  ) );
#7750 = ADVANCED_FACE('',(#7751,#7782),#834,.F.);
#7751 = FACE_BOUND('',#7752,.F.);
#7752 = EDGE_LOOP('',(#7753,#7754,#7755,#7781));
#7753 = ORIENTED_EDGE('',*,*,#819,.T.);
#7754 = ORIENTED_EDGE('',*,*,#5044,.T.);
#7755 = ORIENTED_EDGE('',*,*,#7756,.F.);
#7756 = EDGE_CURVE('',#851,#5025,#7757,.T.);
#7757 = SURFACE_CURVE('',#7758,(#7763,#7774),.PCURVE_S1.);
#7758 = CIRCLE('',#7759,12.1);
#7759 = AXIS2_PLACEMENT_3D('',#7760,#7761,#7762);
#7760 = CARTESIAN_POINT('',(0.,0.,0.));
#7761 = DIRECTION('',(0.,0.,-1.));
#7762 = DIRECTION('',(0.99999999659,8.258212599823E-05,0.));
#7763 = PCURVE('',#834,#7764);
#7764 = DEFINITIONAL_REPRESENTATION('',(#7765),#7773);
#7765 = ( BOUNDED_CURVE() B_SPLINE_CURVE(2,(#7766,#7767,#7768,#7769,
#7770,#7771,#7772),.UNSPECIFIED.,.T.,.F.) B_SPLINE_CURVE_WITH_KNOTS((1,2
    ,2,2,2,1),(-2.094395102393,0.,2.094395102393,4.188790204786,
6.28318530718,8.377580409573),.UNSPECIFIED.) CURVE() 
GEOMETRIC_REPRESENTATION_ITEM() RATIONAL_B_SPLINE_CURVE((1.,0.5,1.,0.5,
1.,0.5,1.)) REPRESENTATION_ITEM('') );
#7766 = CARTESIAN_POINT('',(12.09999995874,9.992437245786E-04));
#7767 = CARTESIAN_POINT('',(12.10173069964,-20.95681545639));
#7768 = CARTESIAN_POINT('',(-6.04913460892,-10.47940697192));
#7769 = CARTESIAN_POINT('',(-24.19999991748,-1.99848744916E-03));
#7770 = CARTESIAN_POINT('',(-6.05086534982,10.478407728197));
#7771 = CARTESIAN_POINT('',(12.09826921784,20.958813943844));
#7772 = CARTESIAN_POINT('',(12.09999995874,9.992437245786E-04));
#7773 = ( GEOMETRIC_REPRESENTATION_CONTEXT(2) 
PARAMETRIC_REPRESENTATION_CONTEXT() REPRESENTATION_CONTEXT('2D SPACE',''
  ) );
#7774 = PCURVE('',#966,#7775);
#7775 = DEFINITIONAL_REPRESENTATION('',(#7776),#7780);
#7776 = LINE('',#7777,#7778);
#7777 = CARTESIAN_POINT('',(-6.283267889306,0.));
#7778 = VECTOR('',#7779,1.);
#7779 = DIRECTION('',(1.,-0.));
#7780 = ( GEOMETRIC_REPRESENTATION_CONTEXT(2) 
PARAMETRIC_REPRESENTATION_CONTEXT() REPRESENTATION_CONTEXT('2D SPACE',''
  ) );
#7781 = ORIENTED_EDGE('',*,*,#850,.T.);
#7782 = FACE_BOUND('',#7783,.F.);
#7783 = EDGE_LOOP('',(#7784));
#7784 = ORIENTED_EDGE('',*,*,#7785,.F.);
#7785 = EDGE_CURVE('',#7786,#7786,#7788,.T.);
#7786 = VERTEX_POINT('',#7787);
#7787 = CARTESIAN_POINT('',(8.6,4.000803691681E-16,0.));
#7788 = SURFACE_CURVE('',#7789,(#7794,#7801),.PCURVE_S1.);
#7789 = CIRCLE('',#7790,8.6);
#7790 = AXIS2_PLACEMENT_3D('',#7791,#7792,#7793);
#7791 = CARTESIAN_POINT('',(5.281060873893E-14,8.001607384686E-16,0.));
#7792 = DIRECTION('',(0.,0.,1.));
#7793 = DIRECTION('',(1.,0.,0.));
#7794 = PCURVE('',#834,#7795);
#7795 = DEFINITIONAL_REPRESENTATION('',(#7796),#7800);
#7796 = CIRCLE('',#7797,8.6);
#7797 = AXIS2_PLACEMENT_2D('',#7798,#7799);
#7798 = CARTESIAN_POINT('',(5.354976556733E-14,7.6050883522E-16));
#7799 = DIRECTION('',(1.,0.));
#7800 = ( GEOMETRIC_REPRESENTATION_CONTEXT(2) 
PARAMETRIC_REPRESENTATION_CONTEXT() REPRESENTATION_CONTEXT('2D SPACE',''
  ) );
#7801 = PCURVE('',#7802,#7807);
#7802 = CYLINDRICAL_SURFACE('',#7803,8.6);
#7803 = AXIS2_PLACEMENT_3D('',#7804,#7805,#7806);
#7804 = CARTESIAN_POINT('',(5.281060873893E-14,8.001607384686E-16,0.));
#7805 = DIRECTION('',(-0.,-0.,-1.));
#7806 = DIRECTION('',(1.,0.,0.));
#7807 = DEFINITIONAL_REPRESENTATION('',(#7808),#7812);
#7808 = LINE('',#7809,#7810);
#7809 = CARTESIAN_POINT('',(-0.,0.));
#7810 = VECTOR('',#7811,1.);
#7811 = DIRECTION('',(-1.,0.));
#7812 = ( GEOMETRIC_REPRESENTATION_CONTEXT(2) 
PARAMETRIC_REPRESENTATION_CONTEXT() REPRESENTATION_CONTEXT('2D SPACE',''
  ) );
#7813 = ADVANCED_FACE('',(#7814),#4587,.T.);
#7814 = FACE_BOUND('',#7815,.F.);
#7815 = EDGE_LOOP('',(#7816,#7817,#7818,#7819));
#7816 = ORIENTED_EDGE('',*,*,#5172,.F.);
#7817 = ORIENTED_EDGE('',*,*,#4970,.T.);
#7818 = ORIENTED_EDGE('',*,*,#4444,.T.);
#7819 = ORIENTED_EDGE('',*,*,#7820,.F.);
#7820 = EDGE_CURVE('',#5173,#4275,#7821,.T.);
#7821 = SURFACE_CURVE('',#7822,(#7826,#7833),.PCURVE_S1.);
#7822 = LINE('',#7823,#7824);
#7823 = CARTESIAN_POINT('',(11.1,0.,0.));
#7824 = VECTOR('',#7825,1.);
#7825 = DIRECTION('',(0.,0.,1.));
#7826 = PCURVE('',#4587,#7827);
#7827 = DEFINITIONAL_REPRESENTATION('',(#7828),#7832);
#7828 = LINE('',#7829,#7830);
#7829 = CARTESIAN_POINT('',(-6.28318530718,0.));
#7830 = VECTOR('',#7831,1.);
#7831 = DIRECTION('',(-0.,-1.));
#7832 = ( GEOMETRIC_REPRESENTATION_CONTEXT(2) 
PARAMETRIC_REPRESENTATION_CONTEXT() REPRESENTATION_CONTEXT('2D SPACE',''
  ) );
#7833 = PCURVE('',#4417,#7834);
#7834 = DEFINITIONAL_REPRESENTATION('',(#7835),#7839);
#7835 = LINE('',#7836,#7837);
#7836 = CARTESIAN_POINT('',(-0.,0.));
#7837 = VECTOR('',#7838,1.);
#7838 = DIRECTION('',(-0.,-1.));
#7839 = ( GEOMETRIC_REPRESENTATION_CONTEXT(2) 
PARAMETRIC_REPRESENTATION_CONTEXT() REPRESENTATION_CONTEXT('2D SPACE',''
  ) );
#7840 = ADVANCED_FACE('',(#7841),#4417,.T.);
#7841 = FACE_BOUND('',#7842,.F.);
#7842 = EDGE_LOOP('',(#7843,#7844,#7845,#7846));
#7843 = ORIENTED_EDGE('',*,*,#5381,.F.);
#7844 = ORIENTED_EDGE('',*,*,#7820,.T.);
#7845 = ORIENTED_EDGE('',*,*,#4274,.T.);
#7846 = ORIENTED_EDGE('',*,*,#7847,.F.);
#7847 = EDGE_CURVE('',#5382,#4105,#7848,.T.);
#7848 = SURFACE_CURVE('',#7849,(#7853,#7860),.PCURVE_S1.);
#7849 = LINE('',#7850,#7851);
#7850 = CARTESIAN_POINT('',(11.1,0.,0.));
#7851 = VECTOR('',#7852,1.);
#7852 = DIRECTION('',(0.,0.,1.));
#7853 = PCURVE('',#4417,#7854);
#7854 = DEFINITIONAL_REPRESENTATION('',(#7855),#7859);
#7855 = LINE('',#7856,#7857);
#7856 = CARTESIAN_POINT('',(-6.28318530718,0.));
#7857 = VECTOR('',#7858,1.);
#7858 = DIRECTION('',(-0.,-1.));
#7859 = ( GEOMETRIC_REPRESENTATION_CONTEXT(2) 
PARAMETRIC_REPRESENTATION_CONTEXT() REPRESENTATION_CONTEXT('2D SPACE',''
  ) );
#7860 = PCURVE('',#4247,#7861);
#7861 = DEFINITIONAL_REPRESENTATION('',(#7862),#7866);
#7862 = LINE('',#7863,#7864);
#7863 = CARTESIAN_POINT('',(-0.,0.));
#7864 = VECTOR('',#7865,1.);
#7865 = DIRECTION('',(-0.,-1.));
#7866 = ( GEOMETRIC_REPRESENTATION_CONTEXT(2) 
PARAMETRIC_REPRESENTATION_CONTEXT() REPRESENTATION_CONTEXT('2D SPACE',''
  ) );
#7867 = ADVANCED_FACE('',(#7868),#4247,.T.);
#7868 = FACE_BOUND('',#7869,.F.);
#7869 = EDGE_LOOP('',(#7870,#7871,#7872,#7873));
#7870 = ORIENTED_EDGE('',*,*,#5590,.F.);
#7871 = ORIENTED_EDGE('',*,*,#7847,.T.);
#7872 = ORIENTED_EDGE('',*,*,#4104,.T.);
#7873 = ORIENTED_EDGE('',*,*,#7874,.F.);
#7874 = EDGE_CURVE('',#5591,#3935,#7875,.T.);
#7875 = SURFACE_CURVE('',#7876,(#7880,#7887),.PCURVE_S1.);
#7876 = LINE('',#7877,#7878);
#7877 = CARTESIAN_POINT('',(11.1,0.,0.));
#7878 = VECTOR('',#7879,1.);
#7879 = DIRECTION('',(0.,0.,1.));
#7880 = PCURVE('',#4247,#7881);
#7881 = DEFINITIONAL_REPRESENTATION('',(#7882),#7886);
#7882 = LINE('',#7883,#7884);
#7883 = CARTESIAN_POINT('',(-6.28318530718,0.));
#7884 = VECTOR('',#7885,1.);
#7885 = DIRECTION('',(-0.,-1.));
#7886 = ( GEOMETRIC_REPRESENTATION_CONTEXT(2) 
PARAMETRIC_REPRESENTATION_CONTEXT() REPRESENTATION_CONTEXT('2D SPACE',''
  ) );
#7887 = PCURVE('',#4077,#7888);
#7888 = DEFINITIONAL_REPRESENTATION('',(#7889),#7893);
#7889 = LINE('',#7890,#7891);
#7890 = CARTESIAN_POINT('',(-0.,0.));
#7891 = VECTOR('',#7892,1.);
#7892 = DIRECTION('',(-0.,-1.));
#7893 = ( GEOMETRIC_REPRESENTATION_CONTEXT(2) 
PARAMETRIC_REPRESENTATION_CONTEXT() REPRESENTATION_CONTEXT('2D SPACE',''
  ) );
#7894 = ADVANCED_FACE('',(#7895),#4077,.T.);
#7895 = FACE_BOUND('',#7896,.F.);
#7896 = EDGE_LOOP('',(#7897,#7898,#7899,#7900));
#7897 = ORIENTED_EDGE('',*,*,#5799,.F.);
#7898 = ORIENTED_EDGE('',*,*,#7874,.T.);
#7899 = ORIENTED_EDGE('',*,*,#3934,.T.);
#7900 = ORIENTED_EDGE('',*,*,#7901,.F.);
#7901 = EDGE_CURVE('',#5800,#3765,#7902,.T.);
#7902 = SURFACE_CURVE('',#7903,(#7907,#7914),.PCURVE_S1.);
#7903 = LINE('',#7904,#7905);
#7904 = CARTESIAN_POINT('',(11.1,0.,0.));
#7905 = VECTOR('',#7906,1.);
#7906 = DIRECTION('',(0.,0.,1.));
#7907 = PCURVE('',#4077,#7908);
#7908 = DEFINITIONAL_REPRESENTATION('',(#7909),#7913);
#7909 = LINE('',#7910,#7911);
#7910 = CARTESIAN_POINT('',(-6.28318530718,0.));
#7911 = VECTOR('',#7912,1.);
#7912 = DIRECTION('',(-0.,-1.));
#7913 = ( GEOMETRIC_REPRESENTATION_CONTEXT(2) 
PARAMETRIC_REPRESENTATION_CONTEXT() REPRESENTATION_CONTEXT('2D SPACE',''
  ) );
#7914 = PCURVE('',#3907,#7915);
#7915 = DEFINITIONAL_REPRESENTATION('',(#7916),#7920);
#7916 = LINE('',#7917,#7918);
#7917 = CARTESIAN_POINT('',(-0.,0.));
#7918 = VECTOR('',#7919,1.);
#7919 = DIRECTION('',(-0.,-1.));
#7920 = ( GEOMETRIC_REPRESENTATION_CONTEXT(2) 
PARAMETRIC_REPRESENTATION_CONTEXT() REPRESENTATION_CONTEXT('2D SPACE',''
  ) );
#7921 = ADVANCED_FACE('',(#7922),#3907,.T.);
#7922 = FACE_BOUND('',#7923,.F.);
#7923 = EDGE_LOOP('',(#7924,#7925,#7926,#7927));
#7924 = ORIENTED_EDGE('',*,*,#6008,.F.);
#7925 = ORIENTED_EDGE('',*,*,#7901,.T.);
#7926 = ORIENTED_EDGE('',*,*,#3764,.T.);
#7927 = ORIENTED_EDGE('',*,*,#7928,.F.);
#7928 = EDGE_CURVE('',#6009,#3595,#7929,.T.);
#7929 = SURFACE_CURVE('',#7930,(#7934,#7941),.PCURVE_S1.);
#7930 = LINE('',#7931,#7932);
#7931 = CARTESIAN_POINT('',(11.1,0.,0.));
#7932 = VECTOR('',#7933,1.);
#7933 = DIRECTION('',(0.,0.,1.));
#7934 = PCURVE('',#3907,#7935);
#7935 = DEFINITIONAL_REPRESENTATION('',(#7936),#7940);
#7936 = LINE('',#7937,#7938);
#7937 = CARTESIAN_POINT('',(-6.28318530718,0.));
#7938 = VECTOR('',#7939,1.);
#7939 = DIRECTION('',(-0.,-1.));
#7940 = ( GEOMETRIC_REPRESENTATION_CONTEXT(2) 
PARAMETRIC_REPRESENTATION_CONTEXT() REPRESENTATION_CONTEXT('2D SPACE',''
  ) );
#7941 = PCURVE('',#3737,#7942);
#7942 = DEFINITIONAL_REPRESENTATION('',(#7943),#7947);
#7943 = LINE('',#7944,#7945);
#7944 = CARTESIAN_POINT('',(-0.,0.));
#7945 = VECTOR('',#7946,1.);
#7946 = DIRECTION('',(-0.,-1.));
#7947 = ( GEOMETRIC_REPRESENTATION_CONTEXT(2) 
PARAMETRIC_REPRESENTATION_CONTEXT() REPRESENTATION_CONTEXT('2D SPACE',''
  ) );
#7948 = ADVANCED_FACE('',(#7949),#3737,.T.);
#7949 = FACE_BOUND('',#7950,.F.);
#7950 = EDGE_LOOP('',(#7951,#7952,#7953,#7954));
#7951 = ORIENTED_EDGE('',*,*,#6217,.F.);
#7952 = ORIENTED_EDGE('',*,*,#7928,.T.);
#7953 = ORIENTED_EDGE('',*,*,#3594,.T.);
#7954 = ORIENTED_EDGE('',*,*,#7955,.F.);
#7955 = EDGE_CURVE('',#6218,#3425,#7956,.T.);
#7956 = SURFACE_CURVE('',#7957,(#7961,#7968),.PCURVE_S1.);
#7957 = LINE('',#7958,#7959);
#7958 = CARTESIAN_POINT('',(11.1,0.,0.));
#7959 = VECTOR('',#7960,1.);
#7960 = DIRECTION('',(0.,0.,1.));
#7961 = PCURVE('',#3737,#7962);
#7962 = DEFINITIONAL_REPRESENTATION('',(#7963),#7967);
#7963 = LINE('',#7964,#7965);
#7964 = CARTESIAN_POINT('',(-6.28318530718,0.));
#7965 = VECTOR('',#7966,1.);
#7966 = DIRECTION('',(-0.,-1.));
#7967 = ( GEOMETRIC_REPRESENTATION_CONTEXT(2) 
PARAMETRIC_REPRESENTATION_CONTEXT() REPRESENTATION_CONTEXT('2D SPACE',''
  ) );
#7968 = PCURVE('',#3567,#7969);
#7969 = DEFINITIONAL_REPRESENTATION('',(#7970),#7974);
#7970 = LINE('',#7971,#7972);
#7971 = CARTESIAN_POINT('',(-0.,0.));
#7972 = VECTOR('',#7973,1.);
#7973 = DIRECTION('',(-0.,-1.));
#7974 = ( GEOMETRIC_REPRESENTATION_CONTEXT(2) 
PARAMETRIC_REPRESENTATION_CONTEXT() REPRESENTATION_CONTEXT('2D SPACE',''
  ) );
#7975 = ADVANCED_FACE('',(#7976),#3567,.T.);
#7976 = FACE_BOUND('',#7977,.F.);
#7977 = EDGE_LOOP('',(#7978,#7979,#7980,#7981));
#7978 = ORIENTED_EDGE('',*,*,#6426,.F.);
#7979 = ORIENTED_EDGE('',*,*,#7955,.T.);
#7980 = ORIENTED_EDGE('',*,*,#3424,.T.);
#7981 = ORIENTED_EDGE('',*,*,#7982,.F.);
#7982 = EDGE_CURVE('',#6427,#3255,#7983,.T.);
#7983 = SURFACE_CURVE('',#7984,(#7988,#7995),.PCURVE_S1.);
#7984 = LINE('',#7985,#7986);
#7985 = CARTESIAN_POINT('',(11.1,0.,0.));
#7986 = VECTOR('',#7987,1.);
#7987 = DIRECTION('',(0.,0.,1.));
#7988 = PCURVE('',#3567,#7989);
#7989 = DEFINITIONAL_REPRESENTATION('',(#7990),#7994);
#7990 = LINE('',#7991,#7992);
#7991 = CARTESIAN_POINT('',(-6.28318530718,0.));
#7992 = VECTOR('',#7993,1.);
#7993 = DIRECTION('',(-0.,-1.));
#7994 = ( GEOMETRIC_REPRESENTATION_CONTEXT(2) 
PARAMETRIC_REPRESENTATION_CONTEXT() REPRESENTATION_CONTEXT('2D SPACE',''
  ) );
#7995 = PCURVE('',#3397,#7996);
#7996 = DEFINITIONAL_REPRESENTATION('',(#7997),#8001);
#7997 = LINE('',#7998,#7999);
#7998 = CARTESIAN_POINT('',(-0.,0.));
#7999 = VECTOR('',#8000,1.);
#8000 = DIRECTION('',(-0.,-1.));
#8001 = ( GEOMETRIC_REPRESENTATION_CONTEXT(2) 
PARAMETRIC_REPRESENTATION_CONTEXT() REPRESENTATION_CONTEXT('2D SPACE',''
  ) );
#8002 = ADVANCED_FACE('',(#8003),#3397,.T.);
#8003 = FACE_BOUND('',#8004,.F.);
#8004 = EDGE_LOOP('',(#8005,#8006,#8007,#8008));
#8005 = ORIENTED_EDGE('',*,*,#6635,.F.);
#8006 = ORIENTED_EDGE('',*,*,#7982,.T.);
#8007 = ORIENTED_EDGE('',*,*,#3254,.T.);
#8008 = ORIENTED_EDGE('',*,*,#8009,.F.);
#8009 = EDGE_CURVE('',#6636,#3095,#8010,.T.);
#8010 = SURFACE_CURVE('',#8011,(#8015,#8022),.PCURVE_S1.);
#8011 = LINE('',#8012,#8013);
#8012 = CARTESIAN_POINT('',(11.1,0.,0.));
#8013 = VECTOR('',#8014,1.);
#8014 = DIRECTION('',(0.,0.,1.));
#8015 = PCURVE('',#3397,#8016);
#8016 = DEFINITIONAL_REPRESENTATION('',(#8017),#8021);
#8017 = LINE('',#8018,#8019);
#8018 = CARTESIAN_POINT('',(-6.28318530718,0.));
#8019 = VECTOR('',#8020,1.);
#8020 = DIRECTION('',(-0.,-1.));
#8021 = ( GEOMETRIC_REPRESENTATION_CONTEXT(2) 
PARAMETRIC_REPRESENTATION_CONTEXT() REPRESENTATION_CONTEXT('2D SPACE',''
  ) );
#8022 = PCURVE('',#3237,#8023);
#8023 = DEFINITIONAL_REPRESENTATION('',(#8024),#8028);
#8024 = LINE('',#8025,#8026);
#8025 = CARTESIAN_POINT('',(-0.,0.));
#8026 = VECTOR('',#8027,1.);
#8027 = DIRECTION('',(-0.,-1.));
#8028 = ( GEOMETRIC_REPRESENTATION_CONTEXT(2) 
PARAMETRIC_REPRESENTATION_CONTEXT() REPRESENTATION_CONTEXT('2D SPACE',''
  ) );
#8029 = ADVANCED_FACE('',(#8030),#3237,.T.);
#8030 = FACE_BOUND('',#8031,.F.);
#8031 = EDGE_LOOP('',(#8032,#8033,#8034,#8035));
#8032 = ORIENTED_EDGE('',*,*,#6844,.F.);
#8033 = ORIENTED_EDGE('',*,*,#8009,.T.);
#8034 = ORIENTED_EDGE('',*,*,#3094,.T.);
#8035 = ORIENTED_EDGE('',*,*,#8036,.T.);
#8036 = EDGE_CURVE('',#2962,#6845,#8037,.T.);
#8037 = SURFACE_CURVE('',#8038,(#8043,#8050),.PCURVE_S1.);
#8038 = CIRCLE('',#8039,11.1);
#8039 = AXIS2_PLACEMENT_3D('',#8040,#8041,#8042);
#8040 = CARTESIAN_POINT('',(0.,0.,25.));
#8041 = DIRECTION('',(0.,0.,1.));
#8042 = DIRECTION('',(1.,0.,0.));
#8043 = PCURVE('',#3237,#8044);
#8044 = DEFINITIONAL_REPRESENTATION('',(#8045),#8049);
#8045 = LINE('',#8046,#8047);
#8046 = CARTESIAN_POINT('',(-0.,-25.));
#8047 = VECTOR('',#8048,1.);
#8048 = DIRECTION('',(-1.,0.));
#8049 = ( GEOMETRIC_REPRESENTATION_CONTEXT(2) 
PARAMETRIC_REPRESENTATION_CONTEXT() REPRESENTATION_CONTEXT('2D SPACE',''
  ) );
#8050 = PCURVE('',#3047,#8051);
#8051 = DEFINITIONAL_REPRESENTATION('',(#8052),#8056);
#8052 = CIRCLE('',#8053,11.1);
#8053 = AXIS2_PLACEMENT_2D('',#8054,#8055);
#8054 = CARTESIAN_POINT('',(6.780694872096E-16,4.189455084968E-17));
#8055 = DIRECTION('',(1.,0.));
#8056 = ( GEOMETRIC_REPRESENTATION_CONTEXT(2) 
PARAMETRIC_REPRESENTATION_CONTEXT() REPRESENTATION_CONTEXT('2D SPACE',''
  ) );
#8057 = ADVANCED_FACE('',(#8058,#8085),#3047,.T.);
#8058 = FACE_BOUND('',#8059,.T.);
#8059 = EDGE_LOOP('',(#8060,#8082,#8083,#8084));
#8060 = ORIENTED_EDGE('',*,*,#8061,.T.);
#8061 = EDGE_CURVE('',#6991,#2942,#8062,.T.);
#8062 = SURFACE_CURVE('',#8063,(#8068,#8075),.PCURVE_S1.);
#8063 = CIRCLE('',#8064,12.1);
#8064 = AXIS2_PLACEMENT_3D('',#8065,#8066,#8067);
#8065 = CARTESIAN_POINT('',(0.,0.,25.));
#8066 = DIRECTION('',(0.,0.,1.));
#8067 = DIRECTION('',(0.999999996585,-8.264923965159E-05,0.));
#8068 = PCURVE('',#3047,#8069);
#8069 = DEFINITIONAL_REPRESENTATION('',(#8070),#8074);
#8070 = CIRCLE('',#8071,12.1);
#8071 = AXIS2_PLACEMENT_2D('',#8072,#8073);
#8072 = CARTESIAN_POINT('',(6.780694872096E-16,4.189455084968E-17));
#8073 = DIRECTION('',(0.999999996585,-8.264923965159E-05));
#8074 = ( GEOMETRIC_REPRESENTATION_CONTEXT(2) 
PARAMETRIC_REPRESENTATION_CONTEXT() REPRESENTATION_CONTEXT('2D SPACE',''
  ) );
#8075 = PCURVE('',#2927,#8076);
#8076 = DEFINITIONAL_REPRESENTATION('',(#8077),#8081);
#8077 = LINE('',#8078,#8079);
#8078 = CARTESIAN_POINT('',(-6.28310265794,-25.));
#8079 = VECTOR('',#8080,1.);
#8080 = DIRECTION('',(-1.,0.));
#8081 = ( GEOMETRIC_REPRESENTATION_CONTEXT(2) 
PARAMETRIC_REPRESENTATION_CONTEXT() REPRESENTATION_CONTEXT('2D SPACE',''
  ) );
#8082 = ORIENTED_EDGE('',*,*,#2961,.T.);
#8083 = ORIENTED_EDGE('',*,*,#8036,.T.);
#8084 = ORIENTED_EDGE('',*,*,#6990,.T.);
#8085 = FACE_BOUND('',#8086,.T.);
#8086 = EDGE_LOOP('',(#8087));
#8087 = ORIENTED_EDGE('',*,*,#8088,.F.);
#8088 = EDGE_CURVE('',#8089,#8089,#8091,.T.);
#8089 = VERTEX_POINT('',#8090);
#8090 = CARTESIAN_POINT('',(8.6,4.000803691681E-16,25.));
#8091 = SURFACE_CURVE('',#8092,(#8097,#8104),.PCURVE_S1.);
#8092 = CIRCLE('',#8093,8.6);
#8093 = AXIS2_PLACEMENT_3D('',#8094,#8095,#8096);
#8094 = CARTESIAN_POINT('',(5.281060873893E-14,8.001607384686E-16,25.));
#8095 = DIRECTION('',(0.,0.,1.));
#8096 = DIRECTION('',(1.,0.,0.));
#8097 = PCURVE('',#3047,#8098);
#8098 = DEFINITIONAL_REPRESENTATION('',(#8099),#8103);
#8099 = CIRCLE('',#8100,8.6);
#8100 = AXIS2_PLACEMENT_2D('',#8101,#8102);
#8101 = CARTESIAN_POINT('',(5.348867822614E-14,8.420552893183E-16));
#8102 = DIRECTION('',(1.,0.));
#8103 = ( GEOMETRIC_REPRESENTATION_CONTEXT(2) 
PARAMETRIC_REPRESENTATION_CONTEXT() REPRESENTATION_CONTEXT('2D SPACE',''
  ) );
#8104 = PCURVE('',#7802,#8105);
#8105 = DEFINITIONAL_REPRESENTATION('',(#8106),#8110);
#8106 = LINE('',#8107,#8108);
#8107 = CARTESIAN_POINT('',(-0.,-25.));
#8108 = VECTOR('',#8109,1.);
#8109 = DIRECTION('',(-1.,0.));
#8110 = ( GEOMETRIC_REPRESENTATION_CONTEXT(2) 
PARAMETRIC_REPRESENTATION_CONTEXT() REPRESENTATION_CONTEXT('2D SPACE',''
  ) );
#8111 = ADVANCED_FACE('',(#8112),#2927,.T.);
#8112 = FACE_BOUND('',#8113,.F.);
#8113 = EDGE_LOOP('',(#8114,#8115,#8116,#8117));
#8114 = ORIENTED_EDGE('',*,*,#2941,.F.);
#8115 = ORIENTED_EDGE('',*,*,#2907,.F.);
#8116 = ORIENTED_EDGE('',*,*,#7082,.F.);
#8117 = ORIENTED_EDGE('',*,*,#8061,.T.);
#8118 = ADVANCED_FACE('',(#8119),#2835,.T.);
#8119 = FACE_BOUND('',#8120,.F.);
#8120 = EDGE_LOOP('',(#8121,#8122,#8123));
#8121 = ORIENTED_EDGE('',*,*,#2788,.T.);
#8122 = ORIENTED_EDGE('',*,*,#7145,.F.);
#8123 = ORIENTED_EDGE('',*,*,#7116,.F.);
#8124 = ADVANCED_FACE('',(#8125),#2732,.T.);
#8125 = FACE_BOUND('',#8126,.F.);
#8126 = EDGE_LOOP('',(#8127,#8128));
#8127 = ORIENTED_EDGE('',*,*,#2704,.F.);
#8128 = ORIENTED_EDGE('',*,*,#7173,.F.);
#8129 = ADVANCED_FACE('',(#8130),#2499,.T.);
#8130 = FACE_BOUND('',#8131,.F.);
#8131 = EDGE_LOOP('',(#8132,#8133));
#8132 = ORIENTED_EDGE('',*,*,#2471,.F.);
#8133 = ORIENTED_EDGE('',*,*,#7213,.F.);
#8134 = ADVANCED_FACE('',(#8135),#2298,.T.);
#8135 = FACE_BOUND('',#8136,.F.);
#8136 = EDGE_LOOP('',(#8137,#8138,#8139));
#8137 = ORIENTED_EDGE('',*,*,#2312,.F.);
#8138 = ORIENTED_EDGE('',*,*,#2278,.F.);
#8139 = ORIENTED_EDGE('',*,*,#7253,.T.);
#8140 = ADVANCED_FACE('',(#8141),#2206,.T.);
#8141 = FACE_BOUND('',#8142,.F.);
#8142 = EDGE_LOOP('',(#8143,#8144,#8145));
#8143 = ORIENTED_EDGE('',*,*,#2159,.T.);
#8144 = ORIENTED_EDGE('',*,*,#7357,.F.);
#8145 = ORIENTED_EDGE('',*,*,#7328,.F.);
#8146 = ADVANCED_FACE('',(#8147),#2103,.T.);
#8147 = FACE_BOUND('',#8148,.F.);
#8148 = EDGE_LOOP('',(#8149,#8150));
#8149 = ORIENTED_EDGE('',*,*,#2075,.F.);
#8150 = ORIENTED_EDGE('',*,*,#7385,.F.);
#8151 = ADVANCED_FACE('',(#8152),#1870,.T.);
#8152 = FACE_BOUND('',#8153,.F.);
#8153 = EDGE_LOOP('',(#8154,#8155));
#8154 = ORIENTED_EDGE('',*,*,#1842,.F.);
#8155 = ORIENTED_EDGE('',*,*,#7425,.F.);
#8156 = ADVANCED_FACE('',(#8157),#1669,.T.);
#8157 = FACE_BOUND('',#8158,.F.);
#8158 = EDGE_LOOP('',(#8159,#8160,#8161));
#8159 = ORIENTED_EDGE('',*,*,#1683,.F.);
#8160 = ORIENTED_EDGE('',*,*,#1649,.F.);
#8161 = ORIENTED_EDGE('',*,*,#7465,.T.);
#8162 = ADVANCED_FACE('',(#8163),#1577,.T.);
#8163 = FACE_BOUND('',#8164,.F.);
#8164 = EDGE_LOOP('',(#8165,#8166,#8167));
#8165 = ORIENTED_EDGE('',*,*,#1530,.T.);
#8166 = ORIENTED_EDGE('',*,*,#7569,.F.);
#8167 = ORIENTED_EDGE('',*,*,#7540,.F.);
#8168 = ADVANCED_FACE('',(#8169),#1474,.T.);
#8169 = FACE_BOUND('',#8170,.F.);
#8170 = EDGE_LOOP('',(#8171,#8172));
#8171 = ORIENTED_EDGE('',*,*,#1446,.F.);
#8172 = ORIENTED_EDGE('',*,*,#7597,.F.);
#8173 = ADVANCED_FACE('',(#8174),#1241,.T.);
#8174 = FACE_BOUND('',#8175,.F.);
#8175 = EDGE_LOOP('',(#8176,#8177));
#8176 = ORIENTED_EDGE('',*,*,#1213,.F.);
#8177 = ORIENTED_EDGE('',*,*,#7637,.F.);
#8178 = ADVANCED_FACE('',(#8179),#1040,.T.);
#8179 = FACE_BOUND('',#8180,.F.);
#8180 = EDGE_LOOP('',(#8181,#8182,#8183));
#8181 = ORIENTED_EDGE('',*,*,#1054,.F.);
#8182 = ORIENTED_EDGE('',*,*,#1020,.F.);
#8183 = ORIENTED_EDGE('',*,*,#7677,.T.);
#8184 = ADVANCED_FACE('',(#8185),#966,.T.);
#8185 = FACE_BOUND('',#8186,.F.);
#8186 = EDGE_LOOP('',(#8187,#8188,#8189,#8190));
#8187 = ORIENTED_EDGE('',*,*,#7756,.T.);
#8188 = ORIENTED_EDGE('',*,*,#5024,.F.);
#8189 = ORIENTED_EDGE('',*,*,#4995,.F.);
#8190 = ORIENTED_EDGE('',*,*,#942,.F.);
#8191 = ADVANCED_FACE('',(#8192),#7802,.F.);
#8192 = FACE_BOUND('',#8193,.T.);
#8193 = EDGE_LOOP('',(#8194,#8215,#8216,#8217));
#8194 = ORIENTED_EDGE('',*,*,#8195,.T.);
#8195 = EDGE_CURVE('',#7786,#8089,#8196,.T.);
#8196 = SEAM_CURVE('',#8197,(#8201,#8208),.PCURVE_S1.);
#8197 = LINE('',#8198,#8199);
#8198 = CARTESIAN_POINT('',(8.6,8.001607384686E-16,0.));
#8199 = VECTOR('',#8200,1.);
#8200 = DIRECTION('',(0.,0.,1.));
#8201 = PCURVE('',#7802,#8202);
#8202 = DEFINITIONAL_REPRESENTATION('',(#8203),#8207);
#8203 = LINE('',#8204,#8205);
#8204 = CARTESIAN_POINT('',(-0.,0.));
#8205 = VECTOR('',#8206,1.);
#8206 = DIRECTION('',(-0.,-1.));
#8207 = ( GEOMETRIC_REPRESENTATION_CONTEXT(2) 
PARAMETRIC_REPRESENTATION_CONTEXT() REPRESENTATION_CONTEXT('2D SPACE',''
  ) );
#8208 = PCURVE('',#7802,#8209);
#8209 = DEFINITIONAL_REPRESENTATION('',(#8210),#8214);
#8210 = LINE('',#8211,#8212);
#8211 = CARTESIAN_POINT('',(-6.28318530718,0.));
#8212 = VECTOR('',#8213,1.);
#8213 = DIRECTION('',(-0.,-1.));
#8214 = ( GEOMETRIC_REPRESENTATION_CONTEXT(2) 
PARAMETRIC_REPRESENTATION_CONTEXT() REPRESENTATION_CONTEXT('2D SPACE',''
  ) );
#8215 = ORIENTED_EDGE('',*,*,#8088,.T.);
#8216 = ORIENTED_EDGE('',*,*,#8195,.F.);
#8217 = ORIENTED_EDGE('',*,*,#7785,.F.);
#8218 = ( GEOMETRIC_REPRESENTATION_CONTEXT(3) 
GLOBAL_UNCERTAINTY_ASSIGNED_CONTEXT((#8222)) 
GLOBAL_UNIT_ASSIGNED_CONTEXT((#8219,#8220,#8221)) REPRESENTATION_CONTEXT
('Context #1','3D Context with UNIT and UNCERTAINTY') );
#8219 = ( LENGTH_UNIT() NAMED_UNIT(*) SI_UNIT(.MILLI.,.METRE.) );
#8220 = ( NAMED_UNIT(*) PLANE_ANGLE_UNIT() SI_UNIT($,.RADIAN.) );
#8221 = ( NAMED_UNIT(*) SI_UNIT($,.STERADIAN.) SOLID_ANGLE_UNIT() );
#8222 = UNCERTAINTY_MEASURE_WITH_UNIT(LENGTH_MEASURE(5.E-02),#8219,
  'distance_accuracy_value','confusion accuracy');
#8223 = PRODUCT_RELATED_PRODUCT_CATEGORY('part',$,(#7));
ENDSEC;
END-ISO-10303-21;
