ISO-10303-21;
HEADER;
FILE_DESCRIPTION(('Open CASCADE Model'),'2;1');
FILE_NAME('Open CASCADE Shape Model','2026-06-09T01:06:51',('Author'),(
    'Open CASCADE'),'Open CASCADE STEP processor 7.8','Open CASCADE 7.8'
  ,'Unknown');
FILE_SCHEMA(('AUTOMOTIVE_DESIGN { 1 0 10303 214 1 1 1 1 }'));
ENDSEC;
DATA;
#1 = APPLICATION_PROTOCOL_DEFINITION('international standard',
  'automotive_design',2000,#2);
#2 = APPLICATION_CONTEXT(
  'core data for automotive mechanical design processes');
#3 = SHAPE_DEFINITION_REPRESENTATION(#4,#10);
#4 = PRODUCT_DEFINITION_SHAPE('','',#5);
#5 = PRODUCT_DEFINITION('design','',#6,#9);
#6 = PRODUCT_DEFINITION_FORMATION('','',#7);
#7 = PRODUCT('Open CASCADE STEP translator 7.8 1',
  'Open CASCADE STEP translator 7.8 1','',(#8));
#8 = PRODUCT_CONTEXT('',#2,'mechanical');
#9 = PRODUCT_DEFINITION_CONTEXT('part definition',#2,'design');
#10 = ADVANCED_BREP_SHAPE_REPRESENTATION('',(#11,#15),#6375);
#11 = AXIS2_PLACEMENT_3D('',#12,#13,#14);
#12 = CARTESIAN_POINT('',(0.,0.,0.));
#13 = DIRECTION('',(0.,0.,1.));
#14 = DIRECTION('',(1.,0.,-0.));
#15 = MANIFOLD_SOLID_BREP('',#16);
#16 = CLOSED_SHELL('',(#17,#249,#325,#486,#535,#584,#1458,#1507,#1556,
    #1680,#1758,#2040,#2111,#2138,#2149,#2176,#2183,#4225,#4460,#6179,
    #6205,#6233,#6260,#6287,#6314,#6341,#6368));
#17 = ADVANCED_FACE('',(#18),#32,.F.);
#18 = FACE_BOUND('',#19,.T.);
#19 = EDGE_LOOP('',(#20,#55,#83,#111,#139,#167,#195,#223));
#20 = ORIENTED_EDGE('',*,*,#21,.F.);
#21 = EDGE_CURVE('',#22,#24,#26,.T.);
#22 = VERTEX_POINT('',#23);
#23 = CARTESIAN_POINT('',(25.,40.,-95.));
#24 = VERTEX_POINT('',#25);
#25 = CARTESIAN_POINT('',(25.,40.,-54.677140719));
#26 = SURFACE_CURVE('',#27,(#31,#43),.PCURVE_S1.);
#27 = LINE('',#28,#29);
#28 = CARTESIAN_POINT('',(25.,40.,-95.));
#29 = VECTOR('',#30,1.);
#30 = DIRECTION('',(-0.,0.,1.));
#31 = PCURVE('',#32,#37);
#32 = PLANE('',#33);
#33 = AXIS2_PLACEMENT_3D('',#34,#35,#36);
#34 = CARTESIAN_POINT('',(25.,25.,-95.));
#35 = DIRECTION('',(-1.,0.,-0.));
#36 = DIRECTION('',(0.,1.,0.));
#37 = DEFINITIONAL_REPRESENTATION('',(#38),#42);
#38 = LINE('',#39,#40);
#39 = CARTESIAN_POINT('',(15.,0.));
#40 = VECTOR('',#41,1.);
#41 = DIRECTION('',(0.,-1.));
#42 = ( GEOMETRIC_REPRESENTATION_CONTEXT(2) 
PARAMETRIC_REPRESENTATION_CONTEXT() REPRESENTATION_CONTEXT('2D SPACE',''
  ) );
#43 = PCURVE('',#44,#49);
#44 = PLANE('',#45);
#45 = AXIS2_PLACEMENT_3D('',#46,#47,#48);
#46 = CARTESIAN_POINT('',(0.,40.,0.));
#47 = DIRECTION('',(0.,-1.,0.));
#48 = DIRECTION('',(1.,0.,0.));
#49 = DEFINITIONAL_REPRESENTATION('',(#50),#54);
#50 = LINE('',#51,#52);
#51 = CARTESIAN_POINT('',(25.,-95.));
#52 = VECTOR('',#53,1.);
#53 = DIRECTION('',(0.,1.));
#54 = ( GEOMETRIC_REPRESENTATION_CONTEXT(2) 
PARAMETRIC_REPRESENTATION_CONTEXT() REPRESENTATION_CONTEXT('2D SPACE',''
  ) );
#55 = ORIENTED_EDGE('',*,*,#56,.F.);
#56 = EDGE_CURVE('',#57,#22,#59,.T.);
#57 = VERTEX_POINT('',#58);
#58 = CARTESIAN_POINT('',(25.,50.,-95.));
#59 = SURFACE_CURVE('',#60,(#64,#71),.PCURVE_S1.);
#60 = LINE('',#61,#62);
#61 = CARTESIAN_POINT('',(25.,50.,-95.));
#62 = VECTOR('',#63,1.);
#63 = DIRECTION('',(-0.,-1.,-0.));
#64 = PCURVE('',#32,#65);
#65 = DEFINITIONAL_REPRESENTATION('',(#66),#70);
#66 = LINE('',#67,#68);
#67 = CARTESIAN_POINT('',(25.,0.));
#68 = VECTOR('',#69,1.);
#69 = DIRECTION('',(-1.,0.));
#70 = ( GEOMETRIC_REPRESENTATION_CONTEXT(2) 
PARAMETRIC_REPRESENTATION_CONTEXT() REPRESENTATION_CONTEXT('2D SPACE',''
  ) );
#71 = PCURVE('',#72,#77);
#72 = PLANE('',#73);
#73 = AXIS2_PLACEMENT_3D('',#74,#75,#76);
#74 = CARTESIAN_POINT('',(0.,25.,-95.));
#75 = DIRECTION('',(-0.,-0.,1.));
#76 = DIRECTION('',(1.,0.,0.));
#77 = DEFINITIONAL_REPRESENTATION('',(#78),#82);
#78 = LINE('',#79,#80);
#79 = CARTESIAN_POINT('',(25.,25.));
#80 = VECTOR('',#81,1.);
#81 = DIRECTION('',(0.,-1.));
#82 = ( GEOMETRIC_REPRESENTATION_CONTEXT(2) 
PARAMETRIC_REPRESENTATION_CONTEXT() REPRESENTATION_CONTEXT('2D SPACE',''
  ) );
#83 = ORIENTED_EDGE('',*,*,#84,.T.);
#84 = EDGE_CURVE('',#57,#85,#87,.T.);
#85 = VERTEX_POINT('',#86);
#86 = CARTESIAN_POINT('',(25.,50.,-25.));
#87 = SURFACE_CURVE('',#88,(#92,#99),.PCURVE_S1.);
#88 = LINE('',#89,#90);
#89 = CARTESIAN_POINT('',(25.,50.,-95.));
#90 = VECTOR('',#91,1.);
#91 = DIRECTION('',(-0.,-0.,1.));
#92 = PCURVE('',#32,#93);
#93 = DEFINITIONAL_REPRESENTATION('',(#94),#98);
#94 = LINE('',#95,#96);
#95 = CARTESIAN_POINT('',(25.,0.));
#96 = VECTOR('',#97,1.);
#97 = DIRECTION('',(0.,-1.));
#98 = ( GEOMETRIC_REPRESENTATION_CONTEXT(2) 
PARAMETRIC_REPRESENTATION_CONTEXT() REPRESENTATION_CONTEXT('2D SPACE',''
  ) );
#99 = PCURVE('',#100,#105);
#100 = PLANE('',#101);
#101 = AXIS2_PLACEMENT_3D('',#102,#103,#104);
#102 = CARTESIAN_POINT('',(0.,50.,-95.));
#103 = DIRECTION('',(-0.,-1.,-0.));
#104 = DIRECTION('',(-1.,0.,-0.));
#105 = DEFINITIONAL_REPRESENTATION('',(#106),#110);
#106 = LINE('',#107,#108);
#107 = CARTESIAN_POINT('',(-25.,0.));
#108 = VECTOR('',#109,1.);
#109 = DIRECTION('',(0.,-1.));
#110 = ( GEOMETRIC_REPRESENTATION_CONTEXT(2) 
PARAMETRIC_REPRESENTATION_CONTEXT() REPRESENTATION_CONTEXT('2D SPACE',''
  ) );
#111 = ORIENTED_EDGE('',*,*,#112,.F.);
#112 = EDGE_CURVE('',#113,#85,#115,.T.);
#113 = VERTEX_POINT('',#114);
#114 = CARTESIAN_POINT('',(25.,70.,-25.));
#115 = SURFACE_CURVE('',#116,(#120,#127),.PCURVE_S1.);
#116 = LINE('',#117,#118);
#117 = CARTESIAN_POINT('',(25.,70.,-25.));
#118 = VECTOR('',#119,1.);
#119 = DIRECTION('',(0.,-1.,0.));
#120 = PCURVE('',#32,#121);
#121 = DEFINITIONAL_REPRESENTATION('',(#122),#126);
#122 = LINE('',#123,#124);
#123 = CARTESIAN_POINT('',(45.,-70.));
#124 = VECTOR('',#125,1.);
#125 = DIRECTION('',(-1.,0.));
#126 = ( GEOMETRIC_REPRESENTATION_CONTEXT(2) 
PARAMETRIC_REPRESENTATION_CONTEXT() REPRESENTATION_CONTEXT('2D SPACE',''
  ) );
#127 = PCURVE('',#128,#133);
#128 = PLANE('',#129);
#129 = AXIS2_PLACEMENT_3D('',#130,#131,#132);
#130 = CARTESIAN_POINT('',(0.,70.,-25.));
#131 = DIRECTION('',(-0.,0.,1.));
#132 = DIRECTION('',(1.,0.,0.));
#133 = DEFINITIONAL_REPRESENTATION('',(#134),#138);
#134 = LINE('',#135,#136);
#135 = CARTESIAN_POINT('',(25.,0.));
#136 = VECTOR('',#137,1.);
#137 = DIRECTION('',(0.,-1.));
#138 = ( GEOMETRIC_REPRESENTATION_CONTEXT(2) 
PARAMETRIC_REPRESENTATION_CONTEXT() REPRESENTATION_CONTEXT('2D SPACE',''
  ) );
#139 = ORIENTED_EDGE('',*,*,#140,.F.);
#140 = EDGE_CURVE('',#141,#113,#143,.T.);
#141 = VERTEX_POINT('',#142);
#142 = CARTESIAN_POINT('',(25.,70.,25.));
#143 = SURFACE_CURVE('',#144,(#148,#155),.PCURVE_S1.);
#144 = LINE('',#145,#146);
#145 = CARTESIAN_POINT('',(25.,70.,25.));
#146 = VECTOR('',#147,1.);
#147 = DIRECTION('',(0.,0.,-1.));
#148 = PCURVE('',#32,#149);
#149 = DEFINITIONAL_REPRESENTATION('',(#150),#154);
#150 = LINE('',#151,#152);
#151 = CARTESIAN_POINT('',(45.,-120.));
#152 = VECTOR('',#153,1.);
#153 = DIRECTION('',(0.,1.));
#154 = ( GEOMETRIC_REPRESENTATION_CONTEXT(2) 
PARAMETRIC_REPRESENTATION_CONTEXT() REPRESENTATION_CONTEXT('2D SPACE',''
  ) );
#155 = PCURVE('',#156,#161);
#156 = PLANE('',#157);
#157 = AXIS2_PLACEMENT_3D('',#158,#159,#160);
#158 = CARTESIAN_POINT('',(0.,70.,0.));
#159 = DIRECTION('',(0.,-1.,0.));
#160 = DIRECTION('',(1.,0.,0.));
#161 = DEFINITIONAL_REPRESENTATION('',(#162),#166);
#162 = LINE('',#163,#164);
#163 = CARTESIAN_POINT('',(25.,25.));
#164 = VECTOR('',#165,1.);
#165 = DIRECTION('',(0.,-1.));
#166 = ( GEOMETRIC_REPRESENTATION_CONTEXT(2) 
PARAMETRIC_REPRESENTATION_CONTEXT() REPRESENTATION_CONTEXT('2D SPACE',''
  ) );
#167 = ORIENTED_EDGE('',*,*,#168,.T.);
#168 = EDGE_CURVE('',#141,#169,#171,.T.);
#169 = VERTEX_POINT('',#170);
#170 = CARTESIAN_POINT('',(25.,0.,25.));
#171 = SURFACE_CURVE('',#172,(#176,#183),.PCURVE_S1.);
#172 = LINE('',#173,#174);
#173 = CARTESIAN_POINT('',(25.,70.,25.));
#174 = VECTOR('',#175,1.);
#175 = DIRECTION('',(0.,-1.,0.));
#176 = PCURVE('',#32,#177);
#177 = DEFINITIONAL_REPRESENTATION('',(#178),#182);
#178 = LINE('',#179,#180);
#179 = CARTESIAN_POINT('',(45.,-120.));
#180 = VECTOR('',#181,1.);
#181 = DIRECTION('',(-1.,0.));
#182 = ( GEOMETRIC_REPRESENTATION_CONTEXT(2) 
PARAMETRIC_REPRESENTATION_CONTEXT() REPRESENTATION_CONTEXT('2D SPACE',''
  ) );
#183 = PCURVE('',#184,#189);
#184 = PLANE('',#185);
#185 = AXIS2_PLACEMENT_3D('',#186,#187,#188);
#186 = CARTESIAN_POINT('',(-0.,70.,25.));
#187 = DIRECTION('',(0.,0.,-1.));
#188 = DIRECTION('',(-1.,0.,-0.));
#189 = DEFINITIONAL_REPRESENTATION('',(#190),#194);
#190 = LINE('',#191,#192);
#191 = CARTESIAN_POINT('',(-25.,0.));
#192 = VECTOR('',#193,1.);
#193 = DIRECTION('',(-0.,-1.));
#194 = ( GEOMETRIC_REPRESENTATION_CONTEXT(2) 
PARAMETRIC_REPRESENTATION_CONTEXT() REPRESENTATION_CONTEXT('2D SPACE',''
  ) );
#195 = ORIENTED_EDGE('',*,*,#196,.F.);
#196 = EDGE_CURVE('',#197,#169,#199,.T.);
#197 = VERTEX_POINT('',#198);
#198 = CARTESIAN_POINT('',(25.,0.,-54.677140719));
#199 = SURFACE_CURVE('',#200,(#204,#211),.PCURVE_S1.);
#200 = LINE('',#201,#202);
#201 = CARTESIAN_POINT('',(25.,-0.,-54.677140719));
#202 = VECTOR('',#203,1.);
#203 = DIRECTION('',(-0.,-0.,1.));
#204 = PCURVE('',#32,#205);
#205 = DEFINITIONAL_REPRESENTATION('',(#206),#210);
#206 = LINE('',#207,#208);
#207 = CARTESIAN_POINT('',(-25.,-40.322859281));
#208 = VECTOR('',#209,1.);
#209 = DIRECTION('',(0.,-1.));
#210 = ( GEOMETRIC_REPRESENTATION_CONTEXT(2) 
PARAMETRIC_REPRESENTATION_CONTEXT() REPRESENTATION_CONTEXT('2D SPACE',''
  ) );
#211 = PCURVE('',#212,#217);
#212 = PLANE('',#213);
#213 = AXIS2_PLACEMENT_3D('',#214,#215,#216);
#214 = CARTESIAN_POINT('',(0.,0.,-95.));
#215 = DIRECTION('',(-0.,1.,0.));
#216 = DIRECTION('',(1.,0.,0.));
#217 = DEFINITIONAL_REPRESENTATION('',(#218),#222);
#218 = LINE('',#219,#220);
#219 = CARTESIAN_POINT('',(25.,-40.322859281));
#220 = VECTOR('',#221,1.);
#221 = DIRECTION('',(0.,-1.));
#222 = ( GEOMETRIC_REPRESENTATION_CONTEXT(2) 
PARAMETRIC_REPRESENTATION_CONTEXT() REPRESENTATION_CONTEXT('2D SPACE',''
  ) );
#223 = ORIENTED_EDGE('',*,*,#224,.F.);
#224 = EDGE_CURVE('',#24,#197,#225,.T.);
#225 = SURFACE_CURVE('',#226,(#230,#237),.PCURVE_S1.);
#226 = LINE('',#227,#228);
#227 = CARTESIAN_POINT('',(25.,40.,-54.677140719));
#228 = VECTOR('',#229,1.);
#229 = DIRECTION('',(0.,-1.,0.));
#230 = PCURVE('',#32,#231);
#231 = DEFINITIONAL_REPRESENTATION('',(#232),#236);
#232 = LINE('',#233,#234);
#233 = CARTESIAN_POINT('',(15.,-40.322859281));
#234 = VECTOR('',#235,1.);
#235 = DIRECTION('',(-1.,0.));
#236 = ( GEOMETRIC_REPRESENTATION_CONTEXT(2) 
PARAMETRIC_REPRESENTATION_CONTEXT() REPRESENTATION_CONTEXT('2D SPACE',''
  ) );
#237 = PCURVE('',#238,#243);
#238 = PLANE('',#239);
#239 = AXIS2_PLACEMENT_3D('',#240,#241,#242);
#240 = CARTESIAN_POINT('',(0.,40.,-54.677140719));
#241 = DIRECTION('',(0.,0.,-1.));
#242 = DIRECTION('',(-1.,0.,0.));
#243 = DEFINITIONAL_REPRESENTATION('',(#244),#248);
#244 = LINE('',#245,#246);
#245 = CARTESIAN_POINT('',(-25.,0.));
#246 = VECTOR('',#247,1.);
#247 = DIRECTION('',(0.,-1.));
#248 = ( GEOMETRIC_REPRESENTATION_CONTEXT(2) 
PARAMETRIC_REPRESENTATION_CONTEXT() REPRESENTATION_CONTEXT('2D SPACE',''
  ) );
#249 = ADVANCED_FACE('',(#250),#44,.T.);
#250 = FACE_BOUND('',#251,.T.);
#251 = EDGE_LOOP('',(#252,#282,#303,#304));
#252 = ORIENTED_EDGE('',*,*,#253,.T.);
#253 = EDGE_CURVE('',#254,#256,#258,.T.);
#254 = VERTEX_POINT('',#255);
#255 = CARTESIAN_POINT('',(22.,40.,-54.677140719));
#256 = VERTEX_POINT('',#257);
#257 = CARTESIAN_POINT('',(22.,40.,-95.));
#258 = SURFACE_CURVE('',#259,(#263,#270),.PCURVE_S1.);
#259 = LINE('',#260,#261);
#260 = CARTESIAN_POINT('',(22.,40.,-54.677140719));
#261 = VECTOR('',#262,1.);
#262 = DIRECTION('',(0.,0.,-1.));
#263 = PCURVE('',#44,#264);
#264 = DEFINITIONAL_REPRESENTATION('',(#265),#269);
#265 = LINE('',#266,#267);
#266 = CARTESIAN_POINT('',(22.,-54.677140719));
#267 = VECTOR('',#268,1.);
#268 = DIRECTION('',(0.,-1.));
#269 = ( GEOMETRIC_REPRESENTATION_CONTEXT(2) 
PARAMETRIC_REPRESENTATION_CONTEXT() REPRESENTATION_CONTEXT('2D SPACE',''
  ) );
#270 = PCURVE('',#271,#276);
#271 = PLANE('',#272);
#272 = AXIS2_PLACEMENT_3D('',#273,#274,#275);
#273 = CARTESIAN_POINT('',(22.,25.,21.));
#274 = DIRECTION('',(1.,-0.,0.));
#275 = DIRECTION('',(0.,0.,-1.));
#276 = DEFINITIONAL_REPRESENTATION('',(#277),#281);
#277 = LINE('',#278,#279);
#278 = CARTESIAN_POINT('',(75.677140719,15.));
#279 = VECTOR('',#280,1.);
#280 = DIRECTION('',(1.,0.));
#281 = ( GEOMETRIC_REPRESENTATION_CONTEXT(2) 
PARAMETRIC_REPRESENTATION_CONTEXT() REPRESENTATION_CONTEXT('2D SPACE',''
  ) );
#282 = ORIENTED_EDGE('',*,*,#283,.F.);
#283 = EDGE_CURVE('',#22,#256,#284,.T.);
#284 = SURFACE_CURVE('',#285,(#289,#296),.PCURVE_S1.);
#285 = LINE('',#286,#287);
#286 = CARTESIAN_POINT('',(25.,40.,-95.));
#287 = VECTOR('',#288,1.);
#288 = DIRECTION('',(-1.,0.,-0.));
#289 = PCURVE('',#44,#290);
#290 = DEFINITIONAL_REPRESENTATION('',(#291),#295);
#291 = LINE('',#292,#293);
#292 = CARTESIAN_POINT('',(25.,-95.));
#293 = VECTOR('',#294,1.);
#294 = DIRECTION('',(-1.,0.));
#295 = ( GEOMETRIC_REPRESENTATION_CONTEXT(2) 
PARAMETRIC_REPRESENTATION_CONTEXT() REPRESENTATION_CONTEXT('2D SPACE',''
  ) );
#296 = PCURVE('',#72,#297);
#297 = DEFINITIONAL_REPRESENTATION('',(#298),#302);
#298 = LINE('',#299,#300);
#299 = CARTESIAN_POINT('',(25.,15.));
#300 = VECTOR('',#301,1.);
#301 = DIRECTION('',(-1.,0.));
#302 = ( GEOMETRIC_REPRESENTATION_CONTEXT(2) 
PARAMETRIC_REPRESENTATION_CONTEXT() REPRESENTATION_CONTEXT('2D SPACE',''
  ) );
#303 = ORIENTED_EDGE('',*,*,#21,.T.);
#304 = ORIENTED_EDGE('',*,*,#305,.F.);
#305 = EDGE_CURVE('',#254,#24,#306,.T.);
#306 = SURFACE_CURVE('',#307,(#311,#318),.PCURVE_S1.);
#307 = LINE('',#308,#309);
#308 = CARTESIAN_POINT('',(22.,40.,-54.677140719));
#309 = VECTOR('',#310,1.);
#310 = DIRECTION('',(1.,0.,-0.));
#311 = PCURVE('',#44,#312);
#312 = DEFINITIONAL_REPRESENTATION('',(#313),#317);
#313 = LINE('',#314,#315);
#314 = CARTESIAN_POINT('',(22.,-54.677140719));
#315 = VECTOR('',#316,1.);
#316 = DIRECTION('',(1.,0.));
#317 = ( GEOMETRIC_REPRESENTATION_CONTEXT(2) 
PARAMETRIC_REPRESENTATION_CONTEXT() REPRESENTATION_CONTEXT('2D SPACE',''
  ) );
#318 = PCURVE('',#238,#319);
#319 = DEFINITIONAL_REPRESENTATION('',(#320),#324);
#320 = LINE('',#321,#322);
#321 = CARTESIAN_POINT('',(-22.,0.));
#322 = VECTOR('',#323,1.);
#323 = DIRECTION('',(-1.,0.));
#324 = ( GEOMETRIC_REPRESENTATION_CONTEXT(2) 
PARAMETRIC_REPRESENTATION_CONTEXT() REPRESENTATION_CONTEXT('2D SPACE',''
  ) );
#325 = ADVANCED_FACE('',(#326),#72,.F.);
#326 = FACE_BOUND('',#327,.T.);
#327 = EDGE_LOOP('',(#328,#329,#330,#353,#381,#409,#437,#465));
#328 = ORIENTED_EDGE('',*,*,#56,.T.);
#329 = ORIENTED_EDGE('',*,*,#283,.T.);
#330 = ORIENTED_EDGE('',*,*,#331,.F.);
#331 = EDGE_CURVE('',#332,#256,#334,.T.);
#332 = VERTEX_POINT('',#333);
#333 = CARTESIAN_POINT('',(22.,47.,-95.));
#334 = SURFACE_CURVE('',#335,(#339,#346),.PCURVE_S1.);
#335 = LINE('',#336,#337);
#336 = CARTESIAN_POINT('',(22.,47.,-95.));
#337 = VECTOR('',#338,1.);
#338 = DIRECTION('',(-0.,-1.,-0.));
#339 = PCURVE('',#72,#340);
#340 = DEFINITIONAL_REPRESENTATION('',(#341),#345);
#341 = LINE('',#342,#343);
#342 = CARTESIAN_POINT('',(22.,22.));
#343 = VECTOR('',#344,1.);
#344 = DIRECTION('',(0.,-1.));
#345 = ( GEOMETRIC_REPRESENTATION_CONTEXT(2) 
PARAMETRIC_REPRESENTATION_CONTEXT() REPRESENTATION_CONTEXT('2D SPACE',''
  ) );
#346 = PCURVE('',#271,#347);
#347 = DEFINITIONAL_REPRESENTATION('',(#348),#352);
#348 = LINE('',#349,#350);
#349 = CARTESIAN_POINT('',(116.,22.));
#350 = VECTOR('',#351,1.);
#351 = DIRECTION('',(0.,-1.));
#352 = ( GEOMETRIC_REPRESENTATION_CONTEXT(2) 
PARAMETRIC_REPRESENTATION_CONTEXT() REPRESENTATION_CONTEXT('2D SPACE',''
  ) );
#353 = ORIENTED_EDGE('',*,*,#354,.F.);
#354 = EDGE_CURVE('',#355,#332,#357,.T.);
#355 = VERTEX_POINT('',#356);
#356 = CARTESIAN_POINT('',(-22.,47.,-95.));
#357 = SURFACE_CURVE('',#358,(#362,#369),.PCURVE_S1.);
#358 = LINE('',#359,#360);
#359 = CARTESIAN_POINT('',(-22.,47.,-95.));
#360 = VECTOR('',#361,1.);
#361 = DIRECTION('',(1.,-0.,0.));
#362 = PCURVE('',#72,#363);
#363 = DEFINITIONAL_REPRESENTATION('',(#364),#368);
#364 = LINE('',#365,#366);
#365 = CARTESIAN_POINT('',(-22.,22.));
#366 = VECTOR('',#367,1.);
#367 = DIRECTION('',(1.,0.));
#368 = ( GEOMETRIC_REPRESENTATION_CONTEXT(2) 
PARAMETRIC_REPRESENTATION_CONTEXT() REPRESENTATION_CONTEXT('2D SPACE',''
  ) );
#369 = PCURVE('',#370,#375);
#370 = PLANE('',#371);
#371 = AXIS2_PLACEMENT_3D('',#372,#373,#374);
#372 = CARTESIAN_POINT('',(-0.,47.,21.));
#373 = DIRECTION('',(0.,1.,0.));
#374 = DIRECTION('',(-1.,0.,0.));
#375 = DEFINITIONAL_REPRESENTATION('',(#376),#380);
#376 = LINE('',#377,#378);
#377 = CARTESIAN_POINT('',(22.,-116.));
#378 = VECTOR('',#379,1.);
#379 = DIRECTION('',(-1.,0.));
#380 = ( GEOMETRIC_REPRESENTATION_CONTEXT(2) 
PARAMETRIC_REPRESENTATION_CONTEXT() REPRESENTATION_CONTEXT('2D SPACE',''
  ) );
#381 = ORIENTED_EDGE('',*,*,#382,.F.);
#382 = EDGE_CURVE('',#383,#355,#385,.T.);
#383 = VERTEX_POINT('',#384);
#384 = CARTESIAN_POINT('',(-22.,40.,-95.));
#385 = SURFACE_CURVE('',#386,(#390,#397),.PCURVE_S1.);
#386 = LINE('',#387,#388);
#387 = CARTESIAN_POINT('',(-22.,40.,-95.));
#388 = VECTOR('',#389,1.);
#389 = DIRECTION('',(0.,1.,0.));
#390 = PCURVE('',#72,#391);
#391 = DEFINITIONAL_REPRESENTATION('',(#392),#396);
#392 = LINE('',#393,#394);
#393 = CARTESIAN_POINT('',(-22.,15.));
#394 = VECTOR('',#395,1.);
#395 = DIRECTION('',(0.,1.));
#396 = ( GEOMETRIC_REPRESENTATION_CONTEXT(2) 
PARAMETRIC_REPRESENTATION_CONTEXT() REPRESENTATION_CONTEXT('2D SPACE',''
  ) );
#397 = PCURVE('',#398,#403);
#398 = PLANE('',#399);
#399 = AXIS2_PLACEMENT_3D('',#400,#401,#402);
#400 = CARTESIAN_POINT('',(-22.,25.,21.));
#401 = DIRECTION('',(-1.,0.,-0.));
#402 = DIRECTION('',(0.,0.,1.));
#403 = DEFINITIONAL_REPRESENTATION('',(#404),#408);
#404 = LINE('',#405,#406);
#405 = CARTESIAN_POINT('',(-116.,15.));
#406 = VECTOR('',#407,1.);
#407 = DIRECTION('',(0.,1.));
#408 = ( GEOMETRIC_REPRESENTATION_CONTEXT(2) 
PARAMETRIC_REPRESENTATION_CONTEXT() REPRESENTATION_CONTEXT('2D SPACE',''
  ) );
#409 = ORIENTED_EDGE('',*,*,#410,.T.);
#410 = EDGE_CURVE('',#383,#411,#413,.T.);
#411 = VERTEX_POINT('',#412);
#412 = CARTESIAN_POINT('',(-25.,40.,-95.));
#413 = SURFACE_CURVE('',#414,(#418,#425),.PCURVE_S1.);
#414 = LINE('',#415,#416);
#415 = CARTESIAN_POINT('',(-22.,40.,-95.));
#416 = VECTOR('',#417,1.);
#417 = DIRECTION('',(-1.,0.,-0.));
#418 = PCURVE('',#72,#419);
#419 = DEFINITIONAL_REPRESENTATION('',(#420),#424);
#420 = LINE('',#421,#422);
#421 = CARTESIAN_POINT('',(-22.,15.));
#422 = VECTOR('',#423,1.);
#423 = DIRECTION('',(-1.,0.));
#424 = ( GEOMETRIC_REPRESENTATION_CONTEXT(2) 
PARAMETRIC_REPRESENTATION_CONTEXT() REPRESENTATION_CONTEXT('2D SPACE',''
  ) );
#425 = PCURVE('',#426,#431);
#426 = PLANE('',#427);
#427 = AXIS2_PLACEMENT_3D('',#428,#429,#430);
#428 = CARTESIAN_POINT('',(0.,40.,0.));
#429 = DIRECTION('',(0.,-1.,0.));
#430 = DIRECTION('',(1.,0.,0.));
#431 = DEFINITIONAL_REPRESENTATION('',(#432),#436);
#432 = LINE('',#433,#434);
#433 = CARTESIAN_POINT('',(-22.,-95.));
#434 = VECTOR('',#435,1.);
#435 = DIRECTION('',(-1.,0.));
#436 = ( GEOMETRIC_REPRESENTATION_CONTEXT(2) 
PARAMETRIC_REPRESENTATION_CONTEXT() REPRESENTATION_CONTEXT('2D SPACE',''
  ) );
#437 = ORIENTED_EDGE('',*,*,#438,.T.);
#438 = EDGE_CURVE('',#411,#439,#441,.T.);
#439 = VERTEX_POINT('',#440);
#440 = CARTESIAN_POINT('',(-25.,50.,-95.));
#441 = SURFACE_CURVE('',#442,(#446,#453),.PCURVE_S1.);
#442 = LINE('',#443,#444);
#443 = CARTESIAN_POINT('',(-25.,40.,-95.));
#444 = VECTOR('',#445,1.);
#445 = DIRECTION('',(0.,1.,0.));
#446 = PCURVE('',#72,#447);
#447 = DEFINITIONAL_REPRESENTATION('',(#448),#452);
#448 = LINE('',#449,#450);
#449 = CARTESIAN_POINT('',(-25.,15.));
#450 = VECTOR('',#451,1.);
#451 = DIRECTION('',(0.,1.));
#452 = ( GEOMETRIC_REPRESENTATION_CONTEXT(2) 
PARAMETRIC_REPRESENTATION_CONTEXT() REPRESENTATION_CONTEXT('2D SPACE',''
  ) );
#453 = PCURVE('',#454,#459);
#454 = PLANE('',#455);
#455 = AXIS2_PLACEMENT_3D('',#456,#457,#458);
#456 = CARTESIAN_POINT('',(-25.,25.,-95.));
#457 = DIRECTION('',(1.,-0.,0.));
#458 = DIRECTION('',(-0.,-1.,0.));
#459 = DEFINITIONAL_REPRESENTATION('',(#460),#464);
#460 = LINE('',#461,#462);
#461 = CARTESIAN_POINT('',(-15.,0.));
#462 = VECTOR('',#463,1.);
#463 = DIRECTION('',(-1.,0.));
#464 = ( GEOMETRIC_REPRESENTATION_CONTEXT(2) 
PARAMETRIC_REPRESENTATION_CONTEXT() REPRESENTATION_CONTEXT('2D SPACE',''
  ) );
#465 = ORIENTED_EDGE('',*,*,#466,.T.);
#466 = EDGE_CURVE('',#439,#57,#467,.T.);
#467 = SURFACE_CURVE('',#468,(#472,#479),.PCURVE_S1.);
#468 = LINE('',#469,#470);
#469 = CARTESIAN_POINT('',(-25.,50.,-95.));
#470 = VECTOR('',#471,1.);
#471 = DIRECTION('',(1.,-0.,0.));
#472 = PCURVE('',#72,#473);
#473 = DEFINITIONAL_REPRESENTATION('',(#474),#478);
#474 = LINE('',#475,#476);
#475 = CARTESIAN_POINT('',(-25.,25.));
#476 = VECTOR('',#477,1.);
#477 = DIRECTION('',(1.,0.));
#478 = ( GEOMETRIC_REPRESENTATION_CONTEXT(2) 
PARAMETRIC_REPRESENTATION_CONTEXT() REPRESENTATION_CONTEXT('2D SPACE',''
  ) );
#479 = PCURVE('',#100,#480);
#480 = DEFINITIONAL_REPRESENTATION('',(#481),#485);
#481 = LINE('',#482,#483);
#482 = CARTESIAN_POINT('',(25.,0.));
#483 = VECTOR('',#484,1.);
#484 = DIRECTION('',(-1.,0.));
#485 = ( GEOMETRIC_REPRESENTATION_CONTEXT(2) 
PARAMETRIC_REPRESENTATION_CONTEXT() REPRESENTATION_CONTEXT('2D SPACE',''
  ) );
#486 = ADVANCED_FACE('',(#487),#100,.F.);
#487 = FACE_BOUND('',#488,.T.);
#488 = EDGE_LOOP('',(#489,#512,#513,#514));
#489 = ORIENTED_EDGE('',*,*,#490,.T.);
#490 = EDGE_CURVE('',#491,#85,#493,.T.);
#491 = VERTEX_POINT('',#492);
#492 = CARTESIAN_POINT('',(-25.,50.,-25.));
#493 = SURFACE_CURVE('',#494,(#498,#505),.PCURVE_S1.);
#494 = LINE('',#495,#496);
#495 = CARTESIAN_POINT('',(-25.,50.,-25.));
#496 = VECTOR('',#497,1.);
#497 = DIRECTION('',(1.,-0.,0.));
#498 = PCURVE('',#100,#499);
#499 = DEFINITIONAL_REPRESENTATION('',(#500),#504);
#500 = LINE('',#501,#502);
#501 = CARTESIAN_POINT('',(25.,-70.));
#502 = VECTOR('',#503,1.);
#503 = DIRECTION('',(-1.,0.));
#504 = ( GEOMETRIC_REPRESENTATION_CONTEXT(2) 
PARAMETRIC_REPRESENTATION_CONTEXT() REPRESENTATION_CONTEXT('2D SPACE',''
  ) );
#505 = PCURVE('',#128,#506);
#506 = DEFINITIONAL_REPRESENTATION('',(#507),#511);
#507 = LINE('',#508,#509);
#508 = CARTESIAN_POINT('',(-25.,-20.));
#509 = VECTOR('',#510,1.);
#510 = DIRECTION('',(1.,0.));
#511 = ( GEOMETRIC_REPRESENTATION_CONTEXT(2) 
PARAMETRIC_REPRESENTATION_CONTEXT() REPRESENTATION_CONTEXT('2D SPACE',''
  ) );
#512 = ORIENTED_EDGE('',*,*,#84,.F.);
#513 = ORIENTED_EDGE('',*,*,#466,.F.);
#514 = ORIENTED_EDGE('',*,*,#515,.T.);
#515 = EDGE_CURVE('',#439,#491,#516,.T.);
#516 = SURFACE_CURVE('',#517,(#521,#528),.PCURVE_S1.);
#517 = LINE('',#518,#519);
#518 = CARTESIAN_POINT('',(-25.,50.,-95.));
#519 = VECTOR('',#520,1.);
#520 = DIRECTION('',(-0.,-0.,1.));
#521 = PCURVE('',#100,#522);
#522 = DEFINITIONAL_REPRESENTATION('',(#523),#527);
#523 = LINE('',#524,#525);
#524 = CARTESIAN_POINT('',(25.,0.));
#525 = VECTOR('',#526,1.);
#526 = DIRECTION('',(0.,-1.));
#527 = ( GEOMETRIC_REPRESENTATION_CONTEXT(2) 
PARAMETRIC_REPRESENTATION_CONTEXT() REPRESENTATION_CONTEXT('2D SPACE',''
  ) );
#528 = PCURVE('',#454,#529);
#529 = DEFINITIONAL_REPRESENTATION('',(#530),#534);
#530 = LINE('',#531,#532);
#531 = CARTESIAN_POINT('',(-25.,0.));
#532 = VECTOR('',#533,1.);
#533 = DIRECTION('',(0.,-1.));
#534 = ( GEOMETRIC_REPRESENTATION_CONTEXT(2) 
PARAMETRIC_REPRESENTATION_CONTEXT() REPRESENTATION_CONTEXT('2D SPACE',''
  ) );
#535 = ADVANCED_FACE('',(#536),#128,.F.);
#536 = FACE_BOUND('',#537,.T.);
#537 = EDGE_LOOP('',(#538,#539,#562,#583));
#538 = ORIENTED_EDGE('',*,*,#490,.F.);
#539 = ORIENTED_EDGE('',*,*,#540,.F.);
#540 = EDGE_CURVE('',#541,#491,#543,.T.);
#541 = VERTEX_POINT('',#542);
#542 = CARTESIAN_POINT('',(-25.,70.,-25.));
#543 = SURFACE_CURVE('',#544,(#548,#555),.PCURVE_S1.);
#544 = LINE('',#545,#546);
#545 = CARTESIAN_POINT('',(-25.,70.,-25.));
#546 = VECTOR('',#547,1.);
#547 = DIRECTION('',(0.,-1.,0.));
#548 = PCURVE('',#128,#549);
#549 = DEFINITIONAL_REPRESENTATION('',(#550),#554);
#550 = LINE('',#551,#552);
#551 = CARTESIAN_POINT('',(-25.,0.));
#552 = VECTOR('',#553,1.);
#553 = DIRECTION('',(0.,-1.));
#554 = ( GEOMETRIC_REPRESENTATION_CONTEXT(2) 
PARAMETRIC_REPRESENTATION_CONTEXT() REPRESENTATION_CONTEXT('2D SPACE',''
  ) );
#555 = PCURVE('',#454,#556);
#556 = DEFINITIONAL_REPRESENTATION('',(#557),#561);
#557 = LINE('',#558,#559);
#558 = CARTESIAN_POINT('',(-45.,-70.));
#559 = VECTOR('',#560,1.);
#560 = DIRECTION('',(1.,0.));
#561 = ( GEOMETRIC_REPRESENTATION_CONTEXT(2) 
PARAMETRIC_REPRESENTATION_CONTEXT() REPRESENTATION_CONTEXT('2D SPACE',''
  ) );
#562 = ORIENTED_EDGE('',*,*,#563,.F.);
#563 = EDGE_CURVE('',#113,#541,#564,.T.);
#564 = SURFACE_CURVE('',#565,(#569,#576),.PCURVE_S1.);
#565 = LINE('',#566,#567);
#566 = CARTESIAN_POINT('',(25.,70.,-25.));
#567 = VECTOR('',#568,1.);
#568 = DIRECTION('',(-1.,0.,-0.));
#569 = PCURVE('',#128,#570);
#570 = DEFINITIONAL_REPRESENTATION('',(#571),#575);
#571 = LINE('',#572,#573);
#572 = CARTESIAN_POINT('',(25.,0.));
#573 = VECTOR('',#574,1.);
#574 = DIRECTION('',(-1.,0.));
#575 = ( GEOMETRIC_REPRESENTATION_CONTEXT(2) 
PARAMETRIC_REPRESENTATION_CONTEXT() REPRESENTATION_CONTEXT('2D SPACE',''
  ) );
#576 = PCURVE('',#156,#577);
#577 = DEFINITIONAL_REPRESENTATION('',(#578),#582);
#578 = LINE('',#579,#580);
#579 = CARTESIAN_POINT('',(25.,-25.));
#580 = VECTOR('',#581,1.);
#581 = DIRECTION('',(-1.,0.));
#582 = ( GEOMETRIC_REPRESENTATION_CONTEXT(2) 
PARAMETRIC_REPRESENTATION_CONTEXT() REPRESENTATION_CONTEXT('2D SPACE',''
  ) );
#583 = ORIENTED_EDGE('',*,*,#112,.T.);
#584 = ADVANCED_FACE('',(#585,#633),#156,.F.);
#585 = FACE_BOUND('',#586,.F.);
#586 = EDGE_LOOP('',(#587,#588,#611,#632));
#587 = ORIENTED_EDGE('',*,*,#140,.F.);
#588 = ORIENTED_EDGE('',*,*,#589,.F.);
#589 = EDGE_CURVE('',#590,#141,#592,.T.);
#590 = VERTEX_POINT('',#591);
#591 = CARTESIAN_POINT('',(-25.,70.,25.));
#592 = SURFACE_CURVE('',#593,(#597,#604),.PCURVE_S1.);
#593 = LINE('',#594,#595);
#594 = CARTESIAN_POINT('',(-25.,70.,25.));
#595 = VECTOR('',#596,1.);
#596 = DIRECTION('',(1.,0.,0.));
#597 = PCURVE('',#156,#598);
#598 = DEFINITIONAL_REPRESENTATION('',(#599),#603);
#599 = LINE('',#600,#601);
#600 = CARTESIAN_POINT('',(-25.,25.));
#601 = VECTOR('',#602,1.);
#602 = DIRECTION('',(1.,0.));
#603 = ( GEOMETRIC_REPRESENTATION_CONTEXT(2) 
PARAMETRIC_REPRESENTATION_CONTEXT() REPRESENTATION_CONTEXT('2D SPACE',''
  ) );
#604 = PCURVE('',#184,#605);
#605 = DEFINITIONAL_REPRESENTATION('',(#606),#610);
#606 = LINE('',#607,#608);
#607 = CARTESIAN_POINT('',(25.,0.));
#608 = VECTOR('',#609,1.);
#609 = DIRECTION('',(-1.,0.));
#610 = ( GEOMETRIC_REPRESENTATION_CONTEXT(2) 
PARAMETRIC_REPRESENTATION_CONTEXT() REPRESENTATION_CONTEXT('2D SPACE',''
  ) );
#611 = ORIENTED_EDGE('',*,*,#612,.F.);
#612 = EDGE_CURVE('',#541,#590,#613,.T.);
#613 = SURFACE_CURVE('',#614,(#618,#625),.PCURVE_S1.);
#614 = LINE('',#615,#616);
#615 = CARTESIAN_POINT('',(-25.,70.,-25.));
#616 = VECTOR('',#617,1.);
#617 = DIRECTION('',(-0.,0.,1.));
#618 = PCURVE('',#156,#619);
#619 = DEFINITIONAL_REPRESENTATION('',(#620),#624);
#620 = LINE('',#621,#622);
#621 = CARTESIAN_POINT('',(-25.,-25.));
#622 = VECTOR('',#623,1.);
#623 = DIRECTION('',(0.,1.));
#624 = ( GEOMETRIC_REPRESENTATION_CONTEXT(2) 
PARAMETRIC_REPRESENTATION_CONTEXT() REPRESENTATION_CONTEXT('2D SPACE',''
  ) );
#625 = PCURVE('',#454,#626);
#626 = DEFINITIONAL_REPRESENTATION('',(#627),#631);
#627 = LINE('',#628,#629);
#628 = CARTESIAN_POINT('',(-45.,-70.));
#629 = VECTOR('',#630,1.);
#630 = DIRECTION('',(0.,-1.));
#631 = ( GEOMETRIC_REPRESENTATION_CONTEXT(2) 
PARAMETRIC_REPRESENTATION_CONTEXT() REPRESENTATION_CONTEXT('2D SPACE',''
  ) );
#632 = ORIENTED_EDGE('',*,*,#563,.F.);
#633 = FACE_BOUND('',#634,.F.);
#634 = EDGE_LOOP('',(#635,#1008,#1041,#1074));
#635 = ORIENTED_EDGE('',*,*,#636,.F.);
#636 = EDGE_CURVE('',#637,#639,#641,.T.);
#637 = VERTEX_POINT('',#638);
#638 = CARTESIAN_POINT('',(6.075635525215,70.,8.411433957301));
#639 = VERTEX_POINT('',#640);
#640 = CARTESIAN_POINT('',(-12.04999687776,70.,-1.469379548541E-05));
#641 = SURFACE_CURVE('',#642,(#675,#711),.PCURVE_S1.);
#642 = B_SPLINE_CURVE_WITH_KNOTS('',7,(#643,#644,#645,#646,#647,#648,
    #649,#650,#651,#652,#653,#654,#655,#656,#657,#658,#659,#660,#661,
    #662,#663,#664,#665,#666,#667,#668,#669,#670,#671,#672,#673,#674),
  .UNSPECIFIED.,.F.,.F.,(8,6,6,6,6,8),(0.,0.210877316072,0.444221257334,
    0.705795260229,0.847737623296,1.),.UNSPECIFIED.);
#643 = CARTESIAN_POINT('',(6.582175927847,70.,7.956467018));
#644 = CARTESIAN_POINT('',(6.031573885265,70.,8.484862171844));
#645 = CARTESIAN_POINT('',(5.435170616588,70.,8.965773423333));
#646 = CARTESIAN_POINT('',(4.798334807624,70.,9.394680546482));
#647 = CARTESIAN_POINT('',(4.126800494534,70.,9.768020175297));
#648 = CARTESIAN_POINT('',(3.426551166451,70.,10.083007537433));
#649 = CARTESIAN_POINT('',(2.703785319397,70.,10.337596732291));
#650 = CARTESIAN_POINT('',(1.147428377969,70.,10.744122541219));
#651 = CARTESIAN_POINT('',(0.309992424684,70.,10.882295028943));
#652 = CARTESIAN_POINT('',(-0.538634028833,70.,10.943390779622));
#653 = CARTESIAN_POINT('',(-1.389949684923,70.,10.927084744001));
#654 = CARTESIAN_POINT('',(-2.235679104491,70.,10.834116566554));
#655 = CARTESIAN_POINT('',(-3.067788102406,70.,10.66621950968));
#656 = CARTESIAN_POINT('',(-4.787287441961,70.,10.157343876049));
#657 = CARTESIAN_POINT('',(-5.669544960257,70.,9.797776445942));
#658 = CARTESIAN_POINT('',(-6.514304172997,70.,9.35154656646));
#659 = CARTESIAN_POINT('',(-7.311896578749,70.,8.824156222344));
#660 = CARTESIAN_POINT('',(-8.053700723672,70.,8.222170138983));
#661 = CARTESIAN_POINT('',(-8.73211434686,70.,7.553176789131));
#662 = CARTESIAN_POINT('',(-9.67100199762,70.,6.431362878304));
#663 = CARTESIAN_POINT('',(-9.980768630685,70.,6.019548057093));
#664 = CARTESIAN_POINT('',(-10.26903319395,70.,5.591890752082));
#665 = CARTESIAN_POINT('',(-10.53492362972,70.,5.149801949686));
#666 = CARTESIAN_POINT('',(-10.77768635689,70.,4.694736848136));
#667 = CARTESIAN_POINT('',(-10.99668251098,70.,4.228192021102));
#668 = CARTESIAN_POINT('',(-11.40025819492,70.,3.240579781003));
#669 = CARTESIAN_POINT('',(-11.58118604605,70.,2.717994221894));
#670 = CARTESIAN_POINT('',(-11.73353017401,70.,2.185849481892));
#671 = CARTESIAN_POINT('',(-11.85682027996,70.,1.646056160144));
#672 = CARTESIAN_POINT('',(-11.95074306539,70.,1.100531761582));
#673 = CARTESIAN_POINT('',(-12.01513654749,70.,0.551198700566));
#674 = CARTESIAN_POINT('',(-12.04999687776,70.,-1.469379549518E-05));
#675 = PCURVE('',#156,#676);
#676 = DEFINITIONAL_REPRESENTATION('',(#677),#710);
#677 = B_SPLINE_CURVE_WITH_KNOTS('',7,(#678,#679,#680,#681,#682,#683,
    #684,#685,#686,#687,#688,#689,#690,#691,#692,#693,#694,#695,#696,
    #697,#698,#699,#700,#701,#702,#703,#704,#705,#706,#707,#708,#709),
  .UNSPECIFIED.,.F.,.F.,(8,6,6,6,6,8),(0.,0.210877316072,0.444221257334,
    0.705795260229,0.847737623296,1.),.UNSPECIFIED.);
#678 = CARTESIAN_POINT('',(6.582175927847,7.956467018));
#679 = CARTESIAN_POINT('',(6.031573885265,8.484862171844));
#680 = CARTESIAN_POINT('',(5.435170616588,8.965773423333));
#681 = CARTESIAN_POINT('',(4.798334807624,9.394680546482));
#682 = CARTESIAN_POINT('',(4.126800494534,9.768020175297));
#683 = CARTESIAN_POINT('',(3.426551166451,10.083007537433));
#684 = CARTESIAN_POINT('',(2.703785319397,10.337596732291));
#685 = CARTESIAN_POINT('',(1.147428377969,10.744122541219));
#686 = CARTESIAN_POINT('',(0.309992424684,10.882295028943));
#687 = CARTESIAN_POINT('',(-0.538634028833,10.943390779622));
#688 = CARTESIAN_POINT('',(-1.389949684923,10.927084744001));
#689 = CARTESIAN_POINT('',(-2.235679104491,10.834116566554));
#690 = CARTESIAN_POINT('',(-3.067788102406,10.66621950968));
#691 = CARTESIAN_POINT('',(-4.787287441961,10.157343876049));
#692 = CARTESIAN_POINT('',(-5.669544960257,9.797776445942));
#693 = CARTESIAN_POINT('',(-6.514304172997,9.35154656646));
#694 = CARTESIAN_POINT('',(-7.311896578749,8.824156222344));
#695 = CARTESIAN_POINT('',(-8.053700723672,8.222170138983));
#696 = CARTESIAN_POINT('',(-8.73211434686,7.553176789131));
#697 = CARTESIAN_POINT('',(-9.67100199762,6.431362878304));
#698 = CARTESIAN_POINT('',(-9.980768630685,6.019548057093));
#699 = CARTESIAN_POINT('',(-10.26903319395,5.591890752082));
#700 = CARTESIAN_POINT('',(-10.53492362972,5.149801949686));
#701 = CARTESIAN_POINT('',(-10.77768635689,4.694736848136));
#702 = CARTESIAN_POINT('',(-10.99668251098,4.228192021102));
#703 = CARTESIAN_POINT('',(-11.40025819492,3.240579781003));
#704 = CARTESIAN_POINT('',(-11.58118604605,2.717994221894));
#705 = CARTESIAN_POINT('',(-11.73353017401,2.185849481892));
#706 = CARTESIAN_POINT('',(-11.85682027996,1.646056160144));
#707 = CARTESIAN_POINT('',(-11.95074306539,1.100531761582));
#708 = CARTESIAN_POINT('',(-12.01513654749,0.551198700566));
#709 = CARTESIAN_POINT('',(-12.04999687776,-1.469379549518E-05));
#710 = ( GEOMETRIC_REPRESENTATION_CONTEXT(2) 
PARAMETRIC_REPRESENTATION_CONTEXT() REPRESENTATION_CONTEXT('2D SPACE',''
  ) );
#711 = PCURVE('',#712,#973);
#712 = B_SPLINE_SURFACE_WITH_KNOTS('',1,9,(
    (#713,#714,#715,#716,#717,#718,#719,#720,#721,#722,#723,#724,#725
      ,#726,#727,#728,#729,#730,#731,#732,#733,#734,#735,#736,#737,#738
      ,#739,#740,#741,#742,#743,#744,#745,#746,#747,#748,#749,#750,#751
      ,#752,#753,#754,#755,#756,#757,#758,#759,#760,#761,#762,#763,#764
      ,#765,#766,#767,#768,#769,#770,#771,#772,#773,#774,#775,#776,#777
      ,#778,#779,#780,#781,#782,#783,#784,#785,#786,#787,#788,#789,#790
      ,#791,#792,#793,#794,#795,#796,#797,#798,#799,#800,#801,#802,#803
      ,#804,#805,#806,#807,#808,#809,#810,#811,#812,#813,#814,#815,#816
      ,#817,#818,#819,#820,#821,#822,#823,#824,#825,#826,#827,#828,#829
      ,#830,#831,#832,#833,#834,#835,#836,#837,#838,#839,#840,#841,#842)
    ,(#843,#844,#845,#846,#847,#848,#849,#850,#851,#852,#853,#854,#855
      ,#856,#857,#858,#859,#860,#861,#862,#863,#864,#865,#866,#867,#868
      ,#869,#870,#871,#872,#873,#874,#875,#876,#877,#878,#879,#880,#881
      ,#882,#883,#884,#885,#886,#887,#888,#889,#890,#891,#892,#893,#894
      ,#895,#896,#897,#898,#899,#900,#901,#902,#903,#904,#905,#906,#907
      ,#908,#909,#910,#911,#912,#913,#914,#915,#916,#917,#918,#919,#920
      ,#921,#922,#923,#924,#925,#926,#927,#928,#929,#930,#931,#932,#933
      ,#934,#935,#936,#937,#938,#939,#940,#941,#942,#943,#944,#945,#946
      ,#947,#948,#949,#950,#951,#952,#953,#954,#955,#956,#957,#958,#959
      ,#960,#961,#962,#963,#964,#965,#966,#967,#968,#969,#970,#971,#972
    )),.UNSPECIFIED.,.F.,.F.,.F.,(2,2),(10,8,8,8,8,8,8,8,8,8,8,8,8,8,8,8
    ,10),(0.,2.034177854762),(0.,4.279125229037,8.558250458073,
    12.83737568711,17.116500916147,21.395626145183,25.67475137422,
    29.953876603256,34.233001832293,38.51212706133,42.791252290366,
    47.070377519403,51.34950274844,55.628627977476,59.907753206513,
    64.186878435549,68.466003664586),.UNSPECIFIED.);
#713 = CARTESIAN_POINT('',(12.05,71.5,0.));
#714 = CARTESIAN_POINT('',(12.05000000003,71.295141128887,5.1701763737)
  );
#715 = CARTESIAN_POINT('',(9.554315397995,71.090272725911,
    10.340667031449));
#716 = CARTESIAN_POINT('',(4.563548599543,70.885425728858,
    14.132013020299));
#717 = CARTESIAN_POINT('',(-2.038277032583,70.680546700368,
    15.179347791703));
#718 = CARTESIAN_POINT('',(-8.475973118711,70.475701045923,
    12.756345729714));
#719 = CARTESIAN_POINT('',(-12.74894468015,70.270830956654,
    7.616063150762));
#720 = CARTESIAN_POINT('',(-14.00139177032,70.065973076353,
    1.474927434589));
#721 = CARTESIAN_POINT('',(-12.46860209802,69.861111458251,
    -4.057974595947));
#722 = CARTESIAN_POINT('',(-5.650737187817,69.451389151428,
    -11.83225951838));
#723 = CARTESIAN_POINT('',(-0.365239102247,69.246527655849,
    -14.07412458619));
#724 = CARTESIAN_POINT('',(5.88683551508,69.041669353273,-13.63397139986
    ));
#725 = CARTESIAN_POINT('',(11.540876923237,68.836800160764,
    -10.06849720427));
#726 = CARTESIAN_POINT('',(14.783437872197,68.631953097053,
    -4.00214172394));
#727 = CARTESIAN_POINT('',(14.606774266023,68.427075806546,2.67990899173
    ));
#728 = CARTESIAN_POINT('',(11.499289616706,68.222227088669,
    8.122849038743));
#729 = CARTESIAN_POINT('',(6.69878536512,68.017360060586,11.272067158618
    ));
#730 = CARTESIAN_POINT('',(-3.553104158347,67.60764056107,
    12.621754007944));
#731 = CARTESIAN_POINT('',(-9.005112816831,67.402773535397,
    10.822304807615));
#732 = CARTESIAN_POINT('',(-13.41544903008,67.197924809216,
    6.369104645577));
#733 = CARTESIAN_POINT('',(-15.31553494142,66.993047536337,
    -3.953681236727E-02));
#734 = CARTESIAN_POINT('',(-13.75354989531,66.788200444931,
    -6.738422766141));
#735 = CARTESIAN_POINT('',(-9.214977892295,66.583331286571,
    -11.64577996435));
#736 = CARTESIAN_POINT('',(-3.289857574264,66.378472950187,
    -13.68909126244));
#737 = CARTESIAN_POINT('',(2.395778905609,66.173611481619,
    -12.89160345045));
#738 = CARTESIAN_POINT('',(10.993463690043,65.763889140272,
    -7.146814128263));
#739 = CARTESIAN_POINT('',(13.906045229402,65.559027671753,
    -2.199156321974));
#740 = CARTESIAN_POINT('',(14.285717109253,65.354169335202,
    4.056882449306));
#741 = CARTESIAN_POINT('',(11.488746533966,65.149300177196,
    10.127940520028));
#742 = CARTESIAN_POINT('',(5.897528700513,64.944453085236,
    14.134579191742));
#743 = CARTESIAN_POINT('',(-0.750415373474,64.739575813036,
    14.831609603559));
#744 = CARTESIAN_POINT('',(-6.552398452182,64.534727086186,
    12.461156154906));
#745 = CARTESIAN_POINT('',(-10.30126611528,64.329860061045,
    8.112776332364));
#746 = CARTESIAN_POINT('',(-12.97754630903,63.920140560851,
    -1.875237369925));
#747 = CARTESIAN_POINT('',(-11.90512157624,63.715273535709,
    -7.515478590762));
#748 = CARTESIAN_POINT('',(-8.065683551195,63.510424808862,
    -12.46934302665));
#749 = CARTESIAN_POINT('',(-1.959879888295,63.30554753666,
    -15.18966900645));
#750 = CARTESIAN_POINT('',(4.885576127935,63.100700444699,
    -14.51542703458));
#751 = CARTESIAN_POINT('',(10.34335272666,62.895831286699,
    -10.65622179317));
#752 = CARTESIAN_POINT('',(13.142566606917,62.690972950138,
    -5.048497344095));
#753 = CARTESIAN_POINT('',(13.094025893769,62.486111481628,
    0.692590774955));
#754 = CARTESIAN_POINT('',(8.520607097431,62.076389140268,9.966566649526
    ));
#755 = CARTESIAN_POINT('',(3.995445367412,61.871527671757,
    13.500029583915));
#756 = CARTESIAN_POINT('',(-2.157515000164,61.666669335201,
    14.693030237414));
#757 = CARTESIAN_POINT('',(-8.541712246406,61.46180017719,12.71242022581
    ));
#758 = CARTESIAN_POINT('',(-13.24387394257,61.256953085247,
    7.692007325492));
#759 = CARTESIAN_POINT('',(-14.80267198861,61.052075813024,
    1.191918060095));
#760 = CARTESIAN_POINT('',(-13.20980885644,60.847227086194,
    -4.869834511521));
#761 = CARTESIAN_POINT('',(-9.387955447268,60.642360061042,
    -9.154207552645));
#762 = CARTESIAN_POINT('',(0.165284750189,60.232640560854,
    -13.11128919474));
#763 = CARTESIAN_POINT('',(5.89725244231,60.027773535693,-12.78423841394
    ));
#764 = CARTESIAN_POINT('',(11.309883106896,59.822924808895,
    -9.624256375093));
#765 = CARTESIAN_POINT('',(14.803903623383,59.618047536619,
    -3.925762500613));
#766 = CARTESIAN_POINT('',(15.028941192867,59.413200444731,
    2.949135927591));
#767 = CARTESIAN_POINT('',(11.915134784699,59.208331286682,8.86394785612
    ));
#768 = CARTESIAN_POINT('',(6.720755924662,59.003472950144,
    12.371168992932));
#769 = CARTESIAN_POINT('',(1.02244777588,58.798611481627,13.072405923694
    ));
#770 = CARTESIAN_POINT('',(-8.769138890381,58.388889140268,
    9.748610116803));
#771 = CARTESIAN_POINT('',(-12.86302468933,58.184027671761,
    5.723371234865));
#772 = CARTESIAN_POINT('',(-14.84894154451,57.979169335187,
    -0.221231871173));
#773 = CARTESIAN_POINT('',(-13.71858088307,57.774300177218,
    -6.809332908087));
#774 = CARTESIAN_POINT('',(-9.354873572465,57.569453085211,
    -12.12656233827));
#775 = CARTESIAN_POINT('',(-3.113857445224,57.364575813054,
    -14.52045655192));
#776 = CARTESIAN_POINT('',(3.103946352206,57.159727086179,
    -13.73243806596));
#777 = CARTESIAN_POINT('',(7.850517960755,56.954860061045,
    -10.50250404164));
#778 = CARTESIAN_POINT('',(13.02069428719,56.545140560851,
    -1.547495937446));
#779 = CARTESIAN_POINT('',(13.444613387948,56.340273535703,
    4.178122669547));
#780 = CARTESIAN_POINT('',(11.018155504005,56.135424808876,
    9.956907951479));
#781 = CARTESIAN_POINT('',(5.824474228184,55.930547536641,
    14.164839344911));
#782 = CARTESIAN_POINT('',(-0.962235193916,55.725700444714,
    15.285306000527));
#783 = CARTESIAN_POINT('',(-7.232878380193,55.520831286691,
    12.970176516561));
#784 = CARTESIAN_POINT('',(-11.38809724754,55.315972950141,
    8.278020508012));
#785 = CARTESIAN_POINT('',(-12.8271134639,55.111111481627,2.719991961794
    ));
#786 = CARTESIAN_POINT('',(-10.80981171425,54.701389140269,
    -7.421668733558));
#787 = CARTESIAN_POINT('',(-7.353368633673,54.496527671757,
    -12.00592987602));
#788 = CARTESIAN_POINT('',(-1.718836596455,54.2916693352,-14.75078334487
    ));
#789 = CARTESIAN_POINT('',(4.960443995768,54.086800177194,
    -14.49001281794));
#790 = CARTESIAN_POINT('',(10.801761890312,53.881953085241,
    -10.85767533892));
#791 = CARTESIAN_POINT('',(13.989792077757,53.677075813029,
    -4.982517866161));
#792 = CARTESIAN_POINT('',(14.020101452847,53.472227086192,
    1.284948810236));
#793 = CARTESIAN_POINT('',(11.437351880016,53.267360061042,6.41250382998
    ));
#794 = CARTESIAN_POINT('',(3.233798540547,52.857640560854,
    12.707311690364));
#795 = CARTESIAN_POINT('',(-2.387504059513,52.652773535692,
    13.874947299323));
#796 = CARTESIAN_POINT('',(-8.433567340439,52.447924808897,
    12.223530937454));
#797 = CARTESIAN_POINT('',(-13.28341073801,52.243047536618,7.62352758684
    ));
#798 = CARTESIAN_POINT('',(-15.28013498462,52.038200444732,
    1.041129650723));
#799 = CARTESIAN_POINT('',(-13.80329493221,51.833331286681,
    -5.478052349854));
#800 = CARTESIAN_POINT('',(-9.693645865368,51.628472950144,
    -10.21017200087));
#801 = CARTESIAN_POINT('',(-4.370996331117,51.423611481627,
    -12.36234553641));
#802 = CARTESIAN_POINT('',(5.947211767028,51.013889140268,
    -11.68605443622));
#803 = CARTESIAN_POINT('',(10.943410273846,50.80902767176,
    -8.857547856426));
#804 = CARTESIAN_POINT('',(14.400235152568,50.604169335191,
    -3.629495293346));
#805 = CARTESIAN_POINT('',(15.013516616017,50.399300177211,
    3.026680511346));
#806 = CARTESIAN_POINT('',(12.174699270131,50.194453085218,
    9.292140301639));
#807 = CARTESIAN_POINT('',(6.765926024905,49.989575813052,
    13.219758382398));
#808 = CARTESIAN_POINT('',(0.556034562173,49.784727086177,
    14.067877016781));
#809 = CARTESIAN_POINT('',(-4.8647699808,49.579860061048,12.176503456689
    ));
#810 = CARTESIAN_POINT('',(-12.17650346737,49.170140560849,
    4.864769954038));
#811 = CARTESIAN_POINT('',(-14.06787701556,48.965273535727,
    -0.556034593068));
#812 = CARTESIAN_POINT('',(-13.21975836752,48.760424808824,
    -6.765926053998));
#813 = CARTESIAN_POINT('',(-9.292140274881,48.555547536704,
    -12.1746992905));
#814 = CARTESIAN_POINT('',(-3.026680478359,48.350700444667,
    -15.0135166227));
#815 = CARTESIAN_POINT('',(3.629495324996,48.145831286711,
    -14.40023514457));
#816 = CARTESIAN_POINT('',(8.857547880474,47.940972950138,
    -10.94341025438));
#817 = CARTESIAN_POINT('',(11.686054449292,47.736111481624,
    -5.947211741346));
#818 = CARTESIAN_POINT('',(12.362345526804,47.326389140278,
    4.370996358285));
#819 = CARTESIAN_POINT('',(10.210171979569,47.121527671703,
    9.693645887804));
#820 = CARTESIAN_POINT('',(5.478052319518,46.916669335345,
    13.803294944262));
#821 = CARTESIAN_POINT('',(-1.041129684295,46.711800176927,
    15.280134982321));
#822 = CARTESIAN_POINT('',(-7.623527616045,46.506953085607,
    13.283410721282));
#823 = CARTESIAN_POINT('',(-12.22353095597,46.30207581264,8.433567313554
    ));
#824 = CARTESIAN_POINT('',(-13.87494730457,46.09722708652,2.387504029036
    ));
#825 = CARTESIAN_POINT('',(-12.70731168325,45.892360060822,
    -3.233798568481));
#826 = CARTESIAN_POINT('',(-6.412503804836,45.482640561315,
    -11.43735189409));
#827 = CARTESIAN_POINT('',(-1.284948779486,45.27777353321,
    -14.02010145574));
#828 = CARTESIAN_POINT('',(4.982517897081,45.072924815383,
    -13.98979206661));
#829 = CARTESIAN_POINT('',(10.857675362316,44.868047524804,
    -10.80176186679));
#830 = CARTESIAN_POINT('',(14.490012829358,44.663200461164,
    -4.960443963464));
#831 = CARTESIAN_POINT('',(14.750783340515,44.458331268605,
    1.718836628376));
#832 = CARTESIAN_POINT('',(12.005929860393,44.253472966054,
    7.353368660488));
#833 = CARTESIAN_POINT('',(7.421668709427,44.048611470467,
    10.809811730261));
#834 = CARTESIAN_POINT('',(-2.719991989197,43.638889163646,
    12.827113458561));
#835 = CARTESIAN_POINT('',(-8.27802053728,43.434027545543,
    11.388097225955));
#836 = CARTESIAN_POINT('',(-12.97017652137,43.229169665241,
    7.232878360572));
#837 = CARTESIAN_POINT('',(-15.28530602282,43.024299575976,
    0.962235144144));
#838 = CARTESIAN_POINT('',(-14.16483930402,42.819453921527,
    -5.824474236804));
#839 = CARTESIAN_POINT('',(-9.956907958178,42.614574893034,
    -11.01815555064));
#840 = CARTESIAN_POINT('',(-4.178122612778,42.409727895995,
    -13.44461337533));
#841 = CARTESIAN_POINT('',(1.54749594696,42.204859492998,-13.02069429907
    ));
#842 = CARTESIAN_POINT('',(6.025000022935,42.000000621903,
    -10.43560610236));
#843 = CARTESIAN_POINT('',(10.326202,70.42,-3.432809592141E-15));
#844 = CARTESIAN_POINT('',(10.326204891401,70.215136515063,
    4.430559315509));
#845 = CARTESIAN_POINT('',(8.187529136951,70.010283131469,8.861411319736
    ));
#846 = CARTESIAN_POINT('',(3.910721418663,69.805407063054,
    12.110344089853));
#847 = CARTESIAN_POINT('',(-1.746694574367,69.600564939798,13.0079263142
    ));
#848 = CARTESIAN_POINT('',(-7.263455781126,69.39568744856,
    10.931468633055));
#849 = CARTESIAN_POINT('',(-10.92515890488,69.190835852008,
    6.526573211324));
#850 = CARTESIAN_POINT('',(-11.99844063587,68.985971317062,1.26393021561
    ));
#851 = CARTESIAN_POINT('',(-10.68492185788,68.781110743232,
    -3.477466196891));
#852 = CARTESIAN_POINT('',(-4.842378164191,68.371388610665,
    -10.13961041888));
#853 = CARTESIAN_POINT('',(-0.312993575562,68.166527906991,
    -12.06076914528));
#854 = CARTESIAN_POINT('',(5.044717983921,67.961663819555,
    -11.68357662911));
#855 = CARTESIAN_POINT('',(9.889876403487,67.756811272645,
    -8.628171540128));
#856 = CARTESIAN_POINT('',(12.668654567137,67.551935274906,
    -3.429606918748));
#857 = CARTESIAN_POINT('',(12.517187052959,67.34709130979,2.296528154994
    ));
#858 = CARTESIAN_POINT('',(9.854289636593,67.14221706504,6.960849499086)
  );
#859 = CARTESIAN_POINT('',(5.740494969303,66.937362224398,9.659554514065
    ));
#860 = CARTESIAN_POINT('',(-3.044815182676,66.527637116804,
    10.816166094452));
#861 = CARTESIAN_POINT('',(-7.716913543229,66.322782273619,
    9.274130993135));
#862 = CARTESIAN_POINT('',(-11.4962870375,66.117908037642,5.457980590047
    ));
#863 = CARTESIAN_POINT('',(-13.12463091515,65.913064053881,
    -3.387521042211E-02));
#864 = CARTESIAN_POINT('',(-11.78601975691,65.70818808546,
    -5.774473695481));
#865 = CARTESIAN_POINT('',(-7.896756793771,65.503335502379,
    -9.979803488382));
#866 = CARTESIAN_POINT('',(-2.819227913036,65.298471450766,
    -11.73081647452));
#867 = CARTESIAN_POINT('',(2.053053832204,65.093610718468,
    -11.04741126182));
#868 = CARTESIAN_POINT('',(9.420807460704,64.683888622486,
    -6.124435700423));
#869 = CARTESIAN_POINT('',(11.916733737088,64.479027890138,
    -1.884562123761));
#870 = CARTESIAN_POINT('',(12.242089836805,64.2741638387,3.476546930431)
  );
#871 = CARTESIAN_POINT('',(9.845244248531,64.069311255243,8.679064783726
    ));
#872 = CARTESIAN_POINT('',(5.05385739475,63.864435287414,12.112618924217
    ));
#873 = CARTESIAN_POINT('',(-0.643060273515,63.659591302926,
    12.709857866134));
#874 = CARTESIAN_POINT('',(-5.615055563913,63.454717067663,
    10.678557999274));
#875 = CARTESIAN_POINT('',(-8.827630736229,63.249862223913,
    6.952209108903));
#876 = CARTESIAN_POINT('',(-11.12106042596,62.840137117035,
    -1.606973392244));
#877 = CARTESIAN_POINT('',(-10.20204885727,62.63528227329,-6.44037727303
    ));
#878 = CARTESIAN_POINT('',(-6.911853381221,62.430408038016,
    -10.68552528501));
#879 = CARTESIAN_POINT('',(-1.679522694288,62.22556405354,
    -13.01676948009));
#880 = CARTESIAN_POINT('',(4.18668799218,62.020688085706,-12.43890878786
    ));
#881 = CARTESIAN_POINT('',(8.863691290922,61.815835502244,
    -9.131824692993));
#882 = CARTESIAN_POINT('',(11.26247462889,61.610971450818,
    -4.326287833533));
#883 = CARTESIAN_POINT('',(11.220876426157,61.406110718458,0.59351314618
    ));
#884 = CARTESIAN_POINT('',(7.301702429481,60.996388622491,8.540811875429
    ));
#885 = CARTESIAN_POINT('',(3.423885311951,60.791527890132,
    11.568799709983));
#886 = CARTESIAN_POINT('',(-1.848891218305,60.586663838707,
    12.591137494089));
#887 = CARTESIAN_POINT('',(-7.31975193808,60.381811255236,
    10.893862097395));
#888 = CARTESIAN_POINT('',(-11.34933302848,60.176935287421,
    6.591634970176));
#889 = CARTESIAN_POINT('',(-12.68505947899,59.97209130292,1.021410547159
    ));
#890 = CARTESIAN_POINT('',(-11.32011327714,59.767217067668,
    -4.173186471108));
#891 = CARTESIAN_POINT('',(-8.044969022537,59.56236222391,
    -7.844663749041));
#892 = CARTESIAN_POINT('',(0.141635841254,59.152637117044,
    -11.23567033023));
#893 = CARTESIAN_POINT('',(5.05364436246,58.947782273267,-10.95540683693
    ));
#894 = CARTESIAN_POINT('',(9.691931231898,58.742908038045,
    -8.247462444735));
#895 = CARTESIAN_POINT('',(12.686187510663,58.538064053517,
    -3.364183500015));
#896 = CARTESIAN_POINT('',(12.878964640484,58.333188085716,
    2.527266896536));
#897 = CARTESIAN_POINT('',(10.210644540044,58.128335502243,
    7.595918878009));
#898 = CARTESIAN_POINT('',(5.759323769664,57.923471450816,
    10.601428719801));
#899 = CARTESIAN_POINT('',(0.876182714341,57.718610718459,
    11.202349283828));
#900 = CARTESIAN_POINT('',(-7.514680631011,57.308888622491,
    8.354035005558));
#901 = CARTESIAN_POINT('',(-11.02292031235,57.10402789013,4.90462487316)
  );
#902 = CARTESIAN_POINT('',(-12.72474729791,56.899163838707,
    -0.189600464776));
#903 = CARTESIAN_POINT('',(-11.75608294547,56.694311255244,
    -5.83519610746));
#904 = CARTESIAN_POINT('',(-8.016627843635,56.489435287403,
    -10.39185689786));
#905 = CARTESIAN_POINT('',(-2.66840475025,56.284591302943,
    -12.44321620732));
#906 = CARTESIAN_POINT('',(2.65991300079,56.07971706765,-11.76797827826)
  );
#907 = CARTESIAN_POINT('',(6.727472390146,55.874862223918,
    -9.000077285719));
#908 = CARTESIAN_POINT('',(11.158034800045,55.465137117038,
    -1.326125138248));
#909 = CARTESIAN_POINT('',(11.521314768211,55.260282273279,
    3.580442195734));
#910 = CARTESIAN_POINT('',(9.441955139142,55.05540803803,8.532505548247)
  );
#911 = CARTESIAN_POINT('',(4.991282193393,54.850564053529,
    12.138541355705));
#912 = CARTESIAN_POINT('',(-0.824603563654,54.645688085711,
    13.098657837339));
#913 = CARTESIAN_POINT('',(-6.198178187078,54.440835502243,
    11.114757428104));
#914 = CARTESIAN_POINT('',(-9.758989426054,54.235971450817,
    7.093816079311));
#915 = CARTESIAN_POINT('',(-10.99214683937,54.031110718458,
    2.330886845695));
#916 = CARTESIAN_POINT('',(-9.263427726513,53.621388622491,
    -6.359971117532));
#917 = CARTESIAN_POINT('',(-6.30144494298,53.41652789013,-10.28843569206
    ));
#918 = CARTESIAN_POINT('',(-1.472934405232,53.211663838709,
    -12.64063314749));
#919 = CARTESIAN_POINT('',(4.250798453531,53.006811255235,
    -12.41715395496));
#920 = CARTESIAN_POINT('',(9.256573214676,52.801935287419,
    -9.304453992079));
#921 = CARTESIAN_POINT('',(11.988466056342,52.597091302925,
    -4.26974180822));
#922 = CARTESIAN_POINT('',(12.014489908383,52.392217067663,
    1.101127681544));
#923 = CARTESIAN_POINT('',(9.801191731246,52.187362223912,5.495172113453
    ));
#924 = CARTESIAN_POINT('',(2.771195748962,51.777637117043,
    10.889482200833));
#925 = CARTESIAN_POINT('',(-2.045977670335,51.57278227327,11.89008980948
    ));
#926 = CARTESIAN_POINT('',(-7.227086329042,51.367908038041,
    10.474893363346));
#927 = CARTESIAN_POINT('',(-11.38320139267,51.163064053521,
    6.532978664556));
#928 = CARTESIAN_POINT('',(-13.09422936698,50.958188085715,
    0.892168964859));
#929 = CARTESIAN_POINT('',(-11.82869373496,50.753335502243,
    -4.694384948926));
#930 = CARTESIAN_POINT('',(-8.306931229061,50.548471450816,
    -8.749571117518));
#931 = CARTESIAN_POINT('',(-3.745708856875,50.343610718458,
    -10.59386571489));
#932 = CARTESIAN_POINT('',(5.096440734916,49.933888622491,
    -10.01432063076));
#933 = CARTESIAN_POINT('',(9.377913084572,49.72902789013,-7.590445542736
    ));
#934 = CARTESIAN_POINT('',(12.340234259317,49.524163838709,
    -3.110266959187));
#935 = CARTESIAN_POINT('',(12.86576401751,49.319311255239,2.593668459507
    ));
#936 = CARTESIAN_POINT('',(10.43307835312,49.114435287412,7.962906997387
    ));
#937 = CARTESIAN_POINT('',(5.798022399998,48.909591302934,
    11.328589927298));
#938 = CARTESIAN_POINT('',(0.476498237644,48.704717067655,
    12.055430285122));
#939 = CARTESIAN_POINT('',(-4.168847918351,48.499862223919,
    10.434605068847));
#940 = CARTESIAN_POINT('',(-10.43460754202,48.090137117025,
    4.168850432094));
#941 = CARTESIAN_POINT('',(-12.05542211758,47.885282273316,
    -0.476505899768));
#942 = CARTESIAN_POINT('',(-11.32860325783,47.680408037981,
    -5.798009658976));
#943 = CARTESIAN_POINT('',(-7.96289405959,47.475564053572,
    -10.43309169783));
#944 = CARTESIAN_POINT('',(-2.593676234939,47.270688085688,
    -12.86575500173));
#945 = CARTESIAN_POINT('',(3.110269482717,47.065835502251,
    -12.34023781249));
#946 = CARTESIAN_POINT('',(7.590445221341,46.860971450814,
    -9.377912482378));
#947 = CARTESIAN_POINT('',(10.014320610865,46.656110718462,
    -5.096440751001));
#948 = CARTESIAN_POINT('',(10.593865732525,46.246388622481,
    3.745708838313));
#949 = CARTESIAN_POINT('',(8.749571514761,46.041527890184,8.30693178422)
  );
#950 = CARTESIAN_POINT('',(4.69438198322,45.836663838575,11.828690541443
    ));
#951 = CARTESIAN_POINT('',(-0.892160079193,45.631811255469,
    13.094237290937));
#952 = CARTESIAN_POINT('',(-6.532993233425,45.426935287104,
    11.383189850573));
#953 = CARTESIAN_POINT('',(-10.47487848394,45.222091303268,
    7.227097221389));
#954 = CARTESIAN_POINT('',(-11.89009890709,45.017217067357,
    2.045971139531));
#955 = CARTESIAN_POINT('',(-10.88947942083,44.812362224135,-2.7711935793
    ));
#956 = CARTESIAN_POINT('',(-5.495174928225,44.402637116559,
    -9.801193855684));
#957 = CARTESIAN_POINT('',(-1.101119020399,44.197782275897,
    -12.01448280797));
#958 = CARTESIAN_POINT('',(4.269727440149,43.992908031169,
    -11.98847761726));
#959 = CARTESIAN_POINT('',(9.304468904186,43.788064066038,
    -9.256562115819));
#960 = CARTESIAN_POINT('',(12.4171440114,43.583188068303,-4.250805004511
    ));
#961 = CARTESIAN_POINT('',(12.640636988662,43.378335521398,
    1.472936464122));
#962 = CARTESIAN_POINT('',(10.288435062761,43.173471433956,6.3014446847)
  );
#963 = CARTESIAN_POINT('',(6.359971124078,42.968610730285,9.263427717476
    ));
#964 = CARTESIAN_POINT('',(-2.330886810733,42.558888597717,
    10.992146827641));
#965 = CARTESIAN_POINT('',(-7.093816654859,42.354028023887,
    9.758990036968));
#966 = CARTESIAN_POINT('',(-11.11475444765,42.14916348894,6.198174451767
    ));
#967 = CARTESIAN_POINT('',(-13.09866490048,41.944311892394,
    0.824614096421));
#968 = CARTESIAN_POINT('',(-12.13853130374,41.739434401138,
    -4.991299102342));
#969 = CARTESIAN_POINT('',(-8.532514966534,41.534592277917,
    -9.441937911197));
#970 = CARTESIAN_POINT('',(-3.580436414256,41.329716209458,
    -11.5213255683));
#971 = CARTESIAN_POINT('',(1.326123003496,41.124862825903,
    -11.15803110976));
#972 = CARTESIAN_POINT('',(5.163101376974,40.919999340942,
    -8.942753965672));
#973 = DEFINITIONAL_REPRESENTATION('',(#974),#1007);
#974 = B_SPLINE_CURVE_WITH_KNOTS('',7,(#975,#976,#977,#978,#979,#980,
    #981,#982,#983,#984,#985,#986,#987,#988,#989,#990,#991,#992,#993,
    #994,#995,#996,#997,#998,#999,#1000,#1001,#1002,#1003,#1004,#1005,
    #1006),.UNSPECIFIED.,.F.,.F.,(8,6,6,6,6,8),(0.,0.210877316072,
    0.444221257334,0.705795260229,0.847737623296,1.),.UNSPECIFIED.);
#975 = CARTESIAN_POINT('',(2.034177854762,0.97476951439));
#976 = CARTESIAN_POINT('',(1.967897814092,1.056441022564));
#977 = CARTESIAN_POINT('',(1.90202172504,1.137614777706));
#978 = CARTESIAN_POINT('',(1.836553498752,1.218285973411));
#979 = CARTESIAN_POINT('',(1.77148069513,1.298469939174));
#980 = CARTESIAN_POINT('',(1.706787579034,1.378186058743));
#981 = CARTESIAN_POINT('',(1.642465702897,1.457444734976));
#982 = CARTESIAN_POINT('',(1.507765842152,1.623424546844));
#983 = CARTESIAN_POINT('',(1.437452222168,1.710066371525));
#984 = CARTESIAN_POINT('',(1.367588888228,1.796153341129));
#985 = CARTESIAN_POINT('',(1.298160873836,1.88170389495));
#986 = CARTESIAN_POINT('',(1.229148552591,1.966742218066));
#987 = CARTESIAN_POINT('',(1.160542261469,2.051280220686));
#988 = CARTESIAN_POINT('',(1.01591524722,2.229492431875));
#989 = CARTESIAN_POINT('',(0.939971787459,2.323071434966));
#990 = CARTESIAN_POINT('',(0.864539182731,2.416020954959));
#991 = CARTESIAN_POINT('',(0.789594143904,2.508369691315));
#992 = CARTESIAN_POINT('',(0.715116081506,2.600143012533));
#993 = CARTESIAN_POINT('',(0.641089563092,2.6913599313));
#994 = CARTESIAN_POINT('',(0.527621792019,2.831177125753));
#995 = CARTESIAN_POINT('',(0.487840889422,2.880195926792));
#996 = CARTESIAN_POINT('',(0.448192468908,2.929051479667));
#997 = CARTESIAN_POINT('',(0.408674707572,2.977746030429));
#998 = CARTESIAN_POINT('',(0.369285446685,3.026282239203));
#999 = CARTESIAN_POINT('',(0.330023100724,3.074662060078));
#1000 = CARTESIAN_POINT('',(0.248906381661,3.174615647128));
#1001 = CARTESIAN_POINT('',(0.207069446717,3.226167925624));
#1002 = CARTESIAN_POINT('',(0.165376302748,3.277543022484));
#1003 = CARTESIAN_POINT('',(0.123824848497,3.328743527909));
#1004 = CARTESIAN_POINT('',(8.24125521172E-02,3.379772562775));
#1005 = CARTESIAN_POINT('',(4.113762146881E-02,3.43063233625));
#1006 = CARTESIAN_POINT('',(0.,3.481322918241));
#1007 = ( GEOMETRIC_REPRESENTATION_CONTEXT(2) 
PARAMETRIC_REPRESENTATION_CONTEXT() REPRESENTATION_CONTEXT('2D SPACE',''
  ) );
#1008 = ORIENTED_EDGE('',*,*,#1009,.T.);
#1009 = EDGE_CURVE('',#637,#1010,#1012,.T.);
#1010 = VERTEX_POINT('',#1011);
#1011 = CARTESIAN_POINT('',(10.376202,70.,1.665334536938E-16));
#1012 = SURFACE_CURVE('',#1013,(#1018,#1029),.PCURVE_S1.);
#1013 = CIRCLE('',#1014,10.376202);
#1014 = AXIS2_PLACEMENT_3D('',#1015,#1016,#1017);
#1015 = CARTESIAN_POINT('',(0.,70.,1.665334536938E-16));
#1016 = DIRECTION('',(0.,1.,-1.110223024625E-16));
#1017 = DIRECTION('',(1.,0.,0.));
#1018 = PCURVE('',#156,#1019);
#1019 = DEFINITIONAL_REPRESENTATION('',(#1020),#1028);
#1020 = ( BOUNDED_CURVE() B_SPLINE_CURVE(2,(#1021,#1022,#1023,#1024,
#1025,#1026,#1027),.UNSPECIFIED.,.T.,.F.) B_SPLINE_CURVE_WITH_KNOTS((1,2
    ,2,2,2,1),(-2.094395102393,0.,2.094395102393,4.188790204786,
6.28318530718,8.377580409573),.UNSPECIFIED.) CURVE() 
GEOMETRIC_REPRESENTATION_ITEM() RATIONAL_B_SPLINE_CURVE((1.,0.5,1.,0.5,
1.,0.5,1.)) REPRESENTATION_ITEM('') );
#1021 = CARTESIAN_POINT('',(10.376202,1.665334536938E-16));
#1022 = CARTESIAN_POINT('',(10.376202,-17.97210905359));
#1023 = CARTESIAN_POINT('',(-5.188101,-8.986054526799));
#1024 = CARTESIAN_POINT('',(-20.752404,-2.374903059627E-15));
#1025 = CARTESIAN_POINT('',(-5.188101,8.986054526799));
#1026 = CARTESIAN_POINT('',(10.376202,17.972109053598));
#1027 = CARTESIAN_POINT('',(10.376202,1.665334536938E-16));
#1028 = ( GEOMETRIC_REPRESENTATION_CONTEXT(2) 
PARAMETRIC_REPRESENTATION_CONTEXT() REPRESENTATION_CONTEXT('2D SPACE',''
  ) );
#1029 = PCURVE('',#1030,#1035);
#1030 = CYLINDRICAL_SURFACE('',#1031,10.376202);
#1031 = AXIS2_PLACEMENT_3D('',#1032,#1033,#1034);
#1032 = CARTESIAN_POINT('',(0.,71.5,0.));
#1033 = DIRECTION('',(-0.,1.,-1.110223024625E-16));
#1034 = DIRECTION('',(1.,0.,0.));
#1035 = DEFINITIONAL_REPRESENTATION('',(#1036),#1040);
#1036 = LINE('',#1037,#1038);
#1037 = CARTESIAN_POINT('',(-6.28318530718,-1.5));
#1038 = VECTOR('',#1039,1.);
#1039 = DIRECTION('',(1.,-0.));
#1040 = ( GEOMETRIC_REPRESENTATION_CONTEXT(2) 
PARAMETRIC_REPRESENTATION_CONTEXT() REPRESENTATION_CONTEXT('2D SPACE',''
  ) );
#1041 = ORIENTED_EDGE('',*,*,#1042,.T.);
#1042 = EDGE_CURVE('',#1010,#1043,#1045,.T.);
#1043 = VERTEX_POINT('',#1044);
#1044 = CARTESIAN_POINT('',(6.075668437598,70.,-8.411410129585));
#1045 = SURFACE_CURVE('',#1046,(#1051,#1062),.PCURVE_S1.);
#1046 = CIRCLE('',#1047,10.376202);
#1047 = AXIS2_PLACEMENT_3D('',#1048,#1049,#1050);
#1048 = CARTESIAN_POINT('',(0.,70.,1.665334536938E-16));
#1049 = DIRECTION('',(0.,1.,-1.110223024625E-16));
#1050 = DIRECTION('',(1.,0.,0.));
#1051 = PCURVE('',#156,#1052);
#1052 = DEFINITIONAL_REPRESENTATION('',(#1053),#1061);
#1053 = ( BOUNDED_CURVE() B_SPLINE_CURVE(2,(#1054,#1055,#1056,#1057,
#1058,#1059,#1060),.UNSPECIFIED.,.T.,.F.) B_SPLINE_CURVE_WITH_KNOTS((1,2
    ,2,2,2,1),(-2.094395102393,0.,2.094395102393,4.188790204786,
6.28318530718,8.377580409573),.UNSPECIFIED.) CURVE() 
GEOMETRIC_REPRESENTATION_ITEM() RATIONAL_B_SPLINE_CURVE((1.,0.5,1.,0.5,
1.,0.5,1.)) REPRESENTATION_ITEM('') );
#1054 = CARTESIAN_POINT('',(10.376202,1.665334536938E-16));
#1055 = CARTESIAN_POINT('',(10.376202,-17.97210905359));
#1056 = CARTESIAN_POINT('',(-5.188101,-8.986054526799));
#1057 = CARTESIAN_POINT('',(-20.752404,-2.374903059627E-15));
#1058 = CARTESIAN_POINT('',(-5.188101,8.986054526799));
#1059 = CARTESIAN_POINT('',(10.376202,17.972109053598));
#1060 = CARTESIAN_POINT('',(10.376202,1.665334536938E-16));
#1061 = ( GEOMETRIC_REPRESENTATION_CONTEXT(2) 
PARAMETRIC_REPRESENTATION_CONTEXT() REPRESENTATION_CONTEXT('2D SPACE',''
  ) );
#1062 = PCURVE('',#1063,#1068);
#1063 = CYLINDRICAL_SURFACE('',#1064,10.376202);
#1064 = AXIS2_PLACEMENT_3D('',#1065,#1066,#1067);
#1065 = CARTESIAN_POINT('',(0.,71.5,0.));
#1066 = DIRECTION('',(-0.,1.,-1.110223024625E-16));
#1067 = DIRECTION('',(1.,0.,0.));
#1068 = DEFINITIONAL_REPRESENTATION('',(#1069),#1073);
#1069 = LINE('',#1070,#1071);
#1070 = CARTESIAN_POINT('',(-6.28318530718,-1.5));
#1071 = VECTOR('',#1072,1.);
#1072 = DIRECTION('',(1.,-0.));
#1073 = ( GEOMETRIC_REPRESENTATION_CONTEXT(2) 
PARAMETRIC_REPRESENTATION_CONTEXT() REPRESENTATION_CONTEXT('2D SPACE',''
  ) );
#1074 = ORIENTED_EDGE('',*,*,#1075,.F.);
#1075 = EDGE_CURVE('',#639,#1043,#1076,.T.);
#1076 = SURFACE_CURVE('',#1077,(#1115,#1156),.PCURVE_S1.);
#1077 = B_SPLINE_CURVE_WITH_KNOTS('',8,(#1078,#1079,#1080,#1081,#1082,
    #1083,#1084,#1085,#1086,#1087,#1088,#1089,#1090,#1091,#1092,#1093,
    #1094,#1095,#1096,#1097,#1098,#1099,#1100,#1101,#1102,#1103,#1104,
    #1105,#1106,#1107,#1108,#1109,#1110,#1111,#1112,#1113,#1114),
  .UNSPECIFIED.,.F.,.F.,(9,7,7,7,7,9),(0.,0.152261726332,0.294204092062,
    0.555778583037,0.789122768037,1.),.UNSPECIFIED.);
#1078 = CARTESIAN_POINT('',(-12.04999687776,70.,-1.469379548598E-05));
#1079 = CARTESIAN_POINT('',(-12.01949353125,70.,-0.482323426703));
#1080 = CARTESIAN_POINT('',(-11.96684053035,70.,-0.963221903102));
#1081 = CARTESIAN_POINT('',(-11.89204017789,70.,-1.441504894636));
#1082 = CARTESIAN_POINT('',(-11.79517385544,70.,-1.915970131329));
#1083 = CARTESIAN_POINT('',(-11.67639948379,70.,-2.3854179296));
#1084 = CARTESIAN_POINT('',(-11.53595210947,70.,-2.848651569987));
#1085 = CARTESIAN_POINT('',(-11.37414761703,70.,-3.30447842455));
#1086 = CARTESIAN_POINT('',(-11.02101773091,70.,-4.168634521604));
#1087 = CARTESIAN_POINT('',(-10.83243093105,70.,-4.578102290632));
#1088 = CARTESIAN_POINT('',(-10.62595425952,70.,-4.979152709522));
#1089 = CARTESIAN_POINT('',(-10.40197225912,70.,-5.370845077786));
#1090 = CARTESIAN_POINT('',(-10.16092739712,70.,-5.75225968453));
#1091 = CARTESIAN_POINT('',(-9.903320448804,70.,-6.122498236546));
#1092 = CARTESIAN_POINT('',(-9.629712791227,70.,-6.48068545595));
#1093 = CARTESIAN_POINT('',(-8.808187928226,70.,-7.462273149015));
#1094 = CARTESIAN_POINT('',(-8.223303351351,70.,-8.054920965431));
#1095 = CARTESIAN_POINT('',(-7.59006800619,70.,-8.598404449107));
#1096 = CARTESIAN_POINT('',(-6.913102346224,70.,-9.087856305147));
#1097 = CARTESIAN_POINT('',(-6.197519867238,70.,-9.518884593112));
#1098 = CARTESIAN_POINT('',(-5.448984267209,70.,-9.887674514692));
#1099 = CARTESIAN_POINT('',(-4.673692138311,70.,-10.19096864791));
#1100 = CARTESIAN_POINT('',(-3.169129988794,70.,-10.63623267848));
#1101 = CARTESIAN_POINT('',(-2.443709765108,70.,-10.79214389092));
#1102 = CARTESIAN_POINT('',(-1.707101966414,70.,-10.89222046632));
#1103 = CARTESIAN_POINT('',(-0.964296102326,70.,-10.93523391524));
#1104 = CARTESIAN_POINT('',(-0.220404001515,70.,-10.92047428414));
#1105 = CARTESIAN_POINT('',(0.519345811127,70.,-10.8477458635));
#1106 = CARTESIAN_POINT('',(1.249614075941,70.,-10.71742440815));
#1107 = CARTESIAN_POINT('',(2.61142513257,70.,-10.36171756904));
#1108 = CARTESIAN_POINT('',(3.245851583705,70.,-10.14665525142));
#1109 = CARTESIAN_POINT('',(3.864198593092,70.,-9.886143764094));
#1110 = CARTESIAN_POINT('',(4.462559174926,70.,-9.581356670203));
#1111 = CARTESIAN_POINT('',(5.037139667991,70.,-9.23384932335));
#1112 = CARTESIAN_POINT('',(5.584262540723,70.,-8.84555656859));
#1113 = CARTESIAN_POINT('',(6.100389549864,70.,-8.418825070093));
#1114 = CARTESIAN_POINT('',(6.582165252684,70.,-7.956480265409));
#1115 = PCURVE('',#156,#1116);
#1116 = DEFINITIONAL_REPRESENTATION('',(#1117),#1155);
#1117 = B_SPLINE_CURVE_WITH_KNOTS('',8,(#1118,#1119,#1120,#1121,#1122,
    #1123,#1124,#1125,#1126,#1127,#1128,#1129,#1130,#1131,#1132,#1133,
    #1134,#1135,#1136,#1137,#1138,#1139,#1140,#1141,#1142,#1143,#1144,
    #1145,#1146,#1147,#1148,#1149,#1150,#1151,#1152,#1153,#1154),
  .UNSPECIFIED.,.F.,.F.,(9,7,7,7,7,9),(0.,0.152261726332,0.294204092062,
    0.555778583037,0.789122768037,1.),.UNSPECIFIED.);
#1118 = CARTESIAN_POINT('',(-12.04999687776,-1.469379548598E-05));
#1119 = CARTESIAN_POINT('',(-12.01949353125,-0.482323426703));
#1120 = CARTESIAN_POINT('',(-11.96684053035,-0.963221903102));
#1121 = CARTESIAN_POINT('',(-11.89204017789,-1.441504894636));
#1122 = CARTESIAN_POINT('',(-11.79517385544,-1.915970131329));
#1123 = CARTESIAN_POINT('',(-11.67639948379,-2.3854179296));
#1124 = CARTESIAN_POINT('',(-11.53595210947,-2.848651569987));
#1125 = CARTESIAN_POINT('',(-11.37414761703,-3.30447842455));
#1126 = CARTESIAN_POINT('',(-11.02101773091,-4.168634521604));
#1127 = CARTESIAN_POINT('',(-10.83243093105,-4.578102290632));
#1128 = CARTESIAN_POINT('',(-10.62595425952,-4.979152709522));
#1129 = CARTESIAN_POINT('',(-10.40197225912,-5.370845077786));
#1130 = CARTESIAN_POINT('',(-10.16092739712,-5.75225968453));
#1131 = CARTESIAN_POINT('',(-9.903320448804,-6.122498236546));
#1132 = CARTESIAN_POINT('',(-9.629712791227,-6.48068545595));
#1133 = CARTESIAN_POINT('',(-8.808187928226,-7.462273149015));
#1134 = CARTESIAN_POINT('',(-8.223303351351,-8.054920965431));
#1135 = CARTESIAN_POINT('',(-7.59006800619,-8.598404449107));
#1136 = CARTESIAN_POINT('',(-6.913102346224,-9.087856305147));
#1137 = CARTESIAN_POINT('',(-6.197519867238,-9.518884593112));
#1138 = CARTESIAN_POINT('',(-5.448984267209,-9.887674514692));
#1139 = CARTESIAN_POINT('',(-4.673692138311,-10.19096864791));
#1140 = CARTESIAN_POINT('',(-3.169129988794,-10.63623267848));
#1141 = CARTESIAN_POINT('',(-2.443709765108,-10.79214389092));
#1142 = CARTESIAN_POINT('',(-1.707101966414,-10.89222046632));
#1143 = CARTESIAN_POINT('',(-0.964296102326,-10.93523391524));
#1144 = CARTESIAN_POINT('',(-0.220404001515,-10.92047428414));
#1145 = CARTESIAN_POINT('',(0.519345811127,-10.8477458635));
#1146 = CARTESIAN_POINT('',(1.249614075941,-10.71742440815));
#1147 = CARTESIAN_POINT('',(2.61142513257,-10.36171756904));
#1148 = CARTESIAN_POINT('',(3.245851583705,-10.14665525142));
#1149 = CARTESIAN_POINT('',(3.864198593092,-9.886143764094));
#1150 = CARTESIAN_POINT('',(4.462559174926,-9.581356670203));
#1151 = CARTESIAN_POINT('',(5.037139667991,-9.23384932335));
#1152 = CARTESIAN_POINT('',(5.584262540723,-8.84555656859));
#1153 = CARTESIAN_POINT('',(6.100389549864,-8.418825070093));
#1154 = CARTESIAN_POINT('',(6.582165252684,-7.956480265409));
#1155 = ( GEOMETRIC_REPRESENTATION_CONTEXT(2) 
PARAMETRIC_REPRESENTATION_CONTEXT() REPRESENTATION_CONTEXT('2D SPACE',''
  ) );
#1156 = PCURVE('',#1157,#1418);
#1157 = B_SPLINE_SURFACE_WITH_KNOTS('',1,9,(
    (#1158,#1159,#1160,#1161,#1162,#1163,#1164,#1165,#1166,#1167,#1168
      ,#1169,#1170,#1171,#1172,#1173,#1174,#1175,#1176,#1177,#1178,#1179
      ,#1180,#1181,#1182,#1183,#1184,#1185,#1186,#1187,#1188,#1189,#1190
      ,#1191,#1192,#1193,#1194,#1195,#1196,#1197,#1198,#1199,#1200,#1201
      ,#1202,#1203,#1204,#1205,#1206,#1207,#1208,#1209,#1210,#1211,#1212
      ,#1213,#1214,#1215,#1216,#1217,#1218,#1219,#1220,#1221,#1222,#1223
      ,#1224,#1225,#1226,#1227,#1228,#1229,#1230,#1231,#1232,#1233,#1234
      ,#1235,#1236,#1237,#1238,#1239,#1240,#1241,#1242,#1243,#1244,#1245
      ,#1246,#1247,#1248,#1249,#1250,#1251,#1252,#1253,#1254,#1255,#1256
      ,#1257,#1258,#1259,#1260,#1261,#1262,#1263,#1264,#1265,#1266,#1267
      ,#1268,#1269,#1270,#1271,#1272,#1273,#1274,#1275,#1276,#1277,#1278
      ,#1279,#1280,#1281,#1282,#1283,#1284,#1285,#1286,#1287)
    ,(#1288,#1289,#1290,#1291,#1292,#1293,#1294,#1295,#1296,#1297,#1298
      ,#1299,#1300,#1301,#1302,#1303,#1304,#1305,#1306,#1307,#1308,#1309
      ,#1310,#1311,#1312,#1313,#1314,#1315,#1316,#1317,#1318,#1319,#1320
      ,#1321,#1322,#1323,#1324,#1325,#1326,#1327,#1328,#1329,#1330,#1331
      ,#1332,#1333,#1334,#1335,#1336,#1337,#1338,#1339,#1340,#1341,#1342
      ,#1343,#1344,#1345,#1346,#1347,#1348,#1349,#1350,#1351,#1352,#1353
      ,#1354,#1355,#1356,#1357,#1358,#1359,#1360,#1361,#1362,#1363,#1364
      ,#1365,#1366,#1367,#1368,#1369,#1370,#1371,#1372,#1373,#1374,#1375
      ,#1376,#1377,#1378,#1379,#1380,#1381,#1382,#1383,#1384,#1385,#1386
      ,#1387,#1388,#1389,#1390,#1391,#1392,#1393,#1394,#1395,#1396,#1397
      ,#1398,#1399,#1400,#1401,#1402,#1403,#1404,#1405,#1406,#1407,#1408
      ,#1409,#1410,#1411,#1412,#1413,#1414,#1415,#1416,#1417
  )),.UNSPECIFIED.,.F.,.F.,.F.,(2,2),(10,8,8,8,8,8,8,8,8,8,8,8,8,8,8,8,
    10),(0.,2.034177854762),(0.,4.279125229037,8.558250458073,
    12.83737568711,17.116500916147,21.395626145183,25.67475137422,
    29.953876603256,34.233001832293,38.51212706133,42.791252290366,
    47.070377519403,51.34950274844,55.628627977476,59.907753206513,
    64.186878435549,68.466003664586),.UNSPECIFIED.);
#1158 = CARTESIAN_POINT('',(10.326202,72.58,-1.89626092606E-15));
#1159 = CARTESIAN_POINT('',(10.326199108538,72.375136515063,
    4.430558972904));
#1160 = CARTESIAN_POINT('',(8.18754180802,72.170283131467,8.86141096459)
  );
#1161 = CARTESIAN_POINT('',(3.910700337778,71.965407063058,
    12.110342722937));
#1162 = CARTESIAN_POINT('',(-1.746673660263,71.760564939792,
    13.007925018648));
#1163 = CARTESIAN_POINT('',(-7.263468611846,71.555687448564,
    10.931468681413));
#1164 = CARTESIAN_POINT('',(-10.92515288931,71.350835852006,
    6.52657200507));
#1165 = CARTESIAN_POINT('',(-11.99844067878,71.145971317062,
    1.263930348789));
#1166 = CARTESIAN_POINT('',(-10.68492097926,70.941110743231,
    -3.477465923077));
#1167 = CARTESIAN_POINT('',(-4.842377818627,70.531388610665,
    -10.13960961832));
#1168 = CARTESIAN_POINT('',(-0.312993654565,70.326527906992,
    -12.06076753368));
#1169 = CARTESIAN_POINT('',(5.044717674429,70.121663819548,
    -11.68358008993));
#1170 = CARTESIAN_POINT('',(9.889876334035,69.91681127266,
    -8.628159010368));
#1171 = CARTESIAN_POINT('',(12.668651402213,69.711935274886,
    -3.429625149725));
#1172 = CARTESIAN_POINT('',(12.51718892272,69.507091309808,
    2.296546165728));
#1173 = CARTESIAN_POINT('',(9.854287067893,69.302217065031,6.96083788047
    ));
#1174 = CARTESIAN_POINT('',(5.740494982432,69.0973622244,9.659557247589)
  );
#1175 = CARTESIAN_POINT('',(-3.044815405908,68.687637116803,
    10.816161769731));
#1176 = CARTESIAN_POINT('',(-7.716911810804,68.482782273618,
    9.274141437478));
#1177 = CARTESIAN_POINT('',(-11.49628812306,68.277908037645,
    5.457961865021));
#1178 = CARTESIAN_POINT('',(-13.12462718339,68.073064053876,
    -3.385678410195E-02));
#1179 = CARTESIAN_POINT('',(-11.78602127647,67.868188085464,
    -5.774484871815));
#1180 = CARTESIAN_POINT('',(-7.896754924154,67.663335502378,
    -9.979798526185));
#1181 = CARTESIAN_POINT('',(-2.819228008035,67.458471450766,
    -11.73081617674));
#1182 = CARTESIAN_POINT('',(2.053053667518,67.253610718467,
    -11.04741041479));
#1183 = CARTESIAN_POINT('',(9.420806715861,66.843888622486,
    -6.124435224767));
#1184 = CARTESIAN_POINT('',(11.916732123595,66.639027890139,
    -1.88456203244));
#1185 = CARTESIAN_POINT('',(12.242093233714,66.434163838694,
    3.47654621811));
#1186 = CARTESIAN_POINT('',(9.84523181135,66.229311255257,8.67906630828)
  );
#1187 = CARTESIAN_POINT('',(5.053875060644,66.024435287394,
    12.112613436987));
#1188 = CARTESIAN_POINT('',(-0.643077888305,65.819591302943,
    12.709862054168));
#1189 = CARTESIAN_POINT('',(-5.615044379138,65.614717067654,
    10.678553942366));
#1190 = CARTESIAN_POINT('',(-8.827633444811,65.409862223915,
    6.952209477541));
#1191 = CARTESIAN_POINT('',(-11.1210561673,65.000137117034,
    -1.606974177496));
#1192 = CARTESIAN_POINT('',(-10.20205898625,64.795282273289,
    -6.440374192962));
#1193 = CARTESIAN_POINT('',(-6.911834957961,64.590408038019,
    -10.68552880449));
#1194 = CARTESIAN_POINT('',(-1.679540475987,64.385564053536,
    -13.01676337595));
#1195 = CARTESIAN_POINT('',(4.186698874634,64.180688085709,
    -12.43891175264));
#1196 = CARTESIAN_POINT('',(8.86368661517,63.975835502242,
    -9.131822191997));
#1197 = CARTESIAN_POINT('',(11.262474321272,63.770971450818,
    -4.326287888727));
#1198 = CARTESIAN_POINT('',(11.220875564875,63.566110718458,
    0.593513093439));
#1199 = CARTESIAN_POINT('',(7.301701860675,63.156388622491,
    8.540811199055));
#1200 = CARTESIAN_POINT('',(3.423885010803,62.951527890133,
    11.568798122196));
#1201 = CARTESIAN_POINT('',(-1.848890068681,62.746663838701,
    12.591140768983));
#1202 = CARTESIAN_POINT('',(-7.319755072992,62.54181125525,
    10.89384996559));
#1203 = CARTESIAN_POINT('',(-11.3493252823,62.336935287401,
    6.591651768723));
#1204 = CARTESIAN_POINT('',(-12.68506593041,62.132091302937,
    1.021393629707));
#1205 = CARTESIAN_POINT('',(-11.32010779502,61.927217067659,
    -4.173175911553));
#1206 = CARTESIAN_POINT('',(-8.044969741564,61.722362223911,
    -7.844666386332));
#1207 = CARTESIAN_POINT('',(0.141637175649,61.312637117043,
    -11.23566621051));
#1208 = CARTESIAN_POINT('',(5.053639986683,61.107782273267,
    -10.95541647721));
#1209 = CARTESIAN_POINT('',(9.691937125913,60.902908038047,
    -8.247444638457));
#1210 = CARTESIAN_POINT('',(12.686179137855,60.698064053513,
    -3.364200332873));
#1211 = CARTESIAN_POINT('',(12.878969000288,60.493188085719,
    2.527277298944));
#1212 = CARTESIAN_POINT('',(10.210641450157,60.288335502242,
    7.595914568679));
#1213 = CARTESIAN_POINT('',(5.759323784233,60.083471450816,
    10.601428407621));
#1214 = CARTESIAN_POINT('',(0.876182654209,59.878610718458,
    11.202348423028));
#1215 = CARTESIAN_POINT('',(-7.514680034666,59.468888622491,
    8.354034353333));
#1216 = CARTESIAN_POINT('',(-11.02291877746,59.264027890131,
    4.904624367348));
#1217 = CARTESIAN_POINT('',(-12.72475039473,59.059163838701,
    -0.189598897555));
#1218 = CARTESIAN_POINT('',(-11.75607132663,58.854311255258,
    -5.835200799015));
#1219 = CARTESIAN_POINT('',(-8.016643487426,58.649435287382,
    -10.39184702537));
#1220 = CARTESIAN_POINT('',(-2.66838881957,58.444591302961,
    -12.44322481167));
#1221 = CARTESIAN_POINT('',(2.659903247108,58.23971706764,
    -11.76797146476));
#1222 = CARTESIAN_POINT('',(6.727474911031,58.034862223919,
    -9.000078342832));
#1223 = CARTESIAN_POINT('',(11.158030889737,57.625137117037,
    -1.326123277533));
#1224 = CARTESIAN_POINT('',(11.521323754864,57.420282273279,
    3.580436599061));
#1225 = CARTESIAN_POINT('',(9.44193825454,57.215408038032,8.532513716062
    ));
#1226 = CARTESIAN_POINT('',(4.991297789346,57.010564053526,
    12.138530857356));
#1227 = CARTESIAN_POINT('',(-0.824613307974,56.805688085713,
    13.098663517658));
#1228 = CARTESIAN_POINT('',(-6.198174317942,56.600835502242,
    11.114753802162));
#1229 = CARTESIAN_POINT('',(-9.758989114638,56.395971450817,
    7.093816053006));
#1230 = CARTESIAN_POINT('',(-10.99214599378,56.191110718458,
    2.330886673721));
#1231 = CARTESIAN_POINT('',(-9.26342700203,55.781388622491,
    -6.359970611422));
#1232 = CARTESIAN_POINT('',(-6.301444241147,55.576527890132,
    -10.28843423632));
#1233 = CARTESIAN_POINT('',(-1.47293636328,55.371663838701,
    -12.64063601325));
#1234 = CARTESIAN_POINT('',(4.250804621549,55.166811255252,
    -12.4171430479));
#1235 = CARTESIAN_POINT('',(9.256561384681,54.961935287395,
    -9.30446821339));
#1236 = CARTESIAN_POINT('',(11.98847666648,54.757091302945,
    -4.26972713695));
#1237 = CARTESIAN_POINT('',(12.014481880052,54.552217067652,
    1.101118900663));
#1238 = CARTESIAN_POINT('',(9.801193108354,54.347362223914,
    5.495174474786));
#1239 = CARTESIAN_POINT('',(2.77119339377,53.937637117042,
    10.889478566852));
#1240 = CARTESIAN_POINT('',(-2.045970948562,53.73278227327,
    11.890097988747));
#1241 = CARTESIAN_POINT('',(-7.22709663084,53.527908038044,
    10.474877689285));
#1242 = CARTESIAN_POINT('',(-11.38318894848,53.323064053515,
    6.532992756806));
#1243 = CARTESIAN_POINT('',(-13.09423627058,53.11818808572,
    0.892160045306));
#1244 = CARTESIAN_POINT('',(-11.82868963502,52.91333550224,
    -4.694381586155));
#1245 = CARTESIAN_POINT('',(-8.306931162335,52.708471450817,
    -8.749570812205));
#1246 = CARTESIAN_POINT('',(-3.745708576001,52.503610718458,
    -10.59386489899));
#1247 = CARTESIAN_POINT('',(5.096440327699,52.093888622491,
    -10.01431984641));
#1248 = CARTESIAN_POINT('',(9.377911732896,51.88902789013,
    -7.590444656899));
#1249 = CARTESIAN_POINT('',(12.340236844983,51.684163838703,
    -3.110269274526));
#1250 = CARTESIAN_POINT('',(12.865754008848,51.479311255252,
    2.593675998385));
#1251 = CARTESIAN_POINT('',(10.43309090865,51.274435287392,
    7.962893412383));
#1252 = CARTESIAN_POINT('',(5.798009239132,51.06959130295,
    11.328602361617));
#1253 = CARTESIAN_POINT('',(0.476505895504,50.864717067646,
    12.055421179358));
#1254 = CARTESIAN_POINT('',(-4.168850079738,50.65986222392,
    10.434606742389));
#1255 = CARTESIAN_POINT('',(-10.43460424654,50.250137117024,
    4.168847622707));
#1256 = CARTESIAN_POINT('',(-12.05542934948,50.045282273315,
    -0.476498167825));
#1257 = CARTESIAN_POINT('',(-11.32858906262,49.840408037985,
    -5.798021918637));
#1258 = CARTESIAN_POINT('',(-7.96290640684,49.635564053564,
    -10.43307752058));
#1259 = CARTESIAN_POINT('',(-2.593668292924,49.430688085694,
    -12.86576301057));
#1260 = CARTESIAN_POINT('',(3.110266683942,49.225835502247,
    -12.34023330869));
#1261 = CARTESIAN_POINT('',(7.590444927319,49.020971450815,
    -9.377912376351));
#1262 = CARTESIAN_POINT('',(10.014319838608,48.816110718461,
    -5.096440366047));
#1263 = CARTESIAN_POINT('',(10.593864901726,48.406388622481,
    3.745708536982));
#1264 = CARTESIAN_POINT('',(8.74957046012,48.201527890185,8.306930559619
    ));
#1265 = CARTESIAN_POINT('',(4.69438461613,47.996663838569,
    11.828692803046));
#1266 = CARTESIAN_POINT('',(-0.892168859749,47.791811255483,
    13.094228351463));
#1267 = CARTESIAN_POINT('',(-6.532978126141,47.586935287084,
    11.383200526111));
#1268 = CARTESIAN_POINT('',(-10.47489252932,47.382091303285,
    7.227085795424));
#1269 = CARTESIAN_POINT('',(-11.89008888006,47.177217067348,
    2.045977543983));
#1270 = CARTESIAN_POINT('',(-10.88948136188,46.972362224136,
    -2.771195504232));
#1271 = CARTESIAN_POINT('',(-5.495171713337,46.562637116558,
    -9.80119095407));
#1272 = CARTESIAN_POINT('',(-1.101127626876,46.357782275897,
    -12.01448897436));
#1273 = CARTESIAN_POINT('',(4.269741439287,46.152908031172,
    -11.98846512909));
#1274 = CARTESIAN_POINT('',(9.304453251944,45.948064066033,
    -9.256572533493));
#1275 = CARTESIAN_POINT('',(12.417152967083,45.743188068307,
    -4.250798138952));
#1276 = CARTESIAN_POINT('',(12.640632181427,45.538335521396,
    1.472934236693));
#1277 = CARTESIAN_POINT('',(10.288434898731,45.333471433956,
    6.301444442605));
#1278 = CARTESIAN_POINT('',(6.359970656022,45.128610730285,
    9.263426977134));
#1279 = CARTESIAN_POINT('',(-2.330886650603,44.718888597717,
    10.992146016855));
#1280 = CARTESIAN_POINT('',(-7.093815415414,44.51402802389,
    9.758988549482));
#1281 = CARTESIAN_POINT('',(-11.11475677246,44.30916348893,6.19817809483
    ));
#1282 = CARTESIAN_POINT('',(-13.09865640714,44.104311892415,
    0.824602880714));
#1283 = CARTESIAN_POINT('',(-12.13854099608,43.899434401109,
    -4.991280862147));
#1284 = CARTESIAN_POINT('',(-8.532504283504,43.694592277941,
    -9.441955383607));
#1285 = CARTESIAN_POINT('',(-3.580442500876,43.489716209444,
    -11.52131298152));
#1286 = CARTESIAN_POINT('',(1.326125392117,43.284862825907,
    -11.15803455481));
#1287 = CARTESIAN_POINT('',(5.163100574422,43.079999340941,
    -8.942752575609));
#1288 = CARTESIAN_POINT('',(12.05,71.5,3.552713678801E-15));
#1289 = CARTESIAN_POINT('',(12.05000000003,71.295141128887,5.1701763737)
  );
#1290 = CARTESIAN_POINT('',(9.554315397995,71.090272725911,
    10.340667031449));
#1291 = CARTESIAN_POINT('',(4.563548599543,70.885425728858,14.1320130203
    ));
#1292 = CARTESIAN_POINT('',(-2.038277032583,70.680546700368,
    15.179347791702));
#1293 = CARTESIAN_POINT('',(-8.47597311871,70.475701045923,
    12.756345729715));
#1294 = CARTESIAN_POINT('',(-12.74894468015,70.270830956654,
    7.616063150762));
#1295 = CARTESIAN_POINT('',(-14.00139177032,70.065973076353,
    1.474927434589));
#1296 = CARTESIAN_POINT('',(-12.46860209802,69.861111458251,
    -4.057974595947));
#1297 = CARTESIAN_POINT('',(-5.650737187817,69.451389151428,
    -11.83225951838));
#1298 = CARTESIAN_POINT('',(-0.365239102247,69.246527655849,
    -14.07412458619));
#1299 = CARTESIAN_POINT('',(5.88683551508,69.041669353274,
    -13.63397139986));
#1300 = CARTESIAN_POINT('',(11.540876923237,68.836800160764,
    -10.06849720427));
#1301 = CARTESIAN_POINT('',(14.783437872197,68.631953097053,
    -4.00214172394));
#1302 = CARTESIAN_POINT('',(14.606774266023,68.427075806546,
    2.67990899173));
#1303 = CARTESIAN_POINT('',(11.499289616706,68.222227088669,
    8.122849038743));
#1304 = CARTESIAN_POINT('',(6.69878536512,68.017360060586,
    11.272067158618));
#1305 = CARTESIAN_POINT('',(-3.553104158347,67.60764056107,
    12.621754007944));
#1306 = CARTESIAN_POINT('',(-9.005112816831,67.402773535397,
    10.822304807615));
#1307 = CARTESIAN_POINT('',(-13.41544903008,67.197924809216,
    6.369104645577));
#1308 = CARTESIAN_POINT('',(-15.31553494142,66.993047536337,
    -3.953681236686E-02));
#1309 = CARTESIAN_POINT('',(-13.75354989531,66.788200444931,
    -6.738422766141));
#1310 = CARTESIAN_POINT('',(-9.214977892294,66.583331286571,
    -11.64577996435));
#1311 = CARTESIAN_POINT('',(-3.289857574264,66.378472950187,
    -13.68909126244));
#1312 = CARTESIAN_POINT('',(2.395778905609,66.173611481619,
    -12.89160345045));
#1313 = CARTESIAN_POINT('',(10.993463690043,65.763889140272,
    -7.146814128263));
#1314 = CARTESIAN_POINT('',(13.906045229401,65.559027671753,
    -2.199156321973));
#1315 = CARTESIAN_POINT('',(14.285717109253,65.354169335202,
    4.056882449305));
#1316 = CARTESIAN_POINT('',(11.488746533965,65.149300177195,
    10.127940520029));
#1317 = CARTESIAN_POINT('',(5.897528700514,64.944453085236,
    14.134579191741));
#1318 = CARTESIAN_POINT('',(-0.750415373475,64.739575813036,
    14.83160960356));
#1319 = CARTESIAN_POINT('',(-6.552398452182,64.534727086187,
    12.461156154906));
#1320 = CARTESIAN_POINT('',(-10.30126611528,64.329860061045,
    8.112776332364));
#1321 = CARTESIAN_POINT('',(-12.97754630903,63.920140560851,
    -1.875237369925));
#1322 = CARTESIAN_POINT('',(-11.90512157624,63.715273535709,
    -7.515478590762));
#1323 = CARTESIAN_POINT('',(-8.065683551195,63.510424808862,
    -12.46934302665));
#1324 = CARTESIAN_POINT('',(-1.959879888295,63.30554753666,
    -15.18966900645));
#1325 = CARTESIAN_POINT('',(4.885576127935,63.100700444699,
    -14.51542703458));
#1326 = CARTESIAN_POINT('',(10.34335272666,62.895831286699,
    -10.65622179317));
#1327 = CARTESIAN_POINT('',(13.142566606917,62.690972950138,
    -5.048497344095));
#1328 = CARTESIAN_POINT('',(13.094025893769,62.486111481628,
    0.692590774955));
#1329 = CARTESIAN_POINT('',(8.520607097431,62.076389140268,
    9.966566649526));
#1330 = CARTESIAN_POINT('',(3.995445367413,61.871527671757,
    13.500029583916));
#1331 = CARTESIAN_POINT('',(-2.157515000164,61.666669335201,
    14.693030237413));
#1332 = CARTESIAN_POINT('',(-8.541712246406,61.46180017719,
    12.71242022581));
#1333 = CARTESIAN_POINT('',(-13.24387394257,61.256953085247,
    7.692007325492));
#1334 = CARTESIAN_POINT('',(-14.80267198861,61.052075813024,
    1.191918060096));
#1335 = CARTESIAN_POINT('',(-13.20980885644,60.847227086194,
    -4.869834511521));
#1336 = CARTESIAN_POINT('',(-9.387955447268,60.642360061042,
    -9.154207552645));
#1337 = CARTESIAN_POINT('',(0.165284750189,60.232640560854,
    -13.11128919474));
#1338 = CARTESIAN_POINT('',(5.89725244231,60.027773535693,
    -12.78423841394));
#1339 = CARTESIAN_POINT('',(11.309883106896,59.822924808895,
    -9.624256375093));
#1340 = CARTESIAN_POINT('',(14.803903623383,59.618047536619,
    -3.925762500613));
#1341 = CARTESIAN_POINT('',(15.028941192867,59.413200444731,
    2.949135927591));
#1342 = CARTESIAN_POINT('',(11.915134784699,59.208331286682,
    8.86394785612));
#1343 = CARTESIAN_POINT('',(6.720755924662,59.003472950144,
    12.371168992932));
#1344 = CARTESIAN_POINT('',(1.02244777588,58.798611481627,
    13.072405923694));
#1345 = CARTESIAN_POINT('',(-8.769138890381,58.388889140268,
    9.748610116803));
#1346 = CARTESIAN_POINT('',(-12.86302468933,58.184027671761,
    5.723371234864));
#1347 = CARTESIAN_POINT('',(-14.84894154451,57.979169335187,
    -0.221231871173));
#1348 = CARTESIAN_POINT('',(-13.71858088307,57.774300177218,
    -6.809332908088));
#1349 = CARTESIAN_POINT('',(-9.354873572465,57.569453085211,
    -12.12656233827));
#1350 = CARTESIAN_POINT('',(-3.113857445224,57.364575813054,
    -14.52045655192));
#1351 = CARTESIAN_POINT('',(3.103946352206,57.15972708618,
    -13.73243806596));
#1352 = CARTESIAN_POINT('',(7.850517960755,56.954860061045,
    -10.50250404164));
#1353 = CARTESIAN_POINT('',(13.02069428719,56.545140560851,
    -1.547495937446));
#1354 = CARTESIAN_POINT('',(13.444613387948,56.340273535704,
    4.178122669547));
#1355 = CARTESIAN_POINT('',(11.018155504006,56.135424808875,
    9.95690795148));
#1356 = CARTESIAN_POINT('',(5.824474228183,55.930547536642,
    14.16483934491));
#1357 = CARTESIAN_POINT('',(-0.962235193915,55.725700444713,
    15.285306000527));
#1358 = CARTESIAN_POINT('',(-7.232878380193,55.520831286691,
    12.970176516561));
#1359 = CARTESIAN_POINT('',(-11.38809724754,55.315972950141,
    8.278020508012));
#1360 = CARTESIAN_POINT('',(-12.82711346391,55.111111481627,
    2.719991961794));
#1361 = CARTESIAN_POINT('',(-10.80981171425,54.701389140269,
    -7.421668733557));
#1362 = CARTESIAN_POINT('',(-7.353368633673,54.496527671757,
    -12.00592987602));
#1363 = CARTESIAN_POINT('',(-1.718836596455,54.2916693352,
    -14.75078334487));
#1364 = CARTESIAN_POINT('',(4.960443995769,54.086800177194,
    -14.49001281794));
#1365 = CARTESIAN_POINT('',(10.801761890312,53.881953085242,
    -10.85767533892));
#1366 = CARTESIAN_POINT('',(13.989792077757,53.677075813029,
    -4.982517866162));
#1367 = CARTESIAN_POINT('',(14.020101452847,53.472227086192,
    1.284948810236));
#1368 = CARTESIAN_POINT('',(11.437351880016,53.267360061042,
    6.41250382998));
#1369 = CARTESIAN_POINT('',(3.233798540547,52.857640560854,
    12.707311690364));
#1370 = CARTESIAN_POINT('',(-2.387504059513,52.652773535692,
    13.874947299323));
#1371 = CARTESIAN_POINT('',(-8.433567340439,52.447924808898,
    12.223530937454));
#1372 = CARTESIAN_POINT('',(-13.28341073801,52.243047536616,
    7.62352758684));
#1373 = CARTESIAN_POINT('',(-15.28013498462,52.038200444733,
    1.041129650723));
#1374 = CARTESIAN_POINT('',(-13.80329493221,51.83333128668,
    -5.478052349854));
#1375 = CARTESIAN_POINT('',(-9.693645865368,51.628472950144,
    -10.21017200087));
#1376 = CARTESIAN_POINT('',(-4.370996331117,51.423611481627,
    -12.36234553641));
#1377 = CARTESIAN_POINT('',(5.947211767028,51.013889140268,
    -11.68605443622));
#1378 = CARTESIAN_POINT('',(10.943410273846,50.80902767176,
    -8.857547856426));
#1379 = CARTESIAN_POINT('',(14.400235152567,50.604169335191,
    -3.629495293346));
#1380 = CARTESIAN_POINT('',(15.013516616018,50.399300177212,
    3.026680511347));
#1381 = CARTESIAN_POINT('',(12.17469927013,50.194453085218,
    9.292140301639));
#1382 = CARTESIAN_POINT('',(6.765926024906,49.989575813052,
    13.219758382398));
#1383 = CARTESIAN_POINT('',(0.556034562172,49.784727086177,
    14.067877016781));
#1384 = CARTESIAN_POINT('',(-4.8647699808,49.579860061048,
    12.176503456689));
#1385 = CARTESIAN_POINT('',(-12.17650346737,49.170140560849,
    4.864769954038));
#1386 = CARTESIAN_POINT('',(-14.06787701556,48.965273535727,
    -0.556034593068));
#1387 = CARTESIAN_POINT('',(-13.21975836752,48.760424808823,
    -6.765926053998));
#1388 = CARTESIAN_POINT('',(-9.292140274882,48.555547536706,
    -12.1746992905));
#1389 = CARTESIAN_POINT('',(-3.026680478358,48.350700444665,
    -15.0135166227));
#1390 = CARTESIAN_POINT('',(3.629495324996,48.145831286712,
    -14.40023514457));
#1391 = CARTESIAN_POINT('',(8.857547880474,47.940972950138,
    -10.94341025438));
#1392 = CARTESIAN_POINT('',(11.686054449292,47.736111481624,
    -5.947211741346));
#1393 = CARTESIAN_POINT('',(12.362345526804,47.326389140278,
    4.370996358285));
#1394 = CARTESIAN_POINT('',(10.210171979569,47.121527671703,
    9.693645887804));
#1395 = CARTESIAN_POINT('',(5.478052319518,46.916669335346,
    13.803294944263));
#1396 = CARTESIAN_POINT('',(-1.041129684295,46.711800176927,
    15.28013498232));
#1397 = CARTESIAN_POINT('',(-7.623527616045,46.506953085608,
    13.283410721282));
#1398 = CARTESIAN_POINT('',(-12.22353095597,46.30207581264,
    8.433567313553));
#1399 = CARTESIAN_POINT('',(-13.87494730457,46.09722708652,
    2.387504029036));
#1400 = CARTESIAN_POINT('',(-12.70731168325,45.892360060822,
    -3.233798568481));
#1401 = CARTESIAN_POINT('',(-6.412503804836,45.482640561315,
    -11.43735189409));
#1402 = CARTESIAN_POINT('',(-1.284948779487,45.27777353321,
    -14.02010145574));
#1403 = CARTESIAN_POINT('',(4.982517897082,45.072924815383,
    -13.98979206661));
#1404 = CARTESIAN_POINT('',(10.857675362315,44.868047524804,
    -10.80176186679));
#1405 = CARTESIAN_POINT('',(14.490012829359,44.663200461164,
    -4.960443963464));
#1406 = CARTESIAN_POINT('',(14.750783340515,44.458331268606,
    1.718836628376));
#1407 = CARTESIAN_POINT('',(12.005929860393,44.253472966054,
    7.353368660488));
#1408 = CARTESIAN_POINT('',(7.421668709427,44.048611470468,
    10.809811730261));
#1409 = CARTESIAN_POINT('',(-2.719991989197,43.638889163646,
    12.827113458561));
#1410 = CARTESIAN_POINT('',(-8.27802053728,43.434027545544,
    11.388097225955));
#1411 = CARTESIAN_POINT('',(-12.97017652137,43.22916966524,
    7.232878360572));
#1412 = CARTESIAN_POINT('',(-15.28530602282,43.024299575978,
    0.962235144144));
#1413 = CARTESIAN_POINT('',(-14.16483930402,42.819453921525,
    -5.824474236805));
#1414 = CARTESIAN_POINT('',(-9.956907958178,42.614574893035,
    -11.01815555064));
#1415 = CARTESIAN_POINT('',(-4.178122612778,42.409727895995,
    -13.44461337533));
#1416 = CARTESIAN_POINT('',(1.54749594696,42.204859492998,
    -13.02069429907));
#1417 = CARTESIAN_POINT('',(6.025000022935,42.000000621903,
    -10.43560610236));
#1418 = DEFINITIONAL_REPRESENTATION('',(#1419),#1457);
#1419 = B_SPLINE_CURVE_WITH_KNOTS('',8,(#1420,#1421,#1422,#1423,#1424,
    #1425,#1426,#1427,#1428,#1429,#1430,#1431,#1432,#1433,#1434,#1435,
    #1436,#1437,#1438,#1439,#1440,#1441,#1442,#1443,#1444,#1445,#1446,
    #1447,#1448,#1449,#1450,#1451,#1452,#1453,#1454,#1455,#1456),
  .UNSPECIFIED.,.F.,.F.,(9,7,7,7,7,9),(0.,0.152261726332,0.294204092062,
    0.555778583037,0.789122768037,1.),.UNSPECIFIED.);
#1420 = CARTESIAN_POINT('',(2.034177854762,3.481322918241));
#1421 = CARTESIAN_POINT('',(1.998182611548,3.525676910259));
#1422 = CARTESIAN_POINT('',(1.962084317806,3.570157884767));
#1423 = CARTESIAN_POINT('',(1.925882939899,3.614765882756));
#1424 = CARTESIAN_POINT('',(1.8895775818,3.659502007623));
#1425 = CARTESIAN_POINT('',(1.853166859944,3.704367963331));
#1426 = CARTESIAN_POINT('',(1.816649320451,3.749365540408));
#1427 = CARTESIAN_POINT('',(1.780023898739,3.7944960498));
#1428 = CARTESIAN_POINT('',(1.709046512755,3.881955668023));
#1429 = CARTESIAN_POINT('',(1.674707623645,3.924268665738));
#1430 = CARTESIAN_POINT('',(1.640273627759,3.966698853093));
#1431 = CARTESIAN_POINT('',(1.605743721121,4.009247220578));
#1432 = CARTESIAN_POINT('',(1.5711167142,4.051915234223));
#1433 = CARTESIAN_POINT('',(1.536391348483,4.094704445611));
#1434 = CARTESIAN_POINT('',(1.501566637613,4.13761607146));
#1435 = CARTESIAN_POINT('',(1.402282777828,4.259955406245));
#1436 = CARTESIAN_POINT('',(1.337568805053,4.339697119571));
#1437 = CARTESIAN_POINT('',(1.272512501871,4.419860672559));
#1438 = CARTESIAN_POINT('',(1.207113789101,4.500446113095));
#1439 = CARTESIAN_POINT('',(1.141351592364,4.581479513503));
#1440 = CARTESIAN_POINT('',(1.075221210046,4.662966551896));
#1441 = CARTESIAN_POINT('',(1.008708202665,4.744925081082));
#1442 = CARTESIAN_POINT('',(0.882158899891,4.900861405585));
#1443 = CARTESIAN_POINT('',(0.8221803505,4.974768048977));
#1444 = CARTESIAN_POINT('',(0.761895954442,5.049051559587));
#1445 = CARTESIAN_POINT('',(0.701302336107,5.12371609917));
#1446 = CARTESIAN_POINT('',(0.640389700235,5.198773740047));
#1447 = CARTESIAN_POINT('',(0.57914689915,5.274238219978));
#1448 = CARTESIAN_POINT('',(0.51756735535,5.350117643797));
#1449 = CARTESIAN_POINT('',(0.399705316782,5.49534937622));
#1450 = CARTESIAN_POINT('',(0.343471101502,5.564642193576));
#1451 = CARTESIAN_POINT('',(0.286957512536,5.634279261151));
#1452 = CARTESIAN_POINT('',(0.230161185278,5.704264723166));
#1453 = CARTESIAN_POINT('',(0.173074116544,5.77460843941));
#1454 = CARTESIAN_POINT('',(0.115687323991,5.845321476637));
#1455 = CARTESIAN_POINT('',(5.799511999876E-02,5.916410842734));
#1456 = CARTESIAN_POINT('',(0.,5.987873463636));
#1457 = ( GEOMETRIC_REPRESENTATION_CONTEXT(2) 
PARAMETRIC_REPRESENTATION_CONTEXT() REPRESENTATION_CONTEXT('2D SPACE',''
  ) );
#1458 = ADVANCED_FACE('',(#1459),#184,.F.);
#1459 = FACE_BOUND('',#1460,.T.);
#1460 = EDGE_LOOP('',(#1461,#1484,#1485,#1486));
#1461 = ORIENTED_EDGE('',*,*,#1462,.T.);
#1462 = EDGE_CURVE('',#1463,#169,#1465,.T.);
#1463 = VERTEX_POINT('',#1464);
#1464 = CARTESIAN_POINT('',(-25.,0.,25.));
#1465 = SURFACE_CURVE('',#1466,(#1470,#1477),.PCURVE_S1.);
#1466 = LINE('',#1467,#1468);
#1467 = CARTESIAN_POINT('',(-25.,0.,25.));
#1468 = VECTOR('',#1469,1.);
#1469 = DIRECTION('',(1.,0.,0.));
#1470 = PCURVE('',#184,#1471);
#1471 = DEFINITIONAL_REPRESENTATION('',(#1472),#1476);
#1472 = LINE('',#1473,#1474);
#1473 = CARTESIAN_POINT('',(25.,-70.));
#1474 = VECTOR('',#1475,1.);
#1475 = DIRECTION('',(-1.,0.));
#1476 = ( GEOMETRIC_REPRESENTATION_CONTEXT(2) 
PARAMETRIC_REPRESENTATION_CONTEXT() REPRESENTATION_CONTEXT('2D SPACE',''
  ) );
#1477 = PCURVE('',#212,#1478);
#1478 = DEFINITIONAL_REPRESENTATION('',(#1479),#1483);
#1479 = LINE('',#1480,#1481);
#1480 = CARTESIAN_POINT('',(-25.,-120.));
#1481 = VECTOR('',#1482,1.);
#1482 = DIRECTION('',(1.,0.));
#1483 = ( GEOMETRIC_REPRESENTATION_CONTEXT(2) 
PARAMETRIC_REPRESENTATION_CONTEXT() REPRESENTATION_CONTEXT('2D SPACE',''
  ) );
#1484 = ORIENTED_EDGE('',*,*,#168,.F.);
#1485 = ORIENTED_EDGE('',*,*,#589,.F.);
#1486 = ORIENTED_EDGE('',*,*,#1487,.T.);
#1487 = EDGE_CURVE('',#590,#1463,#1488,.T.);
#1488 = SURFACE_CURVE('',#1489,(#1493,#1500),.PCURVE_S1.);
#1489 = LINE('',#1490,#1491);
#1490 = CARTESIAN_POINT('',(-25.,70.,25.));
#1491 = VECTOR('',#1492,1.);
#1492 = DIRECTION('',(0.,-1.,0.));
#1493 = PCURVE('',#184,#1494);
#1494 = DEFINITIONAL_REPRESENTATION('',(#1495),#1499);
#1495 = LINE('',#1496,#1497);
#1496 = CARTESIAN_POINT('',(25.,0.));
#1497 = VECTOR('',#1498,1.);
#1498 = DIRECTION('',(-0.,-1.));
#1499 = ( GEOMETRIC_REPRESENTATION_CONTEXT(2) 
PARAMETRIC_REPRESENTATION_CONTEXT() REPRESENTATION_CONTEXT('2D SPACE',''
  ) );
#1500 = PCURVE('',#454,#1501);
#1501 = DEFINITIONAL_REPRESENTATION('',(#1502),#1506);
#1502 = LINE('',#1503,#1504);
#1503 = CARTESIAN_POINT('',(-45.,-120.));
#1504 = VECTOR('',#1505,1.);
#1505 = DIRECTION('',(1.,0.));
#1506 = ( GEOMETRIC_REPRESENTATION_CONTEXT(2) 
PARAMETRIC_REPRESENTATION_CONTEXT() REPRESENTATION_CONTEXT('2D SPACE',''
  ) );
#1507 = ADVANCED_FACE('',(#1508),#212,.F.);
#1508 = FACE_BOUND('',#1509,.T.);
#1509 = EDGE_LOOP('',(#1510,#1533,#1554,#1555));
#1510 = ORIENTED_EDGE('',*,*,#1511,.F.);
#1511 = EDGE_CURVE('',#1512,#1463,#1514,.T.);
#1512 = VERTEX_POINT('',#1513);
#1513 = CARTESIAN_POINT('',(-25.,0.,-54.677140719));
#1514 = SURFACE_CURVE('',#1515,(#1519,#1526),.PCURVE_S1.);
#1515 = LINE('',#1516,#1517);
#1516 = CARTESIAN_POINT('',(-25.,-0.,-54.677140719));
#1517 = VECTOR('',#1518,1.);
#1518 = DIRECTION('',(-0.,-0.,1.));
#1519 = PCURVE('',#212,#1520);
#1520 = DEFINITIONAL_REPRESENTATION('',(#1521),#1525);
#1521 = LINE('',#1522,#1523);
#1522 = CARTESIAN_POINT('',(-25.,-40.322859281));
#1523 = VECTOR('',#1524,1.);
#1524 = DIRECTION('',(0.,-1.));
#1525 = ( GEOMETRIC_REPRESENTATION_CONTEXT(2) 
PARAMETRIC_REPRESENTATION_CONTEXT() REPRESENTATION_CONTEXT('2D SPACE',''
  ) );
#1526 = PCURVE('',#454,#1527);
#1527 = DEFINITIONAL_REPRESENTATION('',(#1528),#1532);
#1528 = LINE('',#1529,#1530);
#1529 = CARTESIAN_POINT('',(25.,-40.322859281));
#1530 = VECTOR('',#1531,1.);
#1531 = DIRECTION('',(0.,-1.));
#1532 = ( GEOMETRIC_REPRESENTATION_CONTEXT(2) 
PARAMETRIC_REPRESENTATION_CONTEXT() REPRESENTATION_CONTEXT('2D SPACE',''
  ) );
#1533 = ORIENTED_EDGE('',*,*,#1534,.T.);
#1534 = EDGE_CURVE('',#1512,#197,#1535,.T.);
#1535 = SURFACE_CURVE('',#1536,(#1540,#1547),.PCURVE_S1.);
#1536 = LINE('',#1537,#1538);
#1537 = CARTESIAN_POINT('',(-25.,0.,-54.677140719));
#1538 = VECTOR('',#1539,1.);
#1539 = DIRECTION('',(1.,0.,-0.));
#1540 = PCURVE('',#212,#1541);
#1541 = DEFINITIONAL_REPRESENTATION('',(#1542),#1546);
#1542 = LINE('',#1543,#1544);
#1543 = CARTESIAN_POINT('',(-25.,-40.322859281));
#1544 = VECTOR('',#1545,1.);
#1545 = DIRECTION('',(1.,0.));
#1546 = ( GEOMETRIC_REPRESENTATION_CONTEXT(2) 
PARAMETRIC_REPRESENTATION_CONTEXT() REPRESENTATION_CONTEXT('2D SPACE',''
  ) );
#1547 = PCURVE('',#238,#1548);
#1548 = DEFINITIONAL_REPRESENTATION('',(#1549),#1553);
#1549 = LINE('',#1550,#1551);
#1550 = CARTESIAN_POINT('',(25.,-40.));
#1551 = VECTOR('',#1552,1.);
#1552 = DIRECTION('',(-1.,0.));
#1553 = ( GEOMETRIC_REPRESENTATION_CONTEXT(2) 
PARAMETRIC_REPRESENTATION_CONTEXT() REPRESENTATION_CONTEXT('2D SPACE',''
  ) );
#1554 = ORIENTED_EDGE('',*,*,#196,.T.);
#1555 = ORIENTED_EDGE('',*,*,#1462,.F.);
#1556 = ADVANCED_FACE('',(#1557),#238,.T.);
#1557 = FACE_BOUND('',#1558,.T.);
#1558 = EDGE_LOOP('',(#1559,#1584,#1612,#1633,#1634,#1635,#1636,#1659));
#1559 = ORIENTED_EDGE('',*,*,#1560,.T.);
#1560 = EDGE_CURVE('',#1561,#1563,#1565,.T.);
#1561 = VERTEX_POINT('',#1562);
#1562 = CARTESIAN_POINT('',(-22.,40.,-54.677140719));
#1563 = VERTEX_POINT('',#1564);
#1564 = CARTESIAN_POINT('',(-22.,3.,-54.677140719));
#1565 = SURFACE_CURVE('',#1566,(#1570,#1577),.PCURVE_S1.);
#1566 = LINE('',#1567,#1568);
#1567 = CARTESIAN_POINT('',(-22.,40.,-54.677140719));
#1568 = VECTOR('',#1569,1.);
#1569 = DIRECTION('',(-0.,-1.,0.));
#1570 = PCURVE('',#238,#1571);
#1571 = DEFINITIONAL_REPRESENTATION('',(#1572),#1576);
#1572 = LINE('',#1573,#1574);
#1573 = CARTESIAN_POINT('',(22.,0.));
#1574 = VECTOR('',#1575,1.);
#1575 = DIRECTION('',(0.,-1.));
#1576 = ( GEOMETRIC_REPRESENTATION_CONTEXT(2) 
PARAMETRIC_REPRESENTATION_CONTEXT() REPRESENTATION_CONTEXT('2D SPACE',''
  ) );
#1577 = PCURVE('',#398,#1578);
#1578 = DEFINITIONAL_REPRESENTATION('',(#1579),#1583);
#1579 = LINE('',#1580,#1581);
#1580 = CARTESIAN_POINT('',(-75.677140719,15.));
#1581 = VECTOR('',#1582,1.);
#1582 = DIRECTION('',(0.,-1.));
#1583 = ( GEOMETRIC_REPRESENTATION_CONTEXT(2) 
PARAMETRIC_REPRESENTATION_CONTEXT() REPRESENTATION_CONTEXT('2D SPACE',''
  ) );
#1584 = ORIENTED_EDGE('',*,*,#1585,.T.);
#1585 = EDGE_CURVE('',#1563,#1586,#1588,.T.);
#1586 = VERTEX_POINT('',#1587);
#1587 = CARTESIAN_POINT('',(22.,3.,-54.677140719));
#1588 = SURFACE_CURVE('',#1589,(#1593,#1600),.PCURVE_S1.);
#1589 = LINE('',#1590,#1591);
#1590 = CARTESIAN_POINT('',(-22.,3.,-54.677140719));
#1591 = VECTOR('',#1592,1.);
#1592 = DIRECTION('',(1.,0.,0.));
#1593 = PCURVE('',#238,#1594);
#1594 = DEFINITIONAL_REPRESENTATION('',(#1595),#1599);
#1595 = LINE('',#1596,#1597);
#1596 = CARTESIAN_POINT('',(22.,-37.));
#1597 = VECTOR('',#1598,1.);
#1598 = DIRECTION('',(-1.,0.));
#1599 = ( GEOMETRIC_REPRESENTATION_CONTEXT(2) 
PARAMETRIC_REPRESENTATION_CONTEXT() REPRESENTATION_CONTEXT('2D SPACE',''
  ) );
#1600 = PCURVE('',#1601,#1606);
#1601 = PLANE('',#1602);
#1602 = AXIS2_PLACEMENT_3D('',#1603,#1604,#1605);
#1603 = CARTESIAN_POINT('',(-0.,3.,21.));
#1604 = DIRECTION('',(0.,-1.,-0.));
#1605 = DIRECTION('',(0.,0.,-1.));
#1606 = DEFINITIONAL_REPRESENTATION('',(#1607),#1611);
#1607 = LINE('',#1608,#1609);
#1608 = CARTESIAN_POINT('',(75.677140719,-22.));
#1609 = VECTOR('',#1610,1.);
#1610 = DIRECTION('',(0.,1.));
#1611 = ( GEOMETRIC_REPRESENTATION_CONTEXT(2) 
PARAMETRIC_REPRESENTATION_CONTEXT() REPRESENTATION_CONTEXT('2D SPACE',''
  ) );
#1612 = ORIENTED_EDGE('',*,*,#1613,.T.);
#1613 = EDGE_CURVE('',#1586,#254,#1614,.T.);
#1614 = SURFACE_CURVE('',#1615,(#1619,#1626),.PCURVE_S1.);
#1615 = LINE('',#1616,#1617);
#1616 = CARTESIAN_POINT('',(22.,3.,-54.677140719));
#1617 = VECTOR('',#1618,1.);
#1618 = DIRECTION('',(0.,1.,0.));
#1619 = PCURVE('',#238,#1620);
#1620 = DEFINITIONAL_REPRESENTATION('',(#1621),#1625);
#1621 = LINE('',#1622,#1623);
#1622 = CARTESIAN_POINT('',(-22.,-37.));
#1623 = VECTOR('',#1624,1.);
#1624 = DIRECTION('',(0.,1.));
#1625 = ( GEOMETRIC_REPRESENTATION_CONTEXT(2) 
PARAMETRIC_REPRESENTATION_CONTEXT() REPRESENTATION_CONTEXT('2D SPACE',''
  ) );
#1626 = PCURVE('',#271,#1627);
#1627 = DEFINITIONAL_REPRESENTATION('',(#1628),#1632);
#1628 = LINE('',#1629,#1630);
#1629 = CARTESIAN_POINT('',(75.677140719,-22.));
#1630 = VECTOR('',#1631,1.);
#1631 = DIRECTION('',(0.,1.));
#1632 = ( GEOMETRIC_REPRESENTATION_CONTEXT(2) 
PARAMETRIC_REPRESENTATION_CONTEXT() REPRESENTATION_CONTEXT('2D SPACE',''
  ) );
#1633 = ORIENTED_EDGE('',*,*,#305,.T.);
#1634 = ORIENTED_EDGE('',*,*,#224,.T.);
#1635 = ORIENTED_EDGE('',*,*,#1534,.F.);
#1636 = ORIENTED_EDGE('',*,*,#1637,.F.);
#1637 = EDGE_CURVE('',#1638,#1512,#1640,.T.);
#1638 = VERTEX_POINT('',#1639);
#1639 = CARTESIAN_POINT('',(-25.,40.,-54.677140719));
#1640 = SURFACE_CURVE('',#1641,(#1645,#1652),.PCURVE_S1.);
#1641 = LINE('',#1642,#1643);
#1642 = CARTESIAN_POINT('',(-25.,40.,-54.677140719));
#1643 = VECTOR('',#1644,1.);
#1644 = DIRECTION('',(0.,-1.,0.));
#1645 = PCURVE('',#238,#1646);
#1646 = DEFINITIONAL_REPRESENTATION('',(#1647),#1651);
#1647 = LINE('',#1648,#1649);
#1648 = CARTESIAN_POINT('',(25.,0.));
#1649 = VECTOR('',#1650,1.);
#1650 = DIRECTION('',(0.,-1.));
#1651 = ( GEOMETRIC_REPRESENTATION_CONTEXT(2) 
PARAMETRIC_REPRESENTATION_CONTEXT() REPRESENTATION_CONTEXT('2D SPACE',''
  ) );
#1652 = PCURVE('',#454,#1653);
#1653 = DEFINITIONAL_REPRESENTATION('',(#1654),#1658);
#1654 = LINE('',#1655,#1656);
#1655 = CARTESIAN_POINT('',(-15.,-40.322859281));
#1656 = VECTOR('',#1657,1.);
#1657 = DIRECTION('',(1.,0.));
#1658 = ( GEOMETRIC_REPRESENTATION_CONTEXT(2) 
PARAMETRIC_REPRESENTATION_CONTEXT() REPRESENTATION_CONTEXT('2D SPACE',''
  ) );
#1659 = ORIENTED_EDGE('',*,*,#1660,.T.);
#1660 = EDGE_CURVE('',#1638,#1561,#1661,.T.);
#1661 = SURFACE_CURVE('',#1662,(#1666,#1673),.PCURVE_S1.);
#1662 = LINE('',#1663,#1664);
#1663 = CARTESIAN_POINT('',(-25.,40.,-54.677140719));
#1664 = VECTOR('',#1665,1.);
#1665 = DIRECTION('',(1.,0.,-0.));
#1666 = PCURVE('',#238,#1667);
#1667 = DEFINITIONAL_REPRESENTATION('',(#1668),#1672);
#1668 = LINE('',#1669,#1670);
#1669 = CARTESIAN_POINT('',(25.,0.));
#1670 = VECTOR('',#1671,1.);
#1671 = DIRECTION('',(-1.,0.));
#1672 = ( GEOMETRIC_REPRESENTATION_CONTEXT(2) 
PARAMETRIC_REPRESENTATION_CONTEXT() REPRESENTATION_CONTEXT('2D SPACE',''
  ) );
#1673 = PCURVE('',#426,#1674);
#1674 = DEFINITIONAL_REPRESENTATION('',(#1675),#1679);
#1675 = LINE('',#1676,#1677);
#1676 = CARTESIAN_POINT('',(-25.,-54.677140719));
#1677 = VECTOR('',#1678,1.);
#1678 = DIRECTION('',(1.,0.));
#1679 = ( GEOMETRIC_REPRESENTATION_CONTEXT(2) 
PARAMETRIC_REPRESENTATION_CONTEXT() REPRESENTATION_CONTEXT('2D SPACE',''
  ) );
#1680 = ADVANCED_FACE('',(#1681),#271,.F.);
#1681 = FACE_BOUND('',#1682,.T.);
#1682 = EDGE_LOOP('',(#1683,#1684,#1707,#1735,#1756,#1757));
#1683 = ORIENTED_EDGE('',*,*,#1613,.F.);
#1684 = ORIENTED_EDGE('',*,*,#1685,.F.);
#1685 = EDGE_CURVE('',#1686,#1586,#1688,.T.);
#1686 = VERTEX_POINT('',#1687);
#1687 = CARTESIAN_POINT('',(22.,3.,23.));
#1688 = SURFACE_CURVE('',#1689,(#1693,#1700),.PCURVE_S1.);
#1689 = LINE('',#1690,#1691);
#1690 = CARTESIAN_POINT('',(22.,3.,23.));
#1691 = VECTOR('',#1692,1.);
#1692 = DIRECTION('',(0.,0.,-1.));
#1693 = PCURVE('',#271,#1694);
#1694 = DEFINITIONAL_REPRESENTATION('',(#1695),#1699);
#1695 = LINE('',#1696,#1697);
#1696 = CARTESIAN_POINT('',(-2.,-22.));
#1697 = VECTOR('',#1698,1.);
#1698 = DIRECTION('',(1.,0.));
#1699 = ( GEOMETRIC_REPRESENTATION_CONTEXT(2) 
PARAMETRIC_REPRESENTATION_CONTEXT() REPRESENTATION_CONTEXT('2D SPACE',''
  ) );
#1700 = PCURVE('',#1601,#1701);
#1701 = DEFINITIONAL_REPRESENTATION('',(#1702),#1706);
#1702 = LINE('',#1703,#1704);
#1703 = CARTESIAN_POINT('',(-2.,22.));
#1704 = VECTOR('',#1705,1.);
#1705 = DIRECTION('',(1.,0.));
#1706 = ( GEOMETRIC_REPRESENTATION_CONTEXT(2) 
PARAMETRIC_REPRESENTATION_CONTEXT() REPRESENTATION_CONTEXT('2D SPACE',''
  ) );
#1707 = ORIENTED_EDGE('',*,*,#1708,.F.);
#1708 = EDGE_CURVE('',#1709,#1686,#1711,.T.);
#1709 = VERTEX_POINT('',#1710);
#1710 = CARTESIAN_POINT('',(22.,47.,23.));
#1711 = SURFACE_CURVE('',#1712,(#1716,#1723),.PCURVE_S1.);
#1712 = LINE('',#1713,#1714);
#1713 = CARTESIAN_POINT('',(22.,47.,23.));
#1714 = VECTOR('',#1715,1.);
#1715 = DIRECTION('',(-0.,-1.,-0.));
#1716 = PCURVE('',#271,#1717);
#1717 = DEFINITIONAL_REPRESENTATION('',(#1718),#1722);
#1718 = LINE('',#1719,#1720);
#1719 = CARTESIAN_POINT('',(-2.,22.));
#1720 = VECTOR('',#1721,1.);
#1721 = DIRECTION('',(0.,-1.));
#1722 = ( GEOMETRIC_REPRESENTATION_CONTEXT(2) 
PARAMETRIC_REPRESENTATION_CONTEXT() REPRESENTATION_CONTEXT('2D SPACE',''
  ) );
#1723 = PCURVE('',#1724,#1729);
#1724 = PLANE('',#1725);
#1725 = AXIS2_PLACEMENT_3D('',#1726,#1727,#1728);
#1726 = CARTESIAN_POINT('',(-0.,25.,23.));
#1727 = DIRECTION('',(0.,0.,-1.));
#1728 = DIRECTION('',(-1.,0.,-0.));
#1729 = DEFINITIONAL_REPRESENTATION('',(#1730),#1734);
#1730 = LINE('',#1731,#1732);
#1731 = CARTESIAN_POINT('',(-22.,22.));
#1732 = VECTOR('',#1733,1.);
#1733 = DIRECTION('',(0.,-1.));
#1734 = ( GEOMETRIC_REPRESENTATION_CONTEXT(2) 
PARAMETRIC_REPRESENTATION_CONTEXT() REPRESENTATION_CONTEXT('2D SPACE',''
  ) );
#1735 = ORIENTED_EDGE('',*,*,#1736,.T.);
#1736 = EDGE_CURVE('',#1709,#332,#1737,.T.);
#1737 = SURFACE_CURVE('',#1738,(#1742,#1749),.PCURVE_S1.);
#1738 = LINE('',#1739,#1740);
#1739 = CARTESIAN_POINT('',(22.,47.,23.));
#1740 = VECTOR('',#1741,1.);
#1741 = DIRECTION('',(0.,0.,-1.));
#1742 = PCURVE('',#271,#1743);
#1743 = DEFINITIONAL_REPRESENTATION('',(#1744),#1748);
#1744 = LINE('',#1745,#1746);
#1745 = CARTESIAN_POINT('',(-2.,22.));
#1746 = VECTOR('',#1747,1.);
#1747 = DIRECTION('',(1.,0.));
#1748 = ( GEOMETRIC_REPRESENTATION_CONTEXT(2) 
PARAMETRIC_REPRESENTATION_CONTEXT() REPRESENTATION_CONTEXT('2D SPACE',''
  ) );
#1749 = PCURVE('',#370,#1750);
#1750 = DEFINITIONAL_REPRESENTATION('',(#1751),#1755);
#1751 = LINE('',#1752,#1753);
#1752 = CARTESIAN_POINT('',(-22.,2.));
#1753 = VECTOR('',#1754,1.);
#1754 = DIRECTION('',(0.,-1.));
#1755 = ( GEOMETRIC_REPRESENTATION_CONTEXT(2) 
PARAMETRIC_REPRESENTATION_CONTEXT() REPRESENTATION_CONTEXT('2D SPACE',''
  ) );
#1756 = ORIENTED_EDGE('',*,*,#331,.T.);
#1757 = ORIENTED_EDGE('',*,*,#253,.F.);
#1758 = ADVANCED_FACE('',(#1759,#1807),#370,.F.);
#1759 = FACE_BOUND('',#1760,.F.);
#1760 = EDGE_LOOP('',(#1761,#1762,#1763,#1786));
#1761 = ORIENTED_EDGE('',*,*,#1736,.T.);
#1762 = ORIENTED_EDGE('',*,*,#354,.F.);
#1763 = ORIENTED_EDGE('',*,*,#1764,.F.);
#1764 = EDGE_CURVE('',#1765,#355,#1767,.T.);
#1765 = VERTEX_POINT('',#1766);
#1766 = CARTESIAN_POINT('',(-22.,47.,23.));
#1767 = SURFACE_CURVE('',#1768,(#1772,#1779),.PCURVE_S1.);
#1768 = LINE('',#1769,#1770);
#1769 = CARTESIAN_POINT('',(-22.,47.,23.));
#1770 = VECTOR('',#1771,1.);
#1771 = DIRECTION('',(0.,0.,-1.));
#1772 = PCURVE('',#370,#1773);
#1773 = DEFINITIONAL_REPRESENTATION('',(#1774),#1778);
#1774 = LINE('',#1775,#1776);
#1775 = CARTESIAN_POINT('',(22.,2.));
#1776 = VECTOR('',#1777,1.);
#1777 = DIRECTION('',(0.,-1.));
#1778 = ( GEOMETRIC_REPRESENTATION_CONTEXT(2) 
PARAMETRIC_REPRESENTATION_CONTEXT() REPRESENTATION_CONTEXT('2D SPACE',''
  ) );
#1779 = PCURVE('',#398,#1780);
#1780 = DEFINITIONAL_REPRESENTATION('',(#1781),#1785);
#1781 = LINE('',#1782,#1783);
#1782 = CARTESIAN_POINT('',(2.,22.));
#1783 = VECTOR('',#1784,1.);
#1784 = DIRECTION('',(-1.,0.));
#1785 = ( GEOMETRIC_REPRESENTATION_CONTEXT(2) 
PARAMETRIC_REPRESENTATION_CONTEXT() REPRESENTATION_CONTEXT('2D SPACE',''
  ) );
#1786 = ORIENTED_EDGE('',*,*,#1787,.T.);
#1787 = EDGE_CURVE('',#1765,#1709,#1788,.T.);
#1788 = SURFACE_CURVE('',#1789,(#1793,#1800),.PCURVE_S1.);
#1789 = LINE('',#1790,#1791);
#1790 = CARTESIAN_POINT('',(-22.,47.,23.));
#1791 = VECTOR('',#1792,1.);
#1792 = DIRECTION('',(1.,-0.,0.));
#1793 = PCURVE('',#370,#1794);
#1794 = DEFINITIONAL_REPRESENTATION('',(#1795),#1799);
#1795 = LINE('',#1796,#1797);
#1796 = CARTESIAN_POINT('',(22.,2.));
#1797 = VECTOR('',#1798,1.);
#1798 = DIRECTION('',(-1.,0.));
#1799 = ( GEOMETRIC_REPRESENTATION_CONTEXT(2) 
PARAMETRIC_REPRESENTATION_CONTEXT() REPRESENTATION_CONTEXT('2D SPACE',''
  ) );
#1800 = PCURVE('',#1724,#1801);
#1801 = DEFINITIONAL_REPRESENTATION('',(#1802),#1806);
#1802 = LINE('',#1803,#1804);
#1803 = CARTESIAN_POINT('',(22.,22.));
#1804 = VECTOR('',#1805,1.);
#1805 = DIRECTION('',(-1.,0.));
#1806 = ( GEOMETRIC_REPRESENTATION_CONTEXT(2) 
PARAMETRIC_REPRESENTATION_CONTEXT() REPRESENTATION_CONTEXT('2D SPACE',''
  ) );
#1807 = FACE_BOUND('',#1808,.F.);
#1808 = EDGE_LOOP('',(#1809,#1921,#2013));
#1809 = ORIENTED_EDGE('',*,*,#1810,.T.);
#1810 = EDGE_CURVE('',#1811,#1813,#1815,.T.);
#1811 = VERTEX_POINT('',#1812);
#1812 = CARTESIAN_POINT('',(4.246657620273,47.,-9.467389668909));
#1813 = VERTEX_POINT('',#1814);
#1814 = CARTESIAN_POINT('',(6.024992801766,47.,10.435613654314));
#1815 = SURFACE_CURVE('',#1816,(#1849,#1885),.PCURVE_S1.);
#1816 = B_SPLINE_CURVE_WITH_KNOTS('',6,(#1817,#1818,#1819,#1820,#1821,
    #1822,#1823,#1824,#1825,#1826,#1827,#1828,#1829,#1830,#1831,#1832,
    #1833,#1834,#1835,#1836,#1837,#1838,#1839,#1840,#1841,#1842,#1843,
    #1844,#1845,#1846,#1847,#1848),.UNSPECIFIED.,.F.,.F.,(7,5,5,5,5,5,7)
  ,(0.,0.210877394913,0.444221222519,0.573758676986,0.70580775231,
    0.847743799367,1.),.UNSPECIFIED.);
#1817 = CARTESIAN_POINT('',(3.599417621044,47.,-9.678570005033));
#1818 = CARTESIAN_POINT('',(4.454472241013,47.,-9.430489954974));
#1819 = CARTESIAN_POINT('',(5.284015428686,47.,-9.093638824605));
#1820 = CARTESIAN_POINT('',(6.076499412785,47.,-8.672198996033));
#1821 = CARTESIAN_POINT('',(6.821884704769,47.,-8.172208510831));
#1822 = CARTESIAN_POINT('',(7.511300880174,47.,-7.600895153796));
#1823 = CARTESIAN_POINT('',(8.82991572095,47.,-6.265552998897));
#1824 = CARTESIAN_POINT('',(9.445118306873,47.,-5.487227745456));
#1825 = CARTESIAN_POINT('',(9.972663559515,47.,-4.643722898022));
#1826 = CARTESIAN_POINT('',(10.405374637534,47.,-3.747933413259));
#1827 = CARTESIAN_POINT('',(10.738186675952,47.,-2.813340946462));
#1828 = CARTESIAN_POINT('',(11.096650550357,47.,-1.321863267631));
#1829 = CARTESIAN_POINT('',(11.193100614905,47.,-0.781832883636));
#1830 = CARTESIAN_POINT('',(11.257624105163,47.,-0.236573767968));
#1831 = CARTESIAN_POINT('',(11.290057339462,47.,0.311549615983));
#1832 = CARTESIAN_POINT('',(11.290459842121,47.,0.860191568149));
#1833 = CARTESIAN_POINT('',(11.227157726276,47.,1.964483979015));
#1834 = CARTESIAN_POINT('',(11.162209228791,47.,2.520082930833));
#1835 = CARTESIAN_POINT('',(11.064562638238,47.,3.071381022244));
#1836 = CARTESIAN_POINT('',(10.934753726263,47.,3.616019770468));
#1837 = CARTESIAN_POINT('',(10.773523712303,47.,4.151728595541));
#1838 = CARTESIAN_POINT('',(10.37578200354,47.,5.240205841777));
#1839 = CARTESIAN_POINT('',(10.134529572834,47.,5.791270173323));
#1840 = CARTESIAN_POINT('',(9.859254831076,47.,6.326813005724));
#1841 = CARTESIAN_POINT('',(9.551397441512,47.,6.844328853808));
#1842 = CARTESIAN_POINT('',(9.212609830608,47.,7.341492655315));
#1843 = CARTESIAN_POINT('',(8.450186086663,47.,8.325358690954));
#1844 = CARTESIAN_POINT('',(8.022152917599,47.,8.808696069128));
#1845 = CARTESIAN_POINT('',(7.562983785849,47.,9.263541262703));
#1846 = CARTESIAN_POINT('',(7.075219620666,47.,9.687594486432));
#1847 = CARTESIAN_POINT('',(6.561582908781,47.,10.078849703352));
#1848 = CARTESIAN_POINT('',(6.024992801765,47.,10.435613654314));
#1849 = PCURVE('',#370,#1850);
#1850 = DEFINITIONAL_REPRESENTATION('',(#1851),#1884);
#1851 = B_SPLINE_CURVE_WITH_KNOTS('',6,(#1852,#1853,#1854,#1855,#1856,
    #1857,#1858,#1859,#1860,#1861,#1862,#1863,#1864,#1865,#1866,#1867,
    #1868,#1869,#1870,#1871,#1872,#1873,#1874,#1875,#1876,#1877,#1878,
    #1879,#1880,#1881,#1882,#1883),.UNSPECIFIED.,.F.,.F.,(7,5,5,5,5,5,7)
  ,(0.,0.210877394913,0.444221222519,0.573758676986,0.70580775231,
    0.847743799367,1.),.UNSPECIFIED.);
#1852 = CARTESIAN_POINT('',(-3.599417621044,-30.67857000503));
#1853 = CARTESIAN_POINT('',(-4.454472241013,-30.43048995497));
#1854 = CARTESIAN_POINT('',(-5.284015428686,-30.0936388246));
#1855 = CARTESIAN_POINT('',(-6.076499412785,-29.67219899603));
#1856 = CARTESIAN_POINT('',(-6.821884704769,-29.17220851083));
#1857 = CARTESIAN_POINT('',(-7.511300880174,-28.60089515379));
#1858 = CARTESIAN_POINT('',(-8.82991572095,-27.26555299889));
#1859 = CARTESIAN_POINT('',(-9.445118306873,-26.48722774545));
#1860 = CARTESIAN_POINT('',(-9.972663559515,-25.64372289802));
#1861 = CARTESIAN_POINT('',(-10.40537463753,-24.74793341325));
#1862 = CARTESIAN_POINT('',(-10.73818667595,-23.81334094646));
#1863 = CARTESIAN_POINT('',(-11.09665055035,-22.32186326763));
#1864 = CARTESIAN_POINT('',(-11.1931006149,-21.78183288363));
#1865 = CARTESIAN_POINT('',(-11.25762410516,-21.23657376796));
#1866 = CARTESIAN_POINT('',(-11.29005733946,-20.68845038401));
#1867 = CARTESIAN_POINT('',(-11.29045984212,-20.13980843185));
#1868 = CARTESIAN_POINT('',(-11.22715772627,-19.03551602098));
#1869 = CARTESIAN_POINT('',(-11.16220922879,-18.47991706916));
#1870 = CARTESIAN_POINT('',(-11.06456263823,-17.92861897775));
#1871 = CARTESIAN_POINT('',(-10.93475372626,-17.38398022953));
#1872 = CARTESIAN_POINT('',(-10.7735237123,-16.84827140445));
#1873 = CARTESIAN_POINT('',(-10.37578200354,-15.75979415822));
#1874 = CARTESIAN_POINT('',(-10.13452957283,-15.20872982667));
#1875 = CARTESIAN_POINT('',(-9.859254831076,-14.67318699427));
#1876 = CARTESIAN_POINT('',(-9.551397441512,-14.15567114619));
#1877 = CARTESIAN_POINT('',(-9.212609830608,-13.65850734468));
#1878 = CARTESIAN_POINT('',(-8.450186086663,-12.67464130904));
#1879 = CARTESIAN_POINT('',(-8.022152917599,-12.19130393087));
#1880 = CARTESIAN_POINT('',(-7.562983785849,-11.73645873729));
#1881 = CARTESIAN_POINT('',(-7.075219620666,-11.31240551356));
#1882 = CARTESIAN_POINT('',(-6.561582908781,-10.92115029664));
#1883 = CARTESIAN_POINT('',(-6.024992801765,-10.56438634568));
#1884 = ( GEOMETRIC_REPRESENTATION_CONTEXT(2) 
PARAMETRIC_REPRESENTATION_CONTEXT() REPRESENTATION_CONTEXT('2D SPACE',''
  ) );
#1885 = PCURVE('',#712,#1886);
#1886 = DEFINITIONAL_REPRESENTATION('',(#1887),#1920);
#1887 = B_SPLINE_CURVE_WITH_KNOTS('',6,(#1888,#1889,#1890,#1891,#1892,
    #1893,#1894,#1895,#1896,#1897,#1898,#1899,#1900,#1901,#1902,#1903,
    #1904,#1905,#1906,#1907,#1908,#1909,#1910,#1911,#1912,#1913,#1914,
    #1915,#1916,#1917,#1918,#1919),.UNSPECIFIED.,.F.,.F.,(7,5,5,5,5,5,7)
  ,(0.,0.210877394913,0.444221222519,0.573758676986,0.70580775231,
    0.847743799367,1.),.UNSPECIFIED.);
#1888 = CARTESIAN_POINT('',(2.034177854762,54.355043495688));
#1889 = CARTESIAN_POINT('',(1.956851157584,54.450326967931));
#1890 = CARTESIAN_POINT('',(1.88009000424,54.544913566875));
#1891 = CARTESIAN_POINT('',(1.803901251035,54.638794837929));
#1892 = CARTESIAN_POINT('',(1.728253567026,54.732009381615));
#1893 = CARTESIAN_POINT('',(1.65312311743,54.824586571697));
#1894 = CARTESIAN_POINT('',(1.495973068807,55.018229890997));
#1895 = CARTESIAN_POINT('',(1.41404351569,55.119185063733));
#1896 = CARTESIAN_POINT('',(1.332746991336,55.219360210215));
#1897 = CARTESIAN_POINT('',(1.252044183567,55.318803786589));
#1898 = CARTESIAN_POINT('',(1.171906532673,55.417550969868));
#1899 = CARTESIAN_POINT('',(1.048190795707,55.569995915925));
#1900 = CARTESIAN_POINT('',(1.00420215028,55.624199581595));
#1901 = CARTESIAN_POINT('',(0.960385399523,55.678191433118));
#1902 = CARTESIAN_POINT('',(0.916739525836,55.731972724429));
#1903 = CARTESIAN_POINT('',(0.873259232639,55.785549981849));
#1904 = CARTESIAN_POINT('',(0.785790062072,55.893331184695));
#1905 = CARTESIAN_POINT('',(0.741806034105,55.947529154345));
#1906 = CARTESIAN_POINT('',(0.697991527282,56.00151823858));
#1907 = CARTESIAN_POINT('',(0.654343219456,56.055302532159));
#1908 = CARTESIAN_POINT('',(0.610858109772,56.108885732347));
#1909 = CARTESIAN_POINT('',(0.520969428337,56.219648322241));
#1910 = CARTESIAN_POINT('',(0.474589329131,56.276798788885));
#1911 = CARTESIAN_POINT('',(0.428394577885,56.333720867166));
#1912 = CARTESIAN_POINT('',(0.382381196308,56.390419457504));
#1913 = CARTESIAN_POINT('',(0.336545621683,56.446898948743));
#1914 = CARTESIAN_POINT('',(0.241909443066,56.563511493439));
#1915 = CARTESIAN_POINT('',(0.193133259381,56.623614455356));
#1916 = CARTESIAN_POINT('',(0.144558307689,56.683469451911));
#1917 = CARTESIAN_POINT('',(9.617987114772E-02,56.743082295635));
#1918 = CARTESIAN_POINT('',(4.799380157247E-02,56.802458099331));
#1919 = CARTESIAN_POINT('',(0.,56.861596986351));
#1920 = ( GEOMETRIC_REPRESENTATION_CONTEXT(2) 
PARAMETRIC_REPRESENTATION_CONTEXT() REPRESENTATION_CONTEXT('2D SPACE',''
  ) );
#1921 = ORIENTED_EDGE('',*,*,#1922,.T.);
#1922 = EDGE_CURVE('',#1813,#1923,#1925,.T.);
#1923 = VERTEX_POINT('',#1924);
#1924 = CARTESIAN_POINT('',(-10.3223352097,47.,-1.055918486771));
#1925 = SURFACE_CURVE('',#1926,(#1953,#1983),.PCURVE_S1.);
#1926 = B_SPLINE_CURVE_WITH_KNOTS('',7,(#1927,#1928,#1929,#1930,#1931,
    #1932,#1933,#1934,#1935,#1936,#1937,#1938,#1939,#1940,#1941,#1942,
    #1943,#1944,#1945,#1946,#1947,#1948,#1949,#1950,#1951,#1952),
  .UNSPECIFIED.,.F.,.F.,(8,6,6,6,8),(0.,0.292686092861,0.554191594118,
    0.788710762366,1.),.UNSPECIFIED.);
#1927 = CARTESIAN_POINT('',(6.024992801765,47.,10.435613654314));
#1928 = CARTESIAN_POINT('',(5.099490961008,47.,10.894660316016));
#1929 = CARTESIAN_POINT('',(4.127775121031,47.,11.261054060677));
#1930 = CARTESIAN_POINT('',(3.121092329759,47.,11.528249553161));
#1931 = CARTESIAN_POINT('',(2.091423758634,47.,11.691728214776));
#1932 = CARTESIAN_POINT('',(1.05136003459,47.,11.748652056695));
#1933 = CARTESIAN_POINT('',(1.411592455994E-02,47.,11.697915894505));
#1934 = CARTESIAN_POINT('',(-1.918271083112,47.,11.400568557922));
#1935 = CARTESIAN_POINT('',(-2.817166588488,47.,11.175341108786));
#1936 = CARTESIAN_POINT('',(-3.693191393128,47.,10.866045026528));
#1937 = CARTESIAN_POINT('',(-4.536767208245,47.,10.474996607539));
#1938 = CARTESIAN_POINT('',(-5.338616141824,47.,10.005768188276));
#1939 = CARTESIAN_POINT('',(-6.089779591298,47.,9.463228953141));
#1940 = CARTESIAN_POINT('',(-7.402510761275,47.,8.307532678601));
#1941 = CARTESIAN_POINT('',(-7.975841436611,47.,7.707268154106));
#1942 = CARTESIAN_POINT('',(-8.495719364932,47.,7.05783701514));
#1943 = CARTESIAN_POINT('',(-8.956782519516,47.,6.364688383076));
#1944 = CARTESIAN_POINT('',(-9.354315145729,47.,5.633942404794));
#1945 = CARTESIAN_POINT('',(-9.684307631451,47.,4.872412931713));
#1946 = CARTESIAN_POINT('',(-10.17739011299,47.,3.380797788787));
#1947 = CARTESIAN_POINT('',(-10.35383109394,47.,2.654900583325));
#1948 = CARTESIAN_POINT('',(-10.47072698543,47.,1.915637812771));
#1949 = CARTESIAN_POINT('',(-10.52653571851,47.,1.168810297108));
#1950 = CARTESIAN_POINT('',(-10.52037417354,47.,0.420420849756));
#1951 = CARTESIAN_POINT('',(-10.45206375931,47.,-0.32333136035));
#1952 = CARTESIAN_POINT('',(-10.3223120132,47.,-1.056049443311));
#1953 = PCURVE('',#370,#1954);
#1954 = DEFINITIONAL_REPRESENTATION('',(#1955),#1982);
#1955 = B_SPLINE_CURVE_WITH_KNOTS('',7,(#1956,#1957,#1958,#1959,#1960,
    #1961,#1962,#1963,#1964,#1965,#1966,#1967,#1968,#1969,#1970,#1971,
    #1972,#1973,#1974,#1975,#1976,#1977,#1978,#1979,#1980,#1981),
  .UNSPECIFIED.,.F.,.F.,(8,6,6,6,8),(0.,0.292686092861,0.554191594118,
    0.788710762366,1.),.UNSPECIFIED.);
#1956 = CARTESIAN_POINT('',(-6.024992801765,-10.56438634568));
#1957 = CARTESIAN_POINT('',(-5.099490961008,-10.10533968398));
#1958 = CARTESIAN_POINT('',(-4.127775121031,-9.738945939323));
#1959 = CARTESIAN_POINT('',(-3.121092329759,-9.471750446839));
#1960 = CARTESIAN_POINT('',(-2.091423758634,-9.308271785224));
#1961 = CARTESIAN_POINT('',(-1.05136003459,-9.251347943305));
#1962 = CARTESIAN_POINT('',(-1.411592455994E-02,-9.302084105495));
#1963 = CARTESIAN_POINT('',(1.918271083112,-9.599431442078));
#1964 = CARTESIAN_POINT('',(2.817166588488,-9.824658891214));
#1965 = CARTESIAN_POINT('',(3.693191393128,-10.13395497347));
#1966 = CARTESIAN_POINT('',(4.536767208245,-10.52500339246));
#1967 = CARTESIAN_POINT('',(5.338616141824,-10.99423181172));
#1968 = CARTESIAN_POINT('',(6.089779591298,-11.53677104685));
#1969 = CARTESIAN_POINT('',(7.402510761275,-12.69246732139));
#1970 = CARTESIAN_POINT('',(7.975841436611,-13.29273184589));
#1971 = CARTESIAN_POINT('',(8.495719364932,-13.94216298486));
#1972 = CARTESIAN_POINT('',(8.956782519516,-14.63531161692));
#1973 = CARTESIAN_POINT('',(9.354315145729,-15.3660575952));
#1974 = CARTESIAN_POINT('',(9.684307631451,-16.12758706828));
#1975 = CARTESIAN_POINT('',(10.177390112991,-17.61920221121));
#1976 = CARTESIAN_POINT('',(10.353831093947,-18.34509941667));
#1977 = CARTESIAN_POINT('',(10.470726985436,-19.08436218722));
#1978 = CARTESIAN_POINT('',(10.526535718511,-19.83118970289));
#1979 = CARTESIAN_POINT('',(10.520374173545,-20.57957915024));
#1980 = CARTESIAN_POINT('',(10.452063759319,-21.32333136035));
#1981 = CARTESIAN_POINT('',(10.322312013208,-22.05604944331));
#1982 = ( GEOMETRIC_REPRESENTATION_CONTEXT(2) 
PARAMETRIC_REPRESENTATION_CONTEXT() REPRESENTATION_CONTEXT('2D SPACE',''
  ) );
#1983 = PCURVE('',#1157,#1984);
#1984 = DEFINITIONAL_REPRESENTATION('',(#1985),#2012);
#1985 = B_SPLINE_CURVE_WITH_KNOTS('',7,(#1986,#1987,#1988,#1989,#1990,
    #1991,#1992,#1993,#1994,#1995,#1996,#1997,#1998,#1999,#2000,#2001,
    #2002,#2003,#2004,#2005,#2006,#2007,#2008,#2009,#2010,#2011),
  .UNSPECIFIED.,.F.,.F.,(8,6,6,6,8),(0.,0.292686092861,0.554191594118,
    0.788710762366,1.),.UNSPECIFIED.);
#1986 = CARTESIAN_POINT('',(2.034177854762,56.861596986351));
#1987 = CARTESIAN_POINT('',(1.957231006792,56.956412262404));
#1988 = CARTESIAN_POINT('',(1.87978298779,57.051845094171));
#1989 = CARTESIAN_POINT('',(1.801862278556,57.147860391483));
#1990 = CARTESIAN_POINT('',(1.723451069639,57.244480099922));
#1991 = CARTESIAN_POINT('',(1.644526221432,57.341732726574));
#1992 = CARTESIAN_POINT('',(1.565060411706,57.439651933802));
#1993 = CARTESIAN_POINT('',(1.413613319334,57.626267771858));
#1994 = CARTESIAN_POINT('',(1.341706300645,57.714872894016));
#1995 = CARTESIAN_POINT('',(1.269372918619,57.804003384768));
#1996 = CARTESIAN_POINT('',(1.196599415518,57.893676197222));
#1997 = CARTESIAN_POINT('',(1.123367205093,57.983914237563));
#1998 = CARTESIAN_POINT('',(1.049655849242,58.074742693435));
#1999 = CARTESIAN_POINT('',(0.908956299121,58.248115212602));
#2000 = CARTESIAN_POINT('',(0.842038396235,58.330572660807));
#2001 = CARTESIAN_POINT('',(0.774734823833,58.413505341313));
#2002 = CARTESIAN_POINT('',(0.707036678121,58.496924223987));
#2003 = CARTESIAN_POINT('',(0.638926253569,58.580851120422));
#2004 = CARTESIAN_POINT('',(0.570389970076,58.665302757298));
#2005 = CARTESIAN_POINT('',(0.439308872526,58.826823212619));
#2006 = CARTESIAN_POINT('',(0.376828431724,58.903812711218));
#2007 = CARTESIAN_POINT('',(0.313998527208,58.981232815631));
#2008 = CARTESIAN_POINT('',(0.250811408256,59.059093077139));
#2009 = CARTESIAN_POINT('',(0.187253086344,59.137410745437));
#2010 = CARTESIAN_POINT('',(0.1233125102,59.216199461442));
#2011 = CARTESIAN_POINT('',(5.899282507228E-02,59.295455368859));
#2012 = ( GEOMETRIC_REPRESENTATION_CONTEXT(2) 
PARAMETRIC_REPRESENTATION_CONTEXT() REPRESENTATION_CONTEXT('2D SPACE',''
  ) );
#2013 = ORIENTED_EDGE('',*,*,#2014,.F.);
#2014 = EDGE_CURVE('',#1811,#1923,#2015,.T.);
#2015 = SURFACE_CURVE('',#2016,(#2021,#2028),.PCURVE_S1.);
#2016 = CIRCLE('',#2017,10.376202);
#2017 = AXIS2_PLACEMENT_3D('',#2018,#2019,#2020);
#2018 = CARTESIAN_POINT('',(0.,47.,2.720046410332E-15));
#2019 = DIRECTION('',(0.,1.,-1.110223024625E-16));
#2020 = DIRECTION('',(1.,0.,0.));
#2021 = PCURVE('',#370,#2022);
#2022 = DEFINITIONAL_REPRESENTATION('',(#2023),#2027);
#2023 = CIRCLE('',#2024,10.376202);
#2024 = AXIS2_PLACEMENT_2D('',#2025,#2026);
#2025 = CARTESIAN_POINT('',(0.,-21.));
#2026 = DIRECTION('',(-1.,0.));
#2027 = ( GEOMETRIC_REPRESENTATION_CONTEXT(2) 
PARAMETRIC_REPRESENTATION_CONTEXT() REPRESENTATION_CONTEXT('2D SPACE',''
  ) );
#2028 = PCURVE('',#2029,#2034);
#2029 = CYLINDRICAL_SURFACE('',#2030,10.376202);
#2030 = AXIS2_PLACEMENT_3D('',#2031,#2032,#2033);
#2031 = CARTESIAN_POINT('',(0.,71.5,0.));
#2032 = DIRECTION('',(-0.,1.,-1.110223024625E-16));
#2033 = DIRECTION('',(1.,0.,0.));
#2034 = DEFINITIONAL_REPRESENTATION('',(#2035),#2039);
#2035 = LINE('',#2036,#2037);
#2036 = CARTESIAN_POINT('',(-6.28318530718,-24.5));
#2037 = VECTOR('',#2038,1.);
#2038 = DIRECTION('',(1.,-0.));
#2039 = ( GEOMETRIC_REPRESENTATION_CONTEXT(2) 
PARAMETRIC_REPRESENTATION_CONTEXT() REPRESENTATION_CONTEXT('2D SPACE',''
  ) );
#2040 = ADVANCED_FACE('',(#2041),#398,.F.);
#2041 = FACE_BOUND('',#2042,.T.);
#2042 = EDGE_LOOP('',(#2043,#2044,#2065,#2066,#2067,#2090));
#2043 = ORIENTED_EDGE('',*,*,#1560,.F.);
#2044 = ORIENTED_EDGE('',*,*,#2045,.F.);
#2045 = EDGE_CURVE('',#383,#1561,#2046,.T.);
#2046 = SURFACE_CURVE('',#2047,(#2051,#2058),.PCURVE_S1.);
#2047 = LINE('',#2048,#2049);
#2048 = CARTESIAN_POINT('',(-22.,40.,-95.));
#2049 = VECTOR('',#2050,1.);
#2050 = DIRECTION('',(-0.,0.,1.));
#2051 = PCURVE('',#398,#2052);
#2052 = DEFINITIONAL_REPRESENTATION('',(#2053),#2057);
#2053 = LINE('',#2054,#2055);
#2054 = CARTESIAN_POINT('',(-116.,15.));
#2055 = VECTOR('',#2056,1.);
#2056 = DIRECTION('',(1.,0.));
#2057 = ( GEOMETRIC_REPRESENTATION_CONTEXT(2) 
PARAMETRIC_REPRESENTATION_CONTEXT() REPRESENTATION_CONTEXT('2D SPACE',''
  ) );
#2058 = PCURVE('',#426,#2059);
#2059 = DEFINITIONAL_REPRESENTATION('',(#2060),#2064);
#2060 = LINE('',#2061,#2062);
#2061 = CARTESIAN_POINT('',(-22.,-95.));
#2062 = VECTOR('',#2063,1.);
#2063 = DIRECTION('',(0.,1.));
#2064 = ( GEOMETRIC_REPRESENTATION_CONTEXT(2) 
PARAMETRIC_REPRESENTATION_CONTEXT() REPRESENTATION_CONTEXT('2D SPACE',''
  ) );
#2065 = ORIENTED_EDGE('',*,*,#382,.T.);
#2066 = ORIENTED_EDGE('',*,*,#1764,.F.);
#2067 = ORIENTED_EDGE('',*,*,#2068,.F.);
#2068 = EDGE_CURVE('',#2069,#1765,#2071,.T.);
#2069 = VERTEX_POINT('',#2070);
#2070 = CARTESIAN_POINT('',(-22.,3.,23.));
#2071 = SURFACE_CURVE('',#2072,(#2076,#2083),.PCURVE_S1.);
#2072 = LINE('',#2073,#2074);
#2073 = CARTESIAN_POINT('',(-22.,3.,23.));
#2074 = VECTOR('',#2075,1.);
#2075 = DIRECTION('',(0.,1.,0.));
#2076 = PCURVE('',#398,#2077);
#2077 = DEFINITIONAL_REPRESENTATION('',(#2078),#2082);
#2078 = LINE('',#2079,#2080);
#2079 = CARTESIAN_POINT('',(2.,-22.));
#2080 = VECTOR('',#2081,1.);
#2081 = DIRECTION('',(0.,1.));
#2082 = ( GEOMETRIC_REPRESENTATION_CONTEXT(2) 
PARAMETRIC_REPRESENTATION_CONTEXT() REPRESENTATION_CONTEXT('2D SPACE',''
  ) );
#2083 = PCURVE('',#1724,#2084);
#2084 = DEFINITIONAL_REPRESENTATION('',(#2085),#2089);
#2085 = LINE('',#2086,#2087);
#2086 = CARTESIAN_POINT('',(22.,-22.));
#2087 = VECTOR('',#2088,1.);
#2088 = DIRECTION('',(0.,1.));
#2089 = ( GEOMETRIC_REPRESENTATION_CONTEXT(2) 
PARAMETRIC_REPRESENTATION_CONTEXT() REPRESENTATION_CONTEXT('2D SPACE',''
  ) );
#2090 = ORIENTED_EDGE('',*,*,#2091,.T.);
#2091 = EDGE_CURVE('',#2069,#1563,#2092,.T.);
#2092 = SURFACE_CURVE('',#2093,(#2097,#2104),.PCURVE_S1.);
#2093 = LINE('',#2094,#2095);
#2094 = CARTESIAN_POINT('',(-22.,3.,23.));
#2095 = VECTOR('',#2096,1.);
#2096 = DIRECTION('',(0.,0.,-1.));
#2097 = PCURVE('',#398,#2098);
#2098 = DEFINITIONAL_REPRESENTATION('',(#2099),#2103);
#2099 = LINE('',#2100,#2101);
#2100 = CARTESIAN_POINT('',(2.,-22.));
#2101 = VECTOR('',#2102,1.);
#2102 = DIRECTION('',(-1.,0.));
#2103 = ( GEOMETRIC_REPRESENTATION_CONTEXT(2) 
PARAMETRIC_REPRESENTATION_CONTEXT() REPRESENTATION_CONTEXT('2D SPACE',''
  ) );
#2104 = PCURVE('',#1601,#2105);
#2105 = DEFINITIONAL_REPRESENTATION('',(#2106),#2110);
#2106 = LINE('',#2107,#2108);
#2107 = CARTESIAN_POINT('',(-2.,-22.));
#2108 = VECTOR('',#2109,1.);
#2109 = DIRECTION('',(1.,0.));
#2110 = ( GEOMETRIC_REPRESENTATION_CONTEXT(2) 
PARAMETRIC_REPRESENTATION_CONTEXT() REPRESENTATION_CONTEXT('2D SPACE',''
  ) );
#2111 = ADVANCED_FACE('',(#2112),#426,.T.);
#2112 = FACE_BOUND('',#2113,.T.);
#2113 = EDGE_LOOP('',(#2114,#2115,#2116,#2137));
#2114 = ORIENTED_EDGE('',*,*,#2045,.T.);
#2115 = ORIENTED_EDGE('',*,*,#1660,.F.);
#2116 = ORIENTED_EDGE('',*,*,#2117,.F.);
#2117 = EDGE_CURVE('',#411,#1638,#2118,.T.);
#2118 = SURFACE_CURVE('',#2119,(#2123,#2130),.PCURVE_S1.);
#2119 = LINE('',#2120,#2121);
#2120 = CARTESIAN_POINT('',(-25.,40.,-95.));
#2121 = VECTOR('',#2122,1.);
#2122 = DIRECTION('',(-0.,0.,1.));
#2123 = PCURVE('',#426,#2124);
#2124 = DEFINITIONAL_REPRESENTATION('',(#2125),#2129);
#2125 = LINE('',#2126,#2127);
#2126 = CARTESIAN_POINT('',(-25.,-95.));
#2127 = VECTOR('',#2128,1.);
#2128 = DIRECTION('',(0.,1.));
#2129 = ( GEOMETRIC_REPRESENTATION_CONTEXT(2) 
PARAMETRIC_REPRESENTATION_CONTEXT() REPRESENTATION_CONTEXT('2D SPACE',''
  ) );
#2130 = PCURVE('',#454,#2131);
#2131 = DEFINITIONAL_REPRESENTATION('',(#2132),#2136);
#2132 = LINE('',#2133,#2134);
#2133 = CARTESIAN_POINT('',(-15.,0.));
#2134 = VECTOR('',#2135,1.);
#2135 = DIRECTION('',(0.,-1.));
#2136 = ( GEOMETRIC_REPRESENTATION_CONTEXT(2) 
PARAMETRIC_REPRESENTATION_CONTEXT() REPRESENTATION_CONTEXT('2D SPACE',''
  ) );
#2137 = ORIENTED_EDGE('',*,*,#410,.F.);
#2138 = ADVANCED_FACE('',(#2139),#454,.F.);
#2139 = FACE_BOUND('',#2140,.T.);
#2140 = EDGE_LOOP('',(#2141,#2142,#2143,#2144,#2145,#2146,#2147,#2148));
#2141 = ORIENTED_EDGE('',*,*,#2117,.T.);
#2142 = ORIENTED_EDGE('',*,*,#1637,.T.);
#2143 = ORIENTED_EDGE('',*,*,#1511,.T.);
#2144 = ORIENTED_EDGE('',*,*,#1487,.F.);
#2145 = ORIENTED_EDGE('',*,*,#612,.F.);
#2146 = ORIENTED_EDGE('',*,*,#540,.T.);
#2147 = ORIENTED_EDGE('',*,*,#515,.F.);
#2148 = ORIENTED_EDGE('',*,*,#438,.F.);
#2149 = ADVANCED_FACE('',(#2150),#1601,.F.);
#2150 = FACE_BOUND('',#2151,.T.);
#2151 = EDGE_LOOP('',(#2152,#2153,#2154,#2175));
#2152 = ORIENTED_EDGE('',*,*,#1585,.F.);
#2153 = ORIENTED_EDGE('',*,*,#2091,.F.);
#2154 = ORIENTED_EDGE('',*,*,#2155,.F.);
#2155 = EDGE_CURVE('',#1686,#2069,#2156,.T.);
#2156 = SURFACE_CURVE('',#2157,(#2161,#2168),.PCURVE_S1.);
#2157 = LINE('',#2158,#2159);
#2158 = CARTESIAN_POINT('',(22.,3.,23.));
#2159 = VECTOR('',#2160,1.);
#2160 = DIRECTION('',(-1.,-0.,-0.));
#2161 = PCURVE('',#1601,#2162);
#2162 = DEFINITIONAL_REPRESENTATION('',(#2163),#2167);
#2163 = LINE('',#2164,#2165);
#2164 = CARTESIAN_POINT('',(-2.,22.));
#2165 = VECTOR('',#2166,1.);
#2166 = DIRECTION('',(0.,-1.));
#2167 = ( GEOMETRIC_REPRESENTATION_CONTEXT(2) 
PARAMETRIC_REPRESENTATION_CONTEXT() REPRESENTATION_CONTEXT('2D SPACE',''
  ) );
#2168 = PCURVE('',#1724,#2169);
#2169 = DEFINITIONAL_REPRESENTATION('',(#2170),#2174);
#2170 = LINE('',#2171,#2172);
#2171 = CARTESIAN_POINT('',(-22.,-22.));
#2172 = VECTOR('',#2173,1.);
#2173 = DIRECTION('',(1.,0.));
#2174 = ( GEOMETRIC_REPRESENTATION_CONTEXT(2) 
PARAMETRIC_REPRESENTATION_CONTEXT() REPRESENTATION_CONTEXT('2D SPACE',''
  ) );
#2175 = ORIENTED_EDGE('',*,*,#1685,.T.);
#2176 = ADVANCED_FACE('',(#2177),#1724,.T.);
#2177 = FACE_BOUND('',#2178,.T.);
#2178 = EDGE_LOOP('',(#2179,#2180,#2181,#2182));
#2179 = ORIENTED_EDGE('',*,*,#2155,.T.);
#2180 = ORIENTED_EDGE('',*,*,#2068,.T.);
#2181 = ORIENTED_EDGE('',*,*,#1787,.T.);
#2182 = ORIENTED_EDGE('',*,*,#1708,.T.);
#2183 = ADVANCED_FACE('',(#2184),#712,.T.);
#2184 = FACE_BOUND('',#2185,.T.);
#2185 = EDGE_LOOP('',(#2186,#2187,#2417,#2652,#2887,#3143,#3378,#3592,
    #3848,#4076,#4077));
#2186 = ORIENTED_EDGE('',*,*,#636,.F.);
#2187 = ORIENTED_EDGE('',*,*,#2188,.T.);
#2188 = EDGE_CURVE('',#637,#2189,#2191,.T.);
#2189 = VERTEX_POINT('',#2190);
#2190 = CARTESIAN_POINT('',(10.376202,67.451322899868,4.494934535839E-16
    ));
#2191 = SURFACE_CURVE('',#2192,(#2265,#2341),.PCURVE_S1.);
#2192 = B_SPLINE_CURVE_WITH_KNOTS('',8,(#2193,#2194,#2195,#2196,#2197,
    #2198,#2199,#2200,#2201,#2202,#2203,#2204,#2205,#2206,#2207,#2208,
    #2209,#2210,#2211,#2212,#2213,#2214,#2215,#2216,#2217,#2218,#2219,
    #2220,#2221,#2222,#2223,#2224,#2225,#2226,#2227,#2228,#2229,#2230,
    #2231,#2232,#2233,#2234,#2235,#2236,#2237,#2238,#2239,#2240,#2241,
    #2242,#2243,#2244,#2245,#2246,#2247,#2248,#2249,#2250,#2251,#2252,
    #2253,#2254,#2255,#2256,#2257,#2258,#2259,#2260,#2261,#2262,#2263,
    #2264),.UNSPECIFIED.,.F.,.F.,(9,7,7,7,7,7,7,7,7,7,9),(0.,
    0.118428304498,0.21673542307,0.281486092372,0.415112315827,
    0.536538866321,0.597453037155,0.635320838136,0.753274029087,
    0.875843011119,1.),.UNSPECIFIED.);
#2193 = CARTESIAN_POINT('',(10.376202,70.451326176269,
    -1.659930656957E-15));
#2194 = CARTESIAN_POINT('',(10.376202,70.40692829536,0.964829579907));
#2195 = CARTESIAN_POINT('',(10.273671019783,70.362511867969,
    1.930139142739));
#2196 = CARTESIAN_POINT('',(10.068431389101,70.318102537929,
    2.882473324027));
#2197 = CARTESIAN_POINT('',(9.762633696697,70.273703148246,
    3.809154903787));
#2198 = CARTESIAN_POINT('',(9.360028570888,70.229304229224,4.6980887729)
  );
#2199 = CARTESIAN_POINT('',(8.866033725235,70.184895651963,
    5.537818584518));
#2200 = CARTESIAN_POINT('',(8.287662709765,70.140474472979,
    6.317526570766));
#2201 = CARTESIAN_POINT('',(7.091779494554,70.059222647432,7.61667243733
    ));
#2202 = CARTESIAN_POINT('',(6.497299728969,70.02236338323,8.1581630609)
  );
#2203 = CARTESIAN_POINT('',(5.85580432757,69.985507837215,8.646366008074
    ));
#2204 = CARTESIAN_POINT('',(5.172892002186,69.94865373794,9.076608946589
    ));
#2205 = CARTESIAN_POINT('',(4.454622427976,69.911796844762,
    9.444941667086));
#2206 = CARTESIAN_POINT('',(3.707491956052,69.874934176483,
    9.748103949104));
#2207 = CARTESIAN_POINT('',(2.938468388722,69.838067842326,
    9.983604585541));
#2208 = CARTESIAN_POINT('',(1.639069858382,69.776942996839,
    10.259496630909));
#2209 = CARTESIAN_POINT('',(1.116669821367,69.752668533316,
    10.339083548971));
#2210 = CARTESIAN_POINT('',(0.589919466225,69.728393559502,
    10.388254909165));
#2211 = CARTESIAN_POINT('',(6.088600149812E-02,69.704118053977,
    10.406744461774));
#2212 = CARTESIAN_POINT('',(-0.46835318617,69.679841515643,
    10.394451776771));
#2213 = CARTESIAN_POINT('',(-0.995711738694,69.655563727178,
    10.351440717249));
#2214 = CARTESIAN_POINT('',(-1.519094911136,69.6312856212,10.27794934802
    ));
#2215 = CARTESIAN_POINT('',(-3.103963219655,69.556913063645,
    9.960739339832));
#2216 = CARTESIAN_POINT('',(-4.146771481103,69.506774500243,
    9.618875703754));
#2217 = CARTESIAN_POINT('',(-5.145461711012,69.456658155734,
    9.152320592772));
#2218 = CARTESIAN_POINT('',(-6.082937995566,69.406555277088,
    8.568191103166));
#2219 = CARTESIAN_POINT('',(-6.94355732674,69.356451299404,
    7.875780771124));
#2220 = CARTESIAN_POINT('',(-7.713371307449,69.306332246242,
    7.086781864021));
#2221 = CARTESIAN_POINT('',(-8.379992239769,69.256191896385,
    6.215024214489));
#2222 = CARTESIAN_POINT('',(-9.436918245847,69.160574443977,
    4.425927414476));
#2223 = CARTESIAN_POINT('',(-9.847631057157,69.115022917257,
    3.518768041604));
#2224 = CARTESIAN_POINT('',(-10.15820153344,69.069484959311,
    2.568697114602));
#2225 = CARTESIAN_POINT('',(-10.36372328121,69.023958358266,
    1.588761078721));
#2226 = CARTESIAN_POINT('',(-10.46116834967,68.978432060105,
    0.592299661968));
#2227 = CARTESIAN_POINT('',(-10.44947388215,68.932895465321,
    -0.407075427213));
#2228 = CARTESIAN_POINT('',(-10.32941904863,68.887344921839,
    -1.395539255325));
#2229 = CARTESIAN_POINT('',(-9.991649402645,68.818978849444,
    -2.842331307661));
#2230 = CARTESIAN_POINT('',(-9.852390004319,68.796140473429,
    -3.319493981272));
#2231 = CARTESIAN_POINT('',(-9.687104997119,68.773302139853,
    -3.788793429863));
#2232 = CARTESIAN_POINT('',(-9.496314554763,68.750463610011,
    -4.248579318608));
#2233 = CARTESIAN_POINT('',(-9.280663211133,68.727624894149,
    -4.697250181301));
#2234 = CARTESIAN_POINT('',(-9.040919860275,68.704786251462,
    -5.133253420348));
#2235 = CARTESIAN_POINT('',(-8.777977756397,68.681948190091,
    -5.555085306777));
#2236 = CARTESIAN_POINT('',(-8.315605278518,68.644914828342,
    -6.213812115932));
#2237 = CARTESIAN_POINT('',(-8.129749364673,68.63071627489,
    -6.460340571557));
#2238 = CARTESIAN_POINT('',(-7.935545347484,68.616517286746,
    -6.70051224174));
#2239 = CARTESIAN_POINT('',(-7.733259025984,68.602318758314,
    -6.933984607379));
#2240 = CARTESIAN_POINT('',(-7.523163423099,68.588120998426,
    -7.160436735632));
#2241 = CARTESIAN_POINT('',(-7.305538785649,68.573923730345,
    -7.379569279923));
#2242 = CARTESIAN_POINT('',(-7.080672584342,68.559726091759,
    -7.591104479935));
#2243 = CARTESIAN_POINT('',(-6.126792462912,68.501297204614,
    -8.429227657301));
#2244 = CARTESIAN_POINT('',(-5.337231226953,68.45704698141,
    -8.987512486534));
#2245 = CARTESIAN_POINT('',(-4.490034785908,68.41280750857,
    -9.46076466658));
#2246 = CARTESIAN_POINT('',(-3.595999825177,68.368578314455,
    -9.842305714628));
#2247 = CARTESIAN_POINT('',(-2.666549348963,68.324348287976,
    -10.12700843827));
#2248 = CARTESIAN_POINT('',(-1.713727332944,68.280107645688,
    -10.31139443231));
#2249 = CARTESIAN_POINT('',(-0.750154816584,68.23585453168,
    -10.39358777762));
#2250 = CARTESIAN_POINT('',(1.209375954905,68.145666161908,
    -10.35376873903));
#2251 = CARTESIAN_POINT('',(2.206419530109,68.099673364571,
    -10.22361309007));
#2252 = CARTESIAN_POINT('',(3.186802628828,68.053694791151,
    -9.983629417677));
#2253 = CARTESIAN_POINT('',(4.136453193009,68.00772951063,
    -9.636633028141));
#2254 = CARTESIAN_POINT('',(5.042083428288,67.961768218547,
    -9.187239849998));
#2255 = CARTESIAN_POINT('',(5.89125121762,67.915799071497,
    -8.641940119333));
#2256 = CARTESIAN_POINT('',(6.672335255527,67.869815494935,
    -8.008947088576));
#2257 = CARTESIAN_POINT('',(8.086709033113,67.777297493685,
    -6.579851729066));
#2258 = CARTESIAN_POINT('',(8.7186842228,67.730715873346,-5.781003360972
    ));
#2259 = CARTESIAN_POINT('',(9.2597962326,67.684150203535,-4.913371444836
    ));
#2260 = CARTESIAN_POINT('',(9.701656526458,67.637594500295,
    -3.989177932004));
#2261 = CARTESIAN_POINT('',(10.037723543764,67.591036827246,
    -3.021470605138));
#2262 = CARTESIAN_POINT('',(10.263455736743,67.544466392081,
    -2.024121460868));
#2263 = CARTESIAN_POINT('',(10.376201999378,67.49788003163,
    -1.01175210555));
#2264 = CARTESIAN_POINT('',(10.376202,67.451322899868,
    -1.326863385816E-15));
#2265 = PCURVE('',#712,#2266);
#2266 = DEFINITIONAL_REPRESENTATION('',(#2267),#2340);
#2267 = B_SPLINE_CURVE_WITH_KNOTS('',8,(#2268,#2269,#2270,#2271,#2272,
    #2273,#2274,#2275,#2276,#2277,#2278,#2279,#2280,#2281,#2282,#2283,
    #2284,#2285,#2286,#2287,#2288,#2289,#2290,#2291,#2292,#2293,#2294,
    #2295,#2296,#2297,#2298,#2299,#2300,#2301,#2302,#2303,#2304,#2305,
    #2306,#2307,#2308,#2309,#2310,#2311,#2312,#2313,#2314,#2315,#2316,
    #2317,#2318,#2319,#2320,#2321,#2322,#2323,#2324,#2325,#2326,#2327,
    #2328,#2329,#2330,#2331,#2332,#2333,#2334,#2335,#2336,#2337,#2338,
    #2339),.UNSPECIFIED.,.F.,.F.,(9,7,7,7,7,7,7,7,7,7,9),(0.,
    0.118428304498,0.21673542307,0.281486092372,0.415112315827,
    0.536538866321,0.597453037155,0.635320838136,0.753274029087,
    0.875843011119,1.),.UNSPECIFIED.);
#2268 = CARTESIAN_POINT('',(1.975175063984,0.));
#2269 = CARTESIAN_POINT('',(1.975175781979,0.103040208167));
#2270 = CARTESIAN_POINT('',(1.975171927324,0.20613015003));
#2271 = CARTESIAN_POINT('',(1.97517654471,0.309193467646));
#2272 = CARTESIAN_POINT('',(1.975177893326,0.4122377415));
#2273 = CARTESIAN_POINT('',(1.975176523209,0.515284195124));
#2274 = CARTESIAN_POINT('',(1.975174158966,0.618354208857));
#2275 = CARTESIAN_POINT('',(1.975172509212,0.721452533868));
#2276 = CARTESIAN_POINT('',(1.975171743504,0.910029280483));
#2277 = CARTESIAN_POINT('',(1.975172245834,0.995574599938));
#2278 = CARTESIAN_POINT('',(1.975173916473,1.081109844285));
#2279 = CARTESIAN_POINT('',(1.975176563932,1.16664053637));
#2280 = CARTESIAN_POINT('',(1.975179302474,1.252177616948));
#2281 = CARTESIAN_POINT('',(1.975181196986,1.337729157408));
#2282 = CARTESIAN_POINT('',(1.975181902001,1.423290685043));
#2283 = CARTESIAN_POINT('',(1.975181168954,1.565155131461));
#2284 = CARTESIAN_POINT('',(1.975180381784,1.621494266464));
#2285 = CARTESIAN_POINT('',(1.975179110741,1.677835184463));
#2286 = CARTESIAN_POINT('',(1.97517745947,1.734177805877));
#2287 = CARTESIAN_POINT('',(1.97517560032,1.790523079817));
#2288 = CARTESIAN_POINT('',(1.975173741166,1.846871253304));
#2289 = CARTESIAN_POINT('',(1.975172081817,1.903219914852));
#2290 = CARTESIAN_POINT('',(1.975168032109,2.075834818867));
#2291 = CARTESIAN_POINT('',(1.975166746074,2.192202069098));
#2292 = CARTESIAN_POINT('',(1.975168130684,2.308514445077));
#2293 = CARTESIAN_POINT('',(1.975172611881,2.424791741166));
#2294 = CARTESIAN_POINT('',(1.975178111023,2.541070334595));
#2295 = CARTESIAN_POINT('',(1.975181511872,2.657386513674));
#2296 = CARTESIAN_POINT('',(1.975182320209,2.773755327665));
#2297 = CARTESIAN_POINT('',(1.975180261823,2.995674656403));
#2298 = CARTESIAN_POINT('',(1.975177720755,3.101397498037));
#2299 = CARTESIAN_POINT('',(1.975174202392,3.207090056248));
#2300 = CARTESIAN_POINT('',(1.97517103549,3.312755819471));
#2301 = CARTESIAN_POINT('',(1.975170506339,3.418417615636));
#2302 = CARTESIAN_POINT('',(1.975172264907,3.524100469341));
#2303 = CARTESIAN_POINT('',(1.975174086939,3.629815606581));
#2304 = CARTESIAN_POINT('',(1.975175654884,3.788483184763));
#2305 = CARTESIAN_POINT('',(1.975175916031,3.841488012912));
#2306 = CARTESIAN_POINT('',(1.975175889537,3.894493100468));
#2307 = CARTESIAN_POINT('',(1.975175610076,3.94749896121));
#2308 = CARTESIAN_POINT('',(1.97517517198,4.000505456391));
#2309 = CARTESIAN_POINT('',(1.975174729242,4.053511794734));
#2310 = CARTESIAN_POINT('',(1.975174495515,4.106516532437));
#2311 = CARTESIAN_POINT('',(1.975174898656,4.192466111004));
#2312 = CARTESIAN_POINT('',(1.975175249574,4.225418849264));
#2313 = CARTESIAN_POINT('',(1.975175538548,4.258372672091));
#2314 = CARTESIAN_POINT('',(1.975175616561,4.291325687735));
#2315 = CARTESIAN_POINT('',(1.975175443905,4.324277228553));
#2316 = CARTESIAN_POINT('',(1.97517509018,4.357227851008));
#2317 = CARTESIAN_POINT('',(1.975174734289,4.390179335673));
#2318 = CARTESIAN_POINT('',(1.975174446882,4.525786248021));
#2319 = CARTESIAN_POINT('',(1.975175502776,4.628484481374));
#2320 = CARTESIAN_POINT('',(1.975177856477,4.731156125684));
#2321 = CARTESIAN_POINT('',(1.975175823367,4.833809306993));
#2322 = CARTESIAN_POINT('',(1.975173176191,4.936465183837));
#2323 = CARTESIAN_POINT('',(1.975171512825,5.039144501376));
#2324 = CARTESIAN_POINT('',(1.975171570976,5.141850657195));
#2325 = CARTESIAN_POINT('',(1.97517423634,5.35116389904));
#2326 = CARTESIAN_POINT('',(1.975176951259,5.457904400296));
#2327 = CARTESIAN_POINT('',(1.975180552214,5.564610803235));
#2328 = CARTESIAN_POINT('',(1.975183430165,5.671287241811));
#2329 = CARTESIAN_POINT('',(1.975183491004,5.777957883301));
#2330 = CARTESIAN_POINT('',(1.975181153501,5.884649698701));
#2331 = CARTESIAN_POINT('',(1.975177716658,5.991376350681));
#2332 = CARTESIAN_POINT('',(1.975171122763,6.206107760075));
#2333 = CARTESIAN_POINT('',(1.975168059362,6.314222053989));
#2334 = CARTESIAN_POINT('',(1.975165913097,6.422297521406));
#2335 = CARTESIAN_POINT('',(1.975167924996,6.530346558821));
#2336 = CARTESIAN_POINT('',(1.975170359981,6.638396807366));
#2337 = CARTESIAN_POINT('',(1.975175685978,6.746475981302));
#2338 = CARTESIAN_POINT('',(1.975178652585,6.854593275401));
#2339 = CARTESIAN_POINT('',(1.975180422505,6.9626447033));
#2340 = ( GEOMETRIC_REPRESENTATION_CONTEXT(2) 
PARAMETRIC_REPRESENTATION_CONTEXT() REPRESENTATION_CONTEXT('2D SPACE',''
  ) );
#2341 = PCURVE('',#1030,#2342);
#2342 = DEFINITIONAL_REPRESENTATION('',(#2343),#2416);
#2343 = B_SPLINE_CURVE_WITH_KNOTS('',8,(#2344,#2345,#2346,#2347,#2348,
    #2349,#2350,#2351,#2352,#2353,#2354,#2355,#2356,#2357,#2358,#2359,
    #2360,#2361,#2362,#2363,#2364,#2365,#2366,#2367,#2368,#2369,#2370,
    #2371,#2372,#2373,#2374,#2375,#2376,#2377,#2378,#2379,#2380,#2381,
    #2382,#2383,#2384,#2385,#2386,#2387,#2388,#2389,#2390,#2391,#2392,
    #2393,#2394,#2395,#2396,#2397,#2398,#2399,#2400,#2401,#2402,#2403,
    #2404,#2405,#2406,#2407,#2408,#2409,#2410,#2411,#2412,#2413,#2414,
    #2415),.UNSPECIFIED.,.F.,.F.,(9,7,7,7,7,7,7,7,7,7,9),(0.,
    0.118428304498,0.21673542307,0.281486092372,0.415112315827,
    0.536538866321,0.597453037155,0.635320838136,0.753274029087,
    0.875843011119,1.),.UNSPECIFIED.);
#2344 = CARTESIAN_POINT('',(0.,-1.048673823731));
#2345 = CARTESIAN_POINT('',(-9.298484936076E-02,-1.09307170464));
#2346 = CARTESIAN_POINT('',(-0.186015916411,-1.137488132031));
#2347 = CARTESIAN_POINT('',(-0.279021877333,-1.181897462071));
#2348 = CARTESIAN_POINT('',(-0.372009769593,-1.226296851755));
#2349 = CARTESIAN_POINT('',(-0.464999588628,-1.270695770776));
#2350 = CARTESIAN_POINT('',(-0.558010880967,-1.315104348037));
#2351 = CARTESIAN_POINT('',(-0.651048013716,-1.359525527021));
#2352 = CARTESIAN_POINT('',(-0.821222258743,-1.440777352568));
#2353 = CARTESIAN_POINT('',(-0.898419675348,-1.47763661677));
#2354 = CARTESIAN_POINT('',(-0.975608106759,-1.514492162785));
#2355 = CARTESIAN_POINT('',(-1.052792431633,-1.55134626206));
#2356 = CARTESIAN_POINT('',(-1.129982440255,-1.588203155238));
#2357 = CARTESIAN_POINT('',(-1.207185392388,-1.625065823517));
#2358 = CARTESIAN_POINT('',(-1.284397278333,-1.661932157674));
#2359 = CARTESIAN_POINT('',(-1.412417605008,-1.723057003161));
#2360 = CARTESIAN_POINT('',(-1.463258754791,-1.747331466684));
#2361 = CARTESIAN_POINT('',(-1.514101502465,-1.771606440498));
#2362 = CARTESIAN_POINT('',(-1.564945788158,-1.795881946023));
#2363 = CARTESIAN_POINT('',(-1.615792478429,-1.820158484357));
#2364 = CARTESIAN_POINT('',(-1.66664180183,-1.844436272822));
#2365 = CARTESIAN_POINT('',(-1.717491582786,-1.8687143788));
#2366 = CARTESIAN_POINT('',(-1.873261608688,-1.943086936355));
#2367 = CARTESIAN_POINT('',(-1.978273050172,-1.993225499757));
#2368 = CARTESIAN_POINT('',(-2.083235003777,-2.043341844266));
#2369 = CARTESIAN_POINT('',(-2.188165246192,-2.093444722912));
#2370 = CARTESIAN_POINT('',(-2.293096483707,-2.143548700596));
#2371 = CARTESIAN_POINT('',(-2.398061590115,-2.193667753758));
#2372 = CARTESIAN_POINT('',(-2.503074287797,-2.243808103615));
#2373 = CARTESIAN_POINT('',(-2.703337365702,-2.339425556023));
#2374 = CARTESIAN_POINT('',(-2.798743232892,-2.384977082743));
#2375 = CARTESIAN_POINT('',(-2.894121914004,-2.43051504069));
#2376 = CARTESIAN_POINT('',(-2.98947651671,-2.476041641734));
#2377 = CARTESIAN_POINT('',(-3.084827489136,-2.521567939895));
#2378 = CARTESIAN_POINT('',(-3.180197086481,-2.567104534679));
#2379 = CARTESIAN_POINT('',(-3.275595495291,-2.612655078161));
#2380 = CARTESIAN_POINT('',(-3.418778617614,-2.681021150556));
#2381 = CARTESIAN_POINT('',(-3.466610632583,-2.703859526571));
#2382 = CARTESIAN_POINT('',(-3.514442916509,-2.726697860147));
#2383 = CARTESIAN_POINT('',(-3.562275986184,-2.749536389989));
#2384 = CARTESIAN_POINT('',(-3.610109744877,-2.772375105851));
#2385 = CARTESIAN_POINT('',(-3.657943482328,-2.795213748538));
#2386 = CARTESIAN_POINT('',(-3.705775874751,-2.818051809909));
#2387 = CARTESIAN_POINT('',(-3.783338348956,-2.855085171658));
#2388 = CARTESIAN_POINT('',(-3.813075444122,-2.86928372511));
#2389 = CARTESIAN_POINT('',(-3.842813496982,-2.883482713254));
#2390 = CARTESIAN_POINT('',(-3.872550827397,-2.897681241686));
#2391 = CARTESIAN_POINT('',(-3.902286848444,-2.911879001574));
#2392 = CARTESIAN_POINT('',(-3.932022066412,-2.926076269655));
#2393 = CARTESIAN_POINT('',(-3.961758080803,-2.940273908241));
#2394 = CARTESIAN_POINT('',(-4.084132203922,-2.998702795386));
#2395 = CARTESIAN_POINT('',(-4.176808732125,-3.04295301859));
#2396 = CARTESIAN_POINT('',(-4.269460405072,-3.08719249143));
#2397 = CARTESIAN_POINT('',(-4.362095267698,-3.131421685544));
#2398 = CARTESIAN_POINT('',(-4.454732898087,-3.175651712025));
#2399 = CARTESIAN_POINT('',(-4.547392005999,-3.219892354312));
#2400 = CARTESIAN_POINT('',(-4.640075556181,-3.26414546832));
#2401 = CARTESIAN_POINT('',(-4.828963099534,-3.354333838092));
#2402 = CARTESIAN_POINT('',(-4.925287496371,-3.400326635429));
#2403 = CARTESIAN_POINT('',(-5.021581081213,-3.446305208849));
#2404 = CARTESIAN_POINT('',(-5.117847421767,-3.492270489369));
#2405 = CARTESIAN_POINT('',(-5.214108353549,-3.538231781453));
#2406 = CARTESIAN_POINT('',(-5.310388354817,-3.584200928503));
#2407 = CARTESIAN_POINT('',(-5.406699823217,-3.630184505065));
#2408 = CARTESIAN_POINT('',(-5.600476241223,-3.722702506315));
#2409 = CARTESIAN_POINT('',(-5.698040037265,-3.769284126654));
#2410 = CARTESIAN_POINT('',(-5.795568878688,-3.815849796464));
#2411 = CARTESIAN_POINT('',(-5.893073876743,-3.862405499706));
#2412 = CARTESIAN_POINT('',(-5.990579935666,-3.908963172753));
#2413 = CARTESIAN_POINT('',(-6.088111937288,-3.955533607919));
#2414 = CARTESIAN_POINT('',(-6.185678328658,-4.00211996837));
#2415 = CARTESIAN_POINT('',(-6.28318530718,-4.048677100132));
#2416 = ( GEOMETRIC_REPRESENTATION_CONTEXT(2) 
PARAMETRIC_REPRESENTATION_CONTEXT() REPRESENTATION_CONTEXT('2D SPACE',''
  ) );
#2417 = ORIENTED_EDGE('',*,*,#2418,.T.);
#2418 = EDGE_CURVE('',#2189,#2419,#2421,.T.);
#2419 = VERTEX_POINT('',#2420);
#2420 = CARTESIAN_POINT('',(10.376202,64.451325772717,7.825600420211E-16
    ));
#2421 = SURFACE_CURVE('',#2422,(#2495,#2571),.PCURVE_S1.);
#2422 = B_SPLINE_CURVE_WITH_KNOTS('',8,(#2423,#2424,#2425,#2426,#2427,
    #2428,#2429,#2430,#2431,#2432,#2433,#2434,#2435,#2436,#2437,#2438,
    #2439,#2440,#2441,#2442,#2443,#2444,#2445,#2446,#2447,#2448,#2449,
    #2450,#2451,#2452,#2453,#2454,#2455,#2456,#2457,#2458,#2459,#2460,
    #2461,#2462,#2463,#2464,#2465,#2466,#2467,#2468,#2469,#2470,#2471,
    #2472,#2473,#2474,#2475,#2476,#2477,#2478,#2479,#2480,#2481,#2482,
    #2483,#2484,#2485,#2486,#2487,#2488,#2489,#2490,#2491,#2492,#2493,
    #2494),.UNSPECIFIED.,.F.,.F.,(9,7,7,7,7,7,7,7,7,7,9),(0.,
    0.122679808093,0.180966893992,0.24020978177,0.401065916365,
    0.525448867235,0.645226324332,0.740812455491,0.824956272612,
    0.910790475343,1.),.UNSPECIFIED.);
#2423 = CARTESIAN_POINT('',(10.376202,67.451322899868,4.494934535839E-16
    ));
#2424 = CARTESIAN_POINT('',(10.376202,67.405326189762,0.999573357137));
#2425 = CARTESIAN_POINT('',(10.266153693712,67.359303293682,
    1.999734774645));
#2426 = CARTESIAN_POINT('',(10.045831715363,67.313296039362,
    2.985442076719));
#2427 = CARTESIAN_POINT('',(9.717740766546,67.267299927874,
    3.942608168621));
#2428 = CARTESIAN_POINT('',(9.286191507158,67.221302914385,
    4.857824909658));
#2429 = CARTESIAN_POINT('',(8.757420334788,67.175293312473,
    5.718444073762));
#2430 = CARTESIAN_POINT('',(8.139472836181,67.12926882836,6.512570602666
    ));
#2431 = CARTESIAN_POINT('',(7.112197596334,67.061422852346,
    7.570186802034));
#2432 = CARTESIAN_POINT('',(6.763481206718,67.039569146311,
    7.893552149388));
#2433 = CARTESIAN_POINT('',(6.397993811143,67.017714499571,8.19852740066
    ));
#2434 = CARTESIAN_POINT('',(6.016876631659,66.995859436261,
    8.484093786066));
#2435 = CARTESIAN_POINT('',(5.621338739749,66.974004546921,
    8.749324769484));
#2436 = CARTESIAN_POINT('',(5.212657056325,66.952150488492,
    8.993386048456));
#2437 = CARTESIAN_POINT('',(4.792176351737,66.930297984317,
    9.215535554184));
#2438 = CARTESIAN_POINT('',(3.923376705258,66.886239361202,
    9.617984226303));
#2439 = CARTESIAN_POINT('',(3.474624254774,66.864029839811,
    9.797580124288));
#2440 = CARTESIAN_POINT('',(3.016524129695,66.841819379171,
    9.953226865984));
#2441 = CARTESIAN_POINT('',(2.550578124541,66.819608237148,
    10.08435744299));
#2442 = CARTESIAN_POINT('',(2.07831759297,66.797396810263,
    10.190522118011));
#2443 = CARTESIAN_POINT('',(1.601303447778,66.775185633702,
    10.271388424855));
#2444 = CARTESIAN_POINT('',(1.121126160896,66.752975381311,
    10.326741168435));
#2445 = CARTESIAN_POINT('',(-0.66856020526,66.670466361564,
    10.437235806504));
#2446 = CARTESIAN_POINT('',(-1.990580970645,66.61005606796,
    10.329348779622));
#2447 = CARTESIAN_POINT('',(-3.291242967981,66.549696168331,
    10.029431946289));
#2448 = CARTESIAN_POINT('',(-4.538507762457,66.489381698642,
    9.54366179513));
#2449 = CARTESIAN_POINT('',(-5.702377446611,66.429065727084,
    8.882760880823));
#2450 = CARTESIAN_POINT('',(-6.755761026157,66.368720754542,
    8.063309121451));
#2451 = CARTESIAN_POINT('',(-7.673796971895,66.308311968589,
    7.106052055681));
#2452 = CARTESIAN_POINT('',(-9.026678046882,66.201371102543,
    5.216476543112));
#2453 = CARTESIAN_POINT('',(-9.524999116384,66.154710540969,
    4.326164497167));
#2454 = CARTESIAN_POINT('',(-9.922377899165,66.108066918712,
    3.382136539385));
#2455 = CARTESIAN_POINT('',(-10.21243103858,66.061436299112,
    2.397874461882));
#2456 = CARTESIAN_POINT('',(-10.39075082638,66.01480664546,
    1.387369913515));
#2457 = CARTESIAN_POINT('',(-10.45505054966,65.968165062821,
    0.365116484932));
#2458 = CARTESIAN_POINT('',(-10.40503980007,65.921506494747,
    -0.6539598944));
#2459 = CARTESIAN_POINT('',(-10.08787429777,65.829971846473,
    -2.617760063442));
#2460 = CARTESIAN_POINT('',(-9.828659720387,65.785045142912,
    -3.564883498119));
#2461 = CARTESIAN_POINT('',(-9.467864140328,65.740130024838,
    -4.48199407606));
#2462 = CARTESIAN_POINT('',(-9.00979825683,65.695222780853,
    -5.356513243683));
#2463 = CARTESIAN_POINT('',(-8.460324449402,65.650314273361,
    -6.176722176232));
#2464 = CARTESIAN_POINT('',(-7.82692491086,65.605396054043,
    -6.931845082577));
#2465 = CARTESIAN_POINT('',(-7.118613943445,65.560466076568,
    -7.612041563688));
#2466 = CARTESIAN_POINT('',(-5.730499098009,65.479728562866,
    -8.685240738525));
#2467 = CARTESIAN_POINT('',(-5.07339773479,65.443886343061,
    -9.108835545602));
#2468 = CARTESIAN_POINT('',(-4.380757053119,65.408047527612,
    -9.475407084799));
#2469 = CARTESIAN_POINT('',(-3.658400835691,65.372212799322,
    -9.781545182236));
#2470 = CARTESIAN_POINT('',(-2.91244058664,65.336377634945,
    -10.02457292099));
#2471 = CARTESIAN_POINT('',(-2.149244572033,65.300537711705,
    -10.20249956917));
#2472 = CARTESIAN_POINT('',(-1.375445371341,65.264694206748,
    -10.3140765634));
#2473 = CARTESIAN_POINT('',(8.64062771495E-02,65.197313493055,
    -10.39846409104));
#2474 = CARTESIAN_POINT('',(0.773929485386,65.165761055563,
    -10.38630405985));
#2475 = CARTESIAN_POINT('',(1.459834761732,65.134210616922,
    -10.32216548374));
#2476 = CARTESIAN_POINT('',(2.139504803569,65.102664430619,
    -10.20630442339));
#2477 = CARTESIAN_POINT('',(2.808442265501,65.071120670651,
    -10.03945088512));
#2478 = CARTESIAN_POINT('',(3.462267181952,65.039576096922,
    -9.822765846051));
#2479 = CARTESIAN_POINT('',(4.096723475633,65.008028779142,
    -9.557848390133));
#2480 = CARTESIAN_POINT('',(5.330939574664,64.944299205906,
    -8.929488651404));
#2481 = CARTESIAN_POINT('',(5.929860886458,64.912111133056,
    -8.564115603847));
#2482 = CARTESIAN_POINT('',(6.499981079619,64.879922958963,
    -8.152913376312));
#2483 = CARTESIAN_POINT('',(7.037228986085,64.847745046885,
    -7.698579301528));
#2484 = CARTESIAN_POINT('',(7.537869136452,64.815553934862,
    -7.204188419731));
#2485 = CARTESIAN_POINT('',(7.998508613949,64.783368522356,
    -6.673177330482));
#2486 = CARTESIAN_POINT('',(8.416093310099,64.751177574819,
    -6.10935166339));
#2487 = CARTESIAN_POINT('',(9.174508135459,64.685540624762,
    -4.901269077362));
#2488 = CARTESIAN_POINT('',(9.511868483777,64.652077702576,
    -4.254410816769));
#2489 = CARTESIAN_POINT('',(9.796970855799,64.618615558706,
    -3.58118696171));
#2490 = CARTESIAN_POINT('',(10.027442983146,64.58515699966,
    -2.886606969944));
#2491 = CARTESIAN_POINT('',(10.20151789339,64.551699891885,
    -2.175836047266));
#2492 = CARTESIAN_POINT('',(10.31798336092,64.518241321601,
    -1.454169600772));
#2493 = CARTESIAN_POINT('',(10.376202,64.484781265559,-0.727032050576));
#2494 = CARTESIAN_POINT('',(10.376202,64.451325772717,
    -2.770153636779E-15));
#2495 = PCURVE('',#712,#2496);
#2496 = DEFINITIONAL_REPRESENTATION('',(#2497),#2570);
#2497 = B_SPLINE_CURVE_WITH_KNOTS('',8,(#2498,#2499,#2500,#2501,#2502,
    #2503,#2504,#2505,#2506,#2507,#2508,#2509,#2510,#2511,#2512,#2513,
    #2514,#2515,#2516,#2517,#2518,#2519,#2520,#2521,#2522,#2523,#2524,
    #2525,#2526,#2527,#2528,#2529,#2530,#2531,#2532,#2533,#2534,#2535,
    #2536,#2537,#2538,#2539,#2540,#2541,#2542,#2543,#2544,#2545,#2546,
    #2547,#2548,#2549,#2550,#2551,#2552,#2553,#2554,#2555,#2556,#2557,
    #2558,#2559,#2560,#2561,#2562,#2563,#2564,#2565,#2566,#2567,#2568,
    #2569),.UNSPECIFIED.,.F.,.F.,(9,7,7,7,7,7,7,7,7,7,9),(0.,
    0.122679808093,0.180966893992,0.24020978177,0.401065916365,
    0.525448867235,0.645226324332,0.740812455491,0.824956272612,
    0.910790475343,1.),.UNSPECIFIED.);
#2498 = CARTESIAN_POINT('',(1.975180473412,6.962644704662));
#2499 = CARTESIAN_POINT('',(1.975182221302,7.069395487175));
#2500 = CARTESIAN_POINT('',(1.975182408358,7.176208960284));
#2501 = CARTESIAN_POINT('',(1.975180437769,7.28298877237));
#2502 = CARTESIAN_POINT('',(1.975176561586,7.389745044459));
#2503 = CARTESIAN_POINT('',(1.975172736482,7.496503316969));
#2504 = CARTESIAN_POINT('',(1.975171282942,7.603287865208));
#2505 = CARTESIAN_POINT('',(1.975171707912,7.710104658166));
#2506 = CARTESIAN_POINT('',(1.975173458655,7.867564959581));
#2507 = CARTESIAN_POINT('',(1.975174248312,7.918283854199));
#2508 = CARTESIAN_POINT('',(1.975175032811,7.969004954122));
#2509 = CARTESIAN_POINT('',(1.975175647338,8.019727249129));
#2510 = CARTESIAN_POINT('',(1.975175993189,8.070449490323));
#2511 = CARTESIAN_POINT('',(1.975176037767,8.121170190133));
#2512 = CARTESIAN_POINT('',(1.975175814587,8.171887622312));
#2513 = CARTESIAN_POINT('',(1.975175025538,8.274143609122));
#2514 = CARTESIAN_POINT('',(1.975174491791,8.325690101463));
#2515 = CARTESIAN_POINT('',(1.975174165008,8.377238459438));
#2516 = CARTESIAN_POINT('',(1.975174211083,8.428787801598));
#2517 = CARTESIAN_POINT('',(1.975174618834,8.480337204564));
#2518 = CARTESIAN_POINT('',(1.975175199997,8.531885703024));
#2519 = CARTESIAN_POINT('',(1.975175589231,8.58343228974));
#2520 = CARTESIAN_POINT('',(1.975174307049,8.774927034074));
#2521 = CARTESIAN_POINT('',(1.975173739012,8.915133429599));
#2522 = CARTESIAN_POINT('',(1.975183651285,9.055209719586));
#2523 = CARTESIAN_POINT('',(1.975171993646,9.195206876787));
#2524 = CARTESIAN_POINT('',(1.975169327554,9.335196311775));
#2525 = CARTESIAN_POINT('',(1.975170082714,9.475248808149));
#2526 = CARTESIAN_POINT('',(1.975173944425,9.615445603701));
#2527 = CARTESIAN_POINT('',(1.975180057317,9.863635069528));
#2528 = CARTESIAN_POINT('',(1.975182530432,9.971925642582));
#2529 = CARTESIAN_POINT('',(1.975183519887,10.080178756492));
#2530 = CARTESIAN_POINT('',(1.975181721982,10.188405146371));
#2531 = CARTESIAN_POINT('',(1.975177522356,10.296632256862));
#2532 = CARTESIAN_POINT('',(1.975173191064,10.404887207405));
#2533 = CARTESIAN_POINT('',(1.975170153629,10.513179972442));
#2534 = CARTESIAN_POINT('',(1.975167722891,10.725624045905));
#2535 = CARTESIAN_POINT('',(1.975168196946,10.829893009434));
#2536 = CARTESIAN_POINT('',(1.97517076759,10.934132491034));
#2537 = CARTESIAN_POINT('',(1.975175056247,11.038351576075));
#2538 = CARTESIAN_POINT('',(1.97517932546,11.142573620949));
#2539 = CARTESIAN_POINT('',(1.97518179744,11.246820429856));
#2540 = CARTESIAN_POINT('',(1.975182228907,11.351097052458));
#2541 = CARTESIAN_POINT('',(1.97518033107,11.538481606533));
#2542 = CARTESIAN_POINT('',(1.975178562575,11.621669340926));
#2543 = CARTESIAN_POINT('',(1.975176060482,11.704850081025));
#2544 = CARTESIAN_POINT('',(1.97517361059,11.78802127039));
#2545 = CARTESIAN_POINT('',(1.975171978894,11.87119245885));
#2546 = CARTESIAN_POINT('',(1.975171532196,11.954373223541));
#2547 = CARTESIAN_POINT('',(1.975172092374,12.0375610507));
#2548 = CARTESIAN_POINT('',(1.975173844679,12.193941511714));
#2549 = CARTESIAN_POINT('',(1.975174917118,12.26716963857));
#2550 = CARTESIAN_POINT('',(1.97517609601,12.340392991991));
#2551 = CARTESIAN_POINT('',(1.975176530194,12.413607393996));
#2552 = CARTESIAN_POINT('',(1.975175914917,12.486817464277));
#2553 = CARTESIAN_POINT('',(1.975174867987,12.560029968965));
#2554 = CARTESIAN_POINT('',(1.975174430104,12.633248109318));
#2555 = CARTESIAN_POINT('',(1.975174953887,12.781156298393));
#2556 = CARTESIAN_POINT('',(1.975176273147,12.855859419501));
#2557 = CARTESIAN_POINT('',(1.975177418632,12.930562910966));
#2558 = CARTESIAN_POINT('',(1.975168637707,13.005254979456));
#2559 = CARTESIAN_POINT('',(1.975178076707,13.079955052222));
#2560 = CARTESIAN_POINT('',(1.975174861315,13.154657564003));
#2561 = CARTESIAN_POINT('',(1.975175977505,13.229367544476));
#2562 = CARTESIAN_POINT('',(1.975175339891,13.381703875177));
#2563 = CARTESIAN_POINT('',(1.975174430139,13.459368448812));
#2564 = CARTESIAN_POINT('',(1.975172971746,13.537031893567));
#2565 = CARTESIAN_POINT('',(1.975171704886,13.614686788929));
#2566 = CARTESIAN_POINT('',(1.975171296945,13.692337266523));
#2567 = CARTESIAN_POINT('',(1.975171944864,13.769989845404));
#2568 = CARTESIAN_POINT('',(1.975173356647,13.847644936531));
#2569 = CARTESIAN_POINT('',(1.975175112014,13.925289016437));
#2570 = ( GEOMETRIC_REPRESENTATION_CONTEXT(2) 
PARAMETRIC_REPRESENTATION_CONTEXT() REPRESENTATION_CONTEXT('2D SPACE',''
  ) );
#2571 = PCURVE('',#2572,#2577);
#2572 = CYLINDRICAL_SURFACE('',#2573,10.376202);
#2573 = AXIS2_PLACEMENT_3D('',#2574,#2575,#2576);
#2574 = CARTESIAN_POINT('',(0.,71.5,0.));
#2575 = DIRECTION('',(-0.,1.,-1.110223024625E-16));
#2576 = DIRECTION('',(1.,0.,0.));
#2577 = DEFINITIONAL_REPRESENTATION('',(#2578),#2651);
#2578 = B_SPLINE_CURVE_WITH_KNOTS('',8,(#2579,#2580,#2581,#2582,#2583,
    #2584,#2585,#2586,#2587,#2588,#2589,#2590,#2591,#2592,#2593,#2594,
    #2595,#2596,#2597,#2598,#2599,#2600,#2601,#2602,#2603,#2604,#2605,
    #2606,#2607,#2608,#2609,#2610,#2611,#2612,#2613,#2614,#2615,#2616,
    #2617,#2618,#2619,#2620,#2621,#2622,#2623,#2624,#2625,#2626,#2627,
    #2628,#2629,#2630,#2631,#2632,#2633,#2634,#2635,#2636,#2637,#2638,
    #2639,#2640,#2641,#2642,#2643,#2644,#2645,#2646,#2647,#2648,#2649,
    #2650),.UNSPECIFIED.,.F.,.F.,(9,7,7,7,7,7,7,7,7,7,9),(0.,
    0.122679808093,0.180966893992,0.24020978177,0.401065916365,
    0.525448867235,0.645226324332,0.740812455491,0.824956272612,
    0.910790475343,1.),.UNSPECIFIED.);
#2579 = CARTESIAN_POINT('',(0.,-4.048677100132));
#2580 = CARTESIAN_POINT('',(-9.633325923466E-02,-4.094673810238));
#2581 = CARTESIAN_POINT('',(-0.192723123538,-4.140696706318));
#2582 = CARTESIAN_POINT('',(-0.289082717236,-4.186703960638));
#2583 = CARTESIAN_POINT('',(-0.385421240919,-4.232700072125));
#2584 = CARTESIAN_POINT('',(-0.481761768915,-4.278697085615));
#2585 = CARTESIAN_POINT('',(-0.578125958589,-4.324706687526));
#2586 = CARTESIAN_POINT('',(-0.674518984899,-4.37073117164));
#2587 = CARTESIAN_POINT('',(-0.816613074456,-4.438577147654));
#2588 = CARTESIAN_POINT('',(-0.862382359672,-4.460430853689));
#2589 = CARTESIAN_POINT('',(-0.908153580108,-4.482285500429));
#2590 = CARTESIAN_POINT('',(-0.953925838982,-4.504140563739));
#2591 = CARTESIAN_POINT('',(-0.999698032203,-4.525995453079));
#2592 = CARTESIAN_POINT('',(-1.045468848369,-4.547849511508));
#2593 = CARTESIAN_POINT('',(-1.091236768768,-4.569702015683));
#2594 = CARTESIAN_POINT('',(-1.183513800604,-4.613760638798));
#2595 = CARTESIAN_POINT('',(-1.230030186127,-4.635970160189));
#2596 = CARTESIAN_POINT('',(-1.276548333053,-4.658180620829));
#2597 = CARTESIAN_POINT('',(-1.323067359357,-4.680391762852));
#2598 = CARTESIAN_POINT('',(-1.369586391883,-4.702603189737));
#2599 = CARTESIAN_POINT('',(-1.416104566342,-4.724814366298));
#2600 = CARTESIAN_POINT('',(-1.462621027313,-4.747024618689));
#2601 = CARTESIAN_POINT('',(-1.635429350907,-4.829533638436));
#2602 = CARTESIAN_POINT('',(-1.761954701851,-4.88994393204));
#2603 = CARTESIAN_POINT('',(-1.888359689949,-4.950303831669));
#2604 = CARTESIAN_POINT('',(-2.014693756666,-5.010618301358));
#2605 = CARTESIAN_POINT('',(-2.141022177672,-5.070934272916));
#2606 = CARTESIAN_POINT('',(-2.267407843939,-5.131279245458));
#2607 = CARTESIAN_POINT('',(-2.393923777357,-5.191688031411));
#2608 = CARTESIAN_POINT('',(-2.61789382322,-5.298628897457));
#2609 = CARTESIAN_POINT('',(-2.715616834736,-5.345289459031));
#2610 = CARTESIAN_POINT('',(-2.813305876616,-5.391933081288));
#2611 = CARTESIAN_POINT('',(-2.910970656342,-5.438563700887));
#2612 = CARTESIAN_POINT('',(-3.008636109293,-5.485193354541));
#2613 = CARTESIAN_POINT('',(-3.106326778148,-5.531834937179));
#2614 = CARTESIAN_POINT('',(-3.204051642108,-5.578493505253));
#2615 = CARTESIAN_POINT('',(-3.395764116492,-5.670028153527));
#2616 = CARTESIAN_POINT('',(-3.489857898513,-5.714954857088));
#2617 = CARTESIAN_POINT('',(-3.583925061033,-5.759869975162));
#2618 = CARTESIAN_POINT('',(-3.67797374395,-5.804777219147));
#2619 = CARTESIAN_POINT('',(-3.772024988989,-5.849685726639));
#2620 = CARTESIAN_POINT('',(-3.866098570697,-5.894603945957));
#2621 = CARTESIAN_POINT('',(-3.960199138232,-5.939533923432));
#2622 = CARTESIAN_POINT('',(-4.129297568271,-6.020271437134));
#2623 = CARTESIAN_POINT('',(-4.204367406239,-6.056113656939));
#2624 = CARTESIAN_POINT('',(-4.279431016523,-6.091952472388));
#2625 = CARTESIAN_POINT('',(-4.35448607855,-6.127787200678));
#2626 = CARTESIAN_POINT('',(-4.429541148207,-6.163622365055));
#2627 = CARTESIAN_POINT('',(-4.504604772578,-6.199462288295));
#2628 = CARTESIAN_POINT('',(-4.579674603397,-6.235305793252));
#2629 = CARTESIAN_POINT('',(-4.720794188341,-6.302686506945));
#2630 = CARTESIAN_POINT('',(-4.786876002095,-6.334238944437));
#2631 = CARTESIAN_POINT('',(-4.8529534085,-6.365789383078));
#2632 = CARTESIAN_POINT('',(-4.919022677177,-6.397335569381));
#2633 = CARTESIAN_POINT('',(-4.985088108294,-6.428879329349));
#2634 = CARTESIAN_POINT('',(-5.051155990849,-6.460423903078));
#2635 = CARTESIAN_POINT('',(-5.117229300341,-6.491971220858));
#2636 = CARTESIAN_POINT('',(-5.250704344613,-6.555700794094));
#2637 = CARTESIAN_POINT('',(-5.318118337634,-6.587888866944));
#2638 = CARTESIAN_POINT('',(-5.385529256791,-6.620077041037));
#2639 = CARTESIAN_POINT('',(-5.452936761965,-6.652254953114));
#2640 = CARTESIAN_POINT('',(-5.520344808107,-6.684446065138));
#2641 = CARTESIAN_POINT('',(-5.587758231957,-6.716631477644));
#2642 = CARTESIAN_POINT('',(-5.655177095621,-6.748822425181));
#2643 = CARTESIAN_POINT('',(-5.792646845029,-6.814459375238));
#2644 = CARTESIAN_POINT('',(-5.862732042518,-6.847922297424));
#2645 = CARTESIAN_POINT('',(-5.93281631066,-6.881384441294));
#2646 = CARTESIAN_POINT('',(-6.002893030648,-6.91484300034));
#2647 = CARTESIAN_POINT('',(-6.072965933244,-6.948300108115));
#2648 = CARTESIAN_POINT('',(-6.14304084192,-6.981758678399));
#2649 = CARTESIAN_POINT('',(-6.213118046483,-7.015218734441));
#2650 = CARTESIAN_POINT('',(-6.28318530718,-7.048674227283));
#2651 = ( GEOMETRIC_REPRESENTATION_CONTEXT(2) 
PARAMETRIC_REPRESENTATION_CONTEXT() REPRESENTATION_CONTEXT('2D SPACE',''
  ) );
#2652 = ORIENTED_EDGE('',*,*,#2653,.T.);
#2653 = EDGE_CURVE('',#2419,#2654,#2656,.T.);
#2654 = VERTEX_POINT('',#2655);
#2655 = CARTESIAN_POINT('',(10.376202,61.451325545845,1.115626974597E-15
    ));
#2656 = SURFACE_CURVE('',#2657,(#2730,#2806),.PCURVE_S1.);
#2657 = B_SPLINE_CURVE_WITH_KNOTS('',8,(#2658,#2659,#2660,#2661,#2662,
    #2663,#2664,#2665,#2666,#2667,#2668,#2669,#2670,#2671,#2672,#2673,
    #2674,#2675,#2676,#2677,#2678,#2679,#2680,#2681,#2682,#2683,#2684,
    #2685,#2686,#2687,#2688,#2689,#2690,#2691,#2692,#2693,#2694,#2695,
    #2696,#2697,#2698,#2699,#2700,#2701,#2702,#2703,#2704,#2705,#2706,
    #2707,#2708,#2709,#2710,#2711,#2712,#2713,#2714,#2715,#2716,#2717,
    #2718,#2719,#2720,#2721,#2722,#2723,#2724,#2725,#2726,#2727,#2728,
    #2729),.UNSPECIFIED.,.F.,.F.,(9,7,7,7,7,7,7,7,7,7,9),(0.,
    0.108342964832,0.242902754839,0.345079125463,0.406286240756,
    0.471529641865,0.573474774172,0.687359482197,0.781683819598,
    0.872737268277,1.),.UNSPECIFIED.);
#2658 = CARTESIAN_POINT('',(10.376202,64.451325772717,
    -2.770153636779E-15));
#2659 = CARTESIAN_POINT('',(10.376202,64.410708971944,0.882656731257));
#2660 = CARTESIAN_POINT('',(10.290392087803,64.370073174733,
    1.76572055303));
#2661 = CARTESIAN_POINT('',(10.118634213121,64.329445657882,
    2.638872038342));
#2662 = CARTESIAN_POINT('',(9.862431611974,64.288827385725,
    3.492339357475));
#2663 = CARTESIAN_POINT('',(9.524455649223,64.248212751089,
    4.316786564794));
#2664 = CARTESIAN_POINT('',(9.108538634356,64.207594066282,
    5.103328240835));
#2665 = CARTESIAN_POINT('',(8.619625239818,64.166967033307,
    5.843536243552));
#2666 = CARTESIAN_POINT('',(7.37416783744,64.075898657768,7.381685319512
    ));
#2667 = CARTESIAN_POINT('',(6.580796703197,64.025410700683,
    8.151110835868));
#2668 = CARTESIAN_POINT('',(5.69633834949,63.974946628503,8.822070028175
    ));
#2669 = CARTESIAN_POINT('',(4.735350979115,63.924496678427,
    9.382507201871));
#2670 = CARTESIAN_POINT('',(3.713668784419,63.874044231182,
    9.822732070519));
#2671 = CARTESIAN_POINT('',(2.64849210291,63.823574728169,
    10.135742191106));
#2672 = CARTESIAN_POINT('',(1.558195822987,63.773080889994,
    10.316955434631));
#2673 = CARTESIAN_POINT('',(-0.368727670788,63.68432393592,
    10.403012073168));
#2674 = CARTESIAN_POINT('',(-1.203959604888,63.646009461322,
    10.363902681488));
#2675 = CARTESIAN_POINT('',(-2.03433169353,63.607700773612,
    10.248118544998));
#2676 = CARTESIAN_POINT('',(-2.851673921191,63.569395262976,
    10.056419675868));
#2677 = CARTESIAN_POINT('',(-3.648044400937,63.531087055193,
    9.79054130239));
#2678 = CARTESIAN_POINT('',(-4.415721446946,63.492771610058,
    9.453140174072));
#2679 = CARTESIAN_POINT('',(-5.147246365301,63.454450802056,
    9.047892200005));
#2680 = CARTESIAN_POINT('',(-6.247868284708,63.393200253,8.299298896405)
  );
#2681 = CARTESIAN_POINT('',(-6.644839547149,63.370251515805,
    7.996168508204));
#2682 = CARTESIAN_POINT('',(-7.024967113461,63.347301354335,
    7.67136594672));
#2683 = CARTESIAN_POINT('',(-7.386856775268,63.324350856293,
    7.326001012495));
#2684 = CARTESIAN_POINT('',(-7.729217438131,63.30140071249,
    6.961274919405));
#2685 = CARTESIAN_POINT('',(-8.050861121558,63.27845121684,
    6.578480294656));
#2686 = CARTESIAN_POINT('',(-8.350702958996,63.255502266363,
    6.179001178787));
#2687 = CARTESIAN_POINT('',(-8.923089963465,63.208091096978,
    5.322278380198));
#2688 = CARTESIAN_POINT('',(-9.192564142587,63.183626969466,
    4.862892937107));
#2689 = CARTESIAN_POINT('',(-9.434971072973,63.159162175667,
    4.387986843631));
#2690 = CARTESIAN_POINT('',(-9.649264780348,63.134697503334,
    3.89944444156));
#2691 = CARTESIAN_POINT('',(-9.834565978388,63.110233330955,
    3.399204267237));
#2692 = CARTESIAN_POINT('',(-9.990162068722,63.085769627757,
    2.889259051562));
#2693 = CARTESIAN_POINT('',(-10.11550714093,63.061305953701,
    2.37165571999));
#2694 = CARTESIAN_POINT('',(-10.35821726212,62.998614818056,
    1.031038793187));
#2695 = CARTESIAN_POINT('',(-10.4314565224,62.960377286986,
    0.199808427126));
#2696 = CARTESIAN_POINT('',(-10.42836010247,62.922143963142,
    -0.636869861933));
#2697 = CARTESIAN_POINT('',(-10.34859885192,62.883916486303,
    -1.470800090456));
#2698 = CARTESIAN_POINT('',(-10.19284861454,62.845690290346,
    -2.293924618393));
#2699 = CARTESIAN_POINT('',(-9.962709161624,62.807459392646,
    -3.098321174927));
#2700 = CARTESIAN_POINT('',(-9.660778424078,62.769222580003,
    -3.876222401218));
#2701 = CARTESIAN_POINT('',(-8.877644868446,62.688289976379,
    -5.451081624173));
#2702 = CARTESIAN_POINT('',(-8.379301470424,62.645566823148,
    -6.240178489054));
#2703 = CARTESIAN_POINT('',(-7.801025700327,62.602852748184,
    -6.976649887001));
#2704 = CARTESIAN_POINT('',(-7.149474821451,62.560145186975,
    -7.651202264721));
#2705 = CARTESIAN_POINT('',(-6.432340560882,62.517437123039,
    -8.255590678038));
#2706 = CARTESIAN_POINT('',(-5.658367606541,62.474721661835,
    -8.782681872663));
#2707 = CARTESIAN_POINT('',(-4.837309547345,62.431997788018,
    -9.226441422579));
#2708 = CARTESIAN_POINT('',(-3.270458997876,62.35392762869,
    -9.877269394327));
#2709 = CARTESIAN_POINT('',(-2.535523808934,62.318552966874,
    -10.11208079644));
#2710 = CARTESIAN_POINT('',(-1.781615431111,62.283181594023,
    -10.28426408057));
#2711 = CARTESIAN_POINT('',(-1.014982722608,62.247813860653,
    -10.3921083669));
#2712 = CARTESIAN_POINT('',(-0.24196424616,62.212445473598,
    -10.43464152678));
#2713 = CARTESIAN_POINT('',(0.531026720703,62.17707251443,
    -10.41158471343));
#2714 = CARTESIAN_POINT('',(1.29750927085,62.141696416605,
    -10.32340861192));
#2715 = CARTESIAN_POINT('',(2.77823228521,62.072187826749,-10.024842244)
  );
#2716 = CARTESIAN_POINT('',(3.493685360345,62.038039870114,
    -9.818730912282));
#2717 = CARTESIAN_POINT('',(4.191424101002,62.003893737994,
    -9.554302636272));
#2718 = CARTESIAN_POINT('',(4.86592202041,61.969750265902,
    -9.233390147286));
#2719 = CARTESIAN_POINT('',(5.511938833487,61.935606526046,
    -8.858405520443));
#2720 = CARTESIAN_POINT('',(6.124507959103,61.901459940181,
    -8.432305512398));
#2721 = CARTESIAN_POINT('',(6.698968008779,61.867312397547,
    -7.958630401427));
#2722 = CARTESIAN_POINT('',(7.974697231922,61.785460670256,
    -6.719000942538));
#2723 = CARTESIAN_POINT('',(8.636402921919,61.737711050434,
    -5.910893935784));
#2724 = CARTESIAN_POINT('',(9.203784295017,61.689978227341,
    -5.028870743168));
#2725 = CARTESIAN_POINT('',(9.667578264711,61.642257510748,
    -4.086026186271));
#2726 = CARTESIAN_POINT('',(10.020567558067,61.594535011376,
    -3.096350742684));
#2727 = CARTESIAN_POINT('',(10.257757497842,61.546798524821,
    -2.074765483923));
#2728 = CARTESIAN_POINT('',(10.376202,61.499044328486,-1.037003596131));
#2729 = CARTESIAN_POINT('',(10.376202,61.451325545845,8.221054332198E-15
    ));
#2730 = PCURVE('',#712,#2731);
#2731 = DEFINITIONAL_REPRESENTATION('',(#2732),#2805);
#2732 = B_SPLINE_CURVE_WITH_KNOTS('',8,(#2733,#2734,#2735,#2736,#2737,
    #2738,#2739,#2740,#2741,#2742,#2743,#2744,#2745,#2746,#2747,#2748,
    #2749,#2750,#2751,#2752,#2753,#2754,#2755,#2756,#2757,#2758,#2759,
    #2760,#2761,#2762,#2763,#2764,#2765,#2766,#2767,#2768,#2769,#2770,
    #2771,#2772,#2773,#2774,#2775,#2776,#2777,#2778,#2779,#2780,#2781,
    #2782,#2783,#2784,#2785,#2786,#2787,#2788,#2789,#2790,#2791,#2792,
    #2793,#2794,#2795,#2796,#2797,#2798,#2799,#2800,#2801,#2802,#2803,
    #2804),.UNSPECIFIED.,.F.,.F.,(9,7,7,7,7,7,7,7,7,7,9),(0.,
    0.108342964832,0.242902754839,0.345079125463,0.406286240756,
    0.471529641865,0.573474774172,0.687359482197,0.781683819598,
    0.872737268277,1.),.UNSPECIFIED.);
#2733 = CARTESIAN_POINT('',(1.975175112014,13.925289016437));
#2734 = CARTESIAN_POINT('',(1.975177243127,14.019553182256));
#2735 = CARTESIAN_POINT('',(1.975179882266,14.113860814601));
#2736 = CARTESIAN_POINT('',(1.975182275147,14.208149531905));
#2737 = CARTESIAN_POINT('',(1.975183318458,14.302418450094));
#2738 = CARTESIAN_POINT('',(1.975182280204,14.396681481736));
#2739 = CARTESIAN_POINT('',(1.975179718419,14.490955782594));
#2740 = CARTESIAN_POINT('',(1.975176583567,14.585250160245));
#2741 = CARTESIAN_POINT('',(1.975170191377,14.796616911751));
#2742 = CARTESIAN_POINT('',(1.975167086009,14.913797284912));
#2743 = CARTESIAN_POINT('',(1.975166037508,15.030919696848));
#2744 = CARTESIAN_POINT('',(1.975168483063,15.148005043853));
#2745 = CARTESIAN_POINT('',(1.97517372394,15.265092762566));
#2746 = CARTESIAN_POINT('',(1.975178399164,15.382220774557));
#2747 = CARTESIAN_POINT('',(1.97518100088,15.499407815908));
#2748 = CARTESIAN_POINT('',(1.975181798519,15.705401233781));
#2749 = CARTESIAN_POINT('',(1.975180904068,15.794325693871));
#2750 = CARTESIAN_POINT('',(1.9751787602,15.883238248126));
#2751 = CARTESIAN_POINT('',(1.975175813413,15.972144399979));
#2752 = CARTESIAN_POINT('',(1.975173186031,16.061056400124));
#2753 = CARTESIAN_POINT('',(1.975171831832,16.149983619399));
#2754 = CARTESIAN_POINT('',(1.975171758227,16.238921716482));
#2755 = CARTESIAN_POINT('',(1.975172855707,16.381075596885));
#2756 = CARTESIAN_POINT('',(1.975173609375,16.434335963166));
#2757 = CARTESIAN_POINT('',(1.975174460899,16.487599529555));
#2758 = CARTESIAN_POINT('',(1.97517522261,16.540864007072));
#2759 = CARTESIAN_POINT('',(1.97517576384,16.594127954625));
#2760 = CARTESIAN_POINT('',(1.975176010921,16.647390779008));
#2761 = CARTESIAN_POINT('',(1.975175947189,16.7006527349));
#2762 = CARTESIAN_POINT('',(1.975175256731,16.810689474812));
#2763 = CARTESIAN_POINT('',(1.97517466851,16.867468739115));
#2764 = CARTESIAN_POINT('',(1.975174250339,16.92424927547));
#2765 = CARTESIAN_POINT('',(1.975174209469,16.981028905972));
#2766 = CARTESIAN_POINT('',(1.975174558377,17.037806717114));
#2767 = CARTESIAN_POINT('',(1.975175114774,17.09458305979));
#2768 = CARTESIAN_POINT('',(1.975175501595,17.151359549294));
#2769 = CARTESIAN_POINT('',(1.975174592954,17.296859076466));
#2770 = CARTESIAN_POINT('',(1.975174481467,17.385604150791));
#2771 = CARTESIAN_POINT('',(1.975176658231,17.47433669956));
#2772 = CARTESIAN_POINT('',(1.975177296031,17.563057529825));
#2773 = CARTESIAN_POINT('',(1.975175876972,17.651777853629));
#2774 = CARTESIAN_POINT('',(1.975174188821,17.740509360596));
#2775 = CARTESIAN_POINT('',(1.975172766326,17.829254225375));
#2776 = CARTESIAN_POINT('',(1.97517158514,18.017090612239));
#2777 = CARTESIAN_POINT('',(1.97517200882,18.116245407926));
#2778 = CARTESIAN_POINT('',(1.97517408,18.215377097377));
#2779 = CARTESIAN_POINT('',(1.975177634206,18.314491859883));
#2780 = CARTESIAN_POINT('',(1.975180858134,18.413608221376));
#2781 = CARTESIAN_POINT('',(1.975182419783,18.51274382135));
#2782 = CARTESIAN_POINT('',(1.975182148088,18.61190121924));
#2783 = CARTESIAN_POINT('',(1.975179185914,18.793096496278));
#2784 = CARTESIAN_POINT('',(1.975176928675,18.875199697659));
#2785 = CARTESIAN_POINT('',(1.975173986573,18.957296109503));
#2786 = CARTESIAN_POINT('',(1.975171043122,19.039384071607));
#2787 = CARTESIAN_POINT('',(1.975168818536,19.121472657625));
#2788 = CARTESIAN_POINT('',(1.975167788694,19.203570374878));
#2789 = CARTESIAN_POINT('',(1.975168039422,19.28567379223));
#2790 = CARTESIAN_POINT('',(1.975170430638,19.446992028588));
#2791 = CARTESIAN_POINT('',(1.975172504531,19.526242821477));
#2792 = CARTESIAN_POINT('',(1.975175269397,19.605488526543));
#2793 = CARTESIAN_POINT('',(1.97517813626,19.684727933338));
#2794 = CARTESIAN_POINT('',(1.975180461645,19.763968632508));
#2795 = CARTESIAN_POINT('',(1.97518178439,19.843217177724));
#2796 = CARTESIAN_POINT('',(1.975181973215,19.922469346166));
#2797 = CARTESIAN_POINT('',(1.975180323198,20.112439551503));
#2798 = CARTESIAN_POINT('',(1.97517762478,20.223264101142));
#2799 = CARTESIAN_POINT('',(1.975173842161,20.334051008077));
#2800 = CARTESIAN_POINT('',(1.975170491149,20.444809281275));
#2801 = CARTESIAN_POINT('',(1.97517041964,20.555567635459));
#2802 = CARTESIAN_POINT('',(1.975172745715,20.666355474204));
#2803 = CARTESIAN_POINT('',(1.975174626824,20.777184951724));
#2804 = CARTESIAN_POINT('',(1.975175443579,20.88793355499));
#2805 = ( GEOMETRIC_REPRESENTATION_CONTEXT(2) 
PARAMETRIC_REPRESENTATION_CONTEXT() REPRESENTATION_CONTEXT('2D SPACE',''
  ) );
#2806 = PCURVE('',#2807,#2812);
#2807 = CYLINDRICAL_SURFACE('',#2808,10.376202);
#2808 = AXIS2_PLACEMENT_3D('',#2809,#2810,#2811);
#2809 = CARTESIAN_POINT('',(0.,71.5,0.));
#2810 = DIRECTION('',(-0.,1.,-1.110223024625E-16));
#2811 = DIRECTION('',(1.,0.,0.));
#2812 = DEFINITIONAL_REPRESENTATION('',(#2813),#2886);
#2813 = B_SPLINE_CURVE_WITH_KNOTS('',8,(#2814,#2815,#2816,#2817,#2818,
    #2819,#2820,#2821,#2822,#2823,#2824,#2825,#2826,#2827,#2828,#2829,
    #2830,#2831,#2832,#2833,#2834,#2835,#2836,#2837,#2838,#2839,#2840,
    #2841,#2842,#2843,#2844,#2845,#2846,#2847,#2848,#2849,#2850,#2851,
    #2852,#2853,#2854,#2855,#2856,#2857,#2858,#2859,#2860,#2861,#2862,
    #2863,#2864,#2865,#2866,#2867,#2868,#2869,#2870,#2871,#2872,#2873,
    #2874,#2875,#2876,#2877,#2878,#2879,#2880,#2881,#2882,#2883,#2884,
    #2885),.UNSPECIFIED.,.F.,.F.,(9,7,7,7,7,7,7,7,7,7,9),(0.,
    0.108342964832,0.242902754839,0.345079125463,0.406286240756,
    0.471529641865,0.573474774172,0.687359482197,0.781683819598,
    0.872737268277,1.),.UNSPECIFIED.);
#2814 = CARTESIAN_POINT('',(0.,-7.048674227283));
#2815 = CARTESIAN_POINT('',(-8.506549229258E-02,-7.089291028056));
#2816 = CARTESIAN_POINT('',(-0.170170195365,-7.129926825267));
#2817 = CARTESIAN_POINT('',(-0.255257732526,-7.170554342118));
#2818 = CARTESIAN_POINT('',(-0.340327259852,-7.211172614276));
#2819 = CARTESIAN_POINT('',(-0.425391387148,-7.251787248911));
#2820 = CARTESIAN_POINT('',(-0.510465676742,-7.292405933718));
#2821 = CARTESIAN_POINT('',(-0.595558117138,-7.333032966693));
#2822 = CARTESIAN_POINT('',(-0.786298243813,-7.424101342232));
#2823 = CARTESIAN_POINT('',(-0.89204341296,-7.474589299317));
#2824 = CARTESIAN_POINT('',(-0.997736355179,-7.525053371498));
#2825 = CARTESIAN_POINT('',(-1.103395871864,-7.575503321573));
#2826 = CARTESIAN_POINT('',(-1.209057379124,-7.625955768818));
#2827 = CARTESIAN_POINT('',(-1.31475512234,-7.676425271831));
#2828 = CARTESIAN_POINT('',(-1.420506147494,-7.726919110006));
#2829 = CARTESIAN_POINT('',(-1.606397303673,-7.81567606408));
#2830 = CARTESIAN_POINT('',(-1.68664395529,-7.853990538678));
#2831 = CARTESIAN_POINT('',(-1.766879952427,-7.892299226388));
#2832 = CARTESIAN_POINT('',(-1.847110288831,-7.930604737024));
#2833 = CARTESIAN_POINT('',(-1.92734598281,-7.968912944807));
#2834 = CARTESIAN_POINT('',(-2.007595385246,-8.007228389942));
#2835 = CARTESIAN_POINT('',(-2.087854457011,-8.045549197944));
#2836 = CARTESIAN_POINT('',(-2.21613597639,-8.106799747));
#2837 = CARTESIAN_POINT('',(-2.26419876288,-8.129748484195));
#2838 = CARTESIAN_POINT('',(-2.312264370037,-8.152698645665));
#2839 = CARTESIAN_POINT('',(-2.360330741043,-8.175649143707));
#2840 = CARTESIAN_POINT('',(-2.408396596098,-8.19859928751));
#2841 = CARTESIAN_POINT('',(-2.456461432419,-8.22154878316));
#2842 = CARTESIAN_POINT('',(-2.504525524245,-8.244497733637));
#2843 = CARTESIAN_POINT('',(-2.603823914516,-8.291908903022));
#2844 = CARTESIAN_POINT('',(-2.655062395768,-8.316373030534));
#2845 = CARTESIAN_POINT('',(-2.706302120988,-8.340837824333));
#2846 = CARTESIAN_POINT('',(-2.757541033662,-8.365302496666));
#2847 = CARTESIAN_POINT('',(-2.808778266351,-8.389766669045));
#2848 = CARTESIAN_POINT('',(-2.860014140701,-8.414230372243));
#2849 = CARTESIAN_POINT('',(-2.911250167437,-8.438694046299));
#2850 = CARTESIAN_POINT('',(-3.042551615183,-8.501385181944));
#2851 = CARTESIAN_POINT('',(-3.122636920847,-8.539622713014));
#2852 = CARTESIAN_POINT('',(-3.202710268737,-8.577856036858));
#2853 = CARTESIAN_POINT('',(-3.282772633451,-8.616083513697));
#2854 = CARTESIAN_POINT('',(-3.362834509,-8.654309709654));
#2855 = CARTESIAN_POINT('',(-3.442906639666,-8.692540607354));
#2856 = CARTESIAN_POINT('',(-3.522991021398,-8.730777419997));
#2857 = CARTESIAN_POINT('',(-3.692497077809,-8.811710023621));
#2858 = CARTESIAN_POINT('',(-3.781975891595,-8.854433176852));
#2859 = CARTESIAN_POINT('',(-3.871434013394,-8.897147251815));
#2860 = CARTESIAN_POINT('',(-3.960876847986,-8.939854813026));
#2861 = CARTESIAN_POINT('',(-4.05032096343,-8.982562876961));
#2862 = CARTESIAN_POINT('',(-4.139782299612,-9.025278338165));
#2863 = CARTESIAN_POINT('',(-4.229263221648,-9.068002211982));
#2864 = CARTESIAN_POINT('',(-4.392776139567,-9.14607237131));
#2865 = CARTESIAN_POINT('',(-4.466867091315,-9.181447033126));
#2866 = CARTESIAN_POINT('',(-4.540951929841,-9.216818405977));
#2867 = CARTESIAN_POINT('',(-4.615029185964,-9.252186139347));
#2868 = CARTESIAN_POINT('',(-4.689107053623,-9.287554526402));
#2869 = CARTESIAN_POINT('',(-4.763193189663,-9.32292748557));
#2870 = CARTESIAN_POINT('',(-4.83728446516,-9.358303583395));
#2871 = CARTESIAN_POINT('',(-4.98286026667,-9.427812173251));
#2872 = CARTESIAN_POINT('',(-5.054377257054,-9.461960129886));
#2873 = CARTESIAN_POINT('',(-5.125889621448,-9.496106262006));
#2874 = CARTESIAN_POINT('',(-5.197396261589,-9.530249734098));
#2875 = CARTESIAN_POINT('',(-5.268904043253,-9.564393473954));
#2876 = CARTESIAN_POINT('',(-5.340418915809,-9.598540059819));
#2877 = CARTESIAN_POINT('',(-5.41193710698,-9.632687602453));
#2878 = CARTESIAN_POINT('',(-5.583368845273,-9.714539329744));
#2879 = CARTESIAN_POINT('',(-5.683378569487,-9.762288949566));
#2880 = CARTESIAN_POINT('',(-5.783354483353,-9.810021772659));
#2881 = CARTESIAN_POINT('',(-5.883304669583,-9.857742489252));
#2882 = CARTESIAN_POINT('',(-5.98325485859,-9.905464988625));
#2883 = CARTESIAN_POINT('',(-6.083231174449,-9.953201475178));
#2884 = CARTESIAN_POINT('',(-6.183244731993,-10.00095567151));
#2885 = CARTESIAN_POINT('',(-6.28318530718,-10.04867445415));
#2886 = ( GEOMETRIC_REPRESENTATION_CONTEXT(2) 
PARAMETRIC_REPRESENTATION_CONTEXT() REPRESENTATION_CONTEXT('2D SPACE',''
  ) );
#2887 = ORIENTED_EDGE('',*,*,#2888,.T.);
#2888 = EDGE_CURVE('',#2654,#2889,#2891,.T.);
#2889 = VERTEX_POINT('',#2890);
#2890 = CARTESIAN_POINT('',(10.376202,58.451329360717,1.448693458448E-15
    ));
#2891 = SURFACE_CURVE('',#2892,(#2972,#3055),.PCURVE_S1.);
#2892 = B_SPLINE_CURVE_WITH_KNOTS('',8,(#2893,#2894,#2895,#2896,#2897,
    #2898,#2899,#2900,#2901,#2902,#2903,#2904,#2905,#2906,#2907,#2908,
    #2909,#2910,#2911,#2912,#2913,#2914,#2915,#2916,#2917,#2918,#2919,
    #2920,#2921,#2922,#2923,#2924,#2925,#2926,#2927,#2928,#2929,#2930,
    #2931,#2932,#2933,#2934,#2935,#2936,#2937,#2938,#2939,#2940,#2941,
    #2942,#2943,#2944,#2945,#2946,#2947,#2948,#2949,#2950,#2951,#2952,
    #2953,#2954,#2955,#2956,#2957,#2958,#2959,#2960,#2961,#2962,#2963,
    #2964,#2965,#2966,#2967,#2968,#2969,#2970,#2971),.UNSPECIFIED.,.F.,
  .F.,(9,7,7,7,7,7,7,7,7,7,7,9),(0.,4.916005662725E-02,0.13802606291,
    0.175354077915,0.299086404269,0.430141610587,0.564839583057,
    0.632725783223,0.69650148856,0.831748475266,0.918978143574,1.),
  .UNSPECIFIED.);
#2893 = CARTESIAN_POINT('',(10.376202,61.451325545845,8.221054332198E-15
    ));
#2894 = CARTESIAN_POINT('',(10.376202,61.432898439545,0.40044976929));
#2895 = CARTESIAN_POINT('',(10.358535062999,61.414469849776,
    0.800937757663));
#2896 = CARTESIAN_POINT('',(10.32320498966,61.396041027623,
    1.200520146199));
#2897 = CARTESIAN_POINT('',(10.270269378226,61.377612710234,
    1.598272140314));
#2898 = CARTESIAN_POINT('',(10.199839624521,61.359185120823,
    1.993287969756));
#2899 = CARTESIAN_POINT('',(10.112080921949,61.34075796867,
    2.384680888607));
#2900 = CARTESIAN_POINT('',(10.007212261496,61.322330449118,
    2.771583175281));
#2901 = CARTESIAN_POINT('',(9.665500358203,61.270587004177,
    3.842892615386));
#2902 = CARTESIAN_POINT('',(9.390474669143,61.237268971069,
    4.515152857147));
#2903 = CARTESIAN_POINT('',(9.062085528166,61.203955448889,5.16468319574
    ));
#2904 = CARTESIAN_POINT('',(8.682563033916,61.170644482589,
    5.786584811376));
#2905 = CARTESIAN_POINT('',(8.25462934617,61.137331161417,6.376257172035
    ));
#2906 = CARTESIAN_POINT('',(7.781474890736,61.104012861729,
    6.929391281601));
#2907 = CARTESIAN_POINT('',(7.266792643148,61.070692428628,
    7.442002730629));
#2908 = CARTESIAN_POINT('',(6.483036528615,61.023386171834,8.10729794317
    ));
#2909 = CARTESIAN_POINT('',(6.244611972883,61.009393144961,8.296325579)
  );
#2910 = CARTESIAN_POINT('',(5.999896663478,60.995399993906,
    8.477333425201));
#2911 = CARTESIAN_POINT('',(5.749201896705,60.98140649544,8.650080380497
    ));
#2912 = CARTESIAN_POINT('',(5.492850737202,60.967412474147,
    8.814338835189));
#2913 = CARTESIAN_POINT('',(5.231178329476,60.953417851553,
    8.969895231968));
#2914 = CARTESIAN_POINT('',(4.964532209446,60.939422695259,
    9.116550626713));
#2915 = CARTESIAN_POINT('',(3.794120048125,60.879036192511,
    9.710130848774));
#2916 = CARTESIAN_POINT('',(2.843815618173,60.83261835109,
    10.066557227923));
#2917 = CARTESIAN_POINT('',(1.856021589813,60.786215601318,
    10.316221656261));
#2918 = CARTESIAN_POINT('',(0.844782229746,60.73982192541,
    10.454915694393));
#2919 = CARTESIAN_POINT('',(-0.175635895935,60.693426799,10.480396171127
    ));
#2920 = CARTESIAN_POINT('',(-1.190768706201,60.64702040586,
    10.392551149444));
#2921 = CARTESIAN_POINT('',(-2.185994518763,60.600600710664,
    10.193292173663));
#2922 = CARTESIAN_POINT('',(-4.164051355033,60.505083442666,
    9.56380145399));
#2923 = CARTESIAN_POINT('',(-5.144324025991,60.455909853706,
    9.120069195073));
#2924 = CARTESIAN_POINT('',(-6.069553738265,60.406757278126,
    8.561675665292));
#2925 = CARTESIAN_POINT('',(-6.924344888137,60.357620502054,
    7.897041545063));
#2926 = CARTESIAN_POINT('',(-7.694941712298,60.308484069323,
    7.136463710115));
#2927 = CARTESIAN_POINT('',(-8.369398131569,60.259333137566,
    6.292252633551));
#2928 = CARTESIAN_POINT('',(-8.93743475988,60.210160126838,
    5.378485178525));
#2929 = CARTESIAN_POINT('',(-9.858149104612,60.110516719456,
    3.418626844584));
#2930 = CARTESIAN_POINT('',(-10.20511991471,60.059970678158,
    2.368035608093));
#2931 = CARTESIAN_POINT('',(-10.42347881001,60.009450236903,
    1.278299658047));
#2932 = CARTESIAN_POINT('',(-10.50870756251,59.9589477813,0.167855559503
    ));
#2933 = CARTESIAN_POINT('',(-10.45899079667,59.908446674691,
    -0.944752786798));
#2934 = CARTESIAN_POINT('',(-10.2755432482,59.857928381903,
    -2.040928721207));
#2935 = CARTESIAN_POINT('',(-9.962286248597,59.807384021937,
    -3.102085025192));
#2936 = CARTESIAN_POINT('',(-9.308501110644,59.731429544763,
    -4.617718681845));
#2937 = CARTESIAN_POINT('',(-9.058462428813,59.705976584397,
    -5.112285589695));
#2938 = CARTESIAN_POINT('',(-8.778436557582,59.680523099332,
    -5.59129320356));
#2939 = CARTESIAN_POINT('',(-8.469559361386,59.655069201543,
    -6.052622959952));
#2940 = CARTESIAN_POINT('',(-8.133135263569,59.629615116066,
    -6.494273270528));
#2941 = CARTESIAN_POINT('',(-7.770637246378,59.604161181002,
    -6.914359522089));
#2942 = CARTESIAN_POINT('',(-7.383706850968,59.578707847509,
    -7.311114076583));
#2943 = CARTESIAN_POINT('',(-6.589399830191,59.529344635392,
    -8.032147739144));
#2944 = CARTESIAN_POINT('',(-6.184598984003,59.505431417983,
    -8.359432459033));
#2945 = CARTESIAN_POINT('',(-5.761266002826,59.481516820443,
    -8.663365530902));
#2946 = CARTESIAN_POINT('',(-5.320992970715,59.457601528959,
    -8.942714655585));
#2947 = CARTESIAN_POINT('',(-4.865449691791,59.433686123043,
    -9.196390134609));
#2948 = CARTESIAN_POINT('',(-4.396383690239,59.409771075527,
    -9.423444870197));
#2949 = CARTESIAN_POINT('',(-3.915620210312,59.385856752569,
    -9.62307436527));
#2950 = CARTESIAN_POINT('',(-2.384752428433,59.311231202575,
    -10.15840081508));
#2951 = CARTESIAN_POINT('',(-1.299326391066,59.260473190675,
    -10.39624110927));
#2952 = CARTESIAN_POINT('',(-0.187970600496,59.209733503838,
    -10.50097378458));
#2953 = CARTESIAN_POINT('',(0.930227656418,59.159014626897,
    -10.46996661474));
#2954 = CARTESIAN_POINT('',(2.036380684342,59.108296044179,
    -10.30334584881));
#2955 = CARTESIAN_POINT('',(3.11187950856,59.057560528345,
    -10.00432417122));
#2956 = CARTESIAN_POINT('',(4.138428719667,59.006798265865,
    -9.578817652731));
#2957 = CARTESIAN_POINT('',(5.717503992024,58.923369706036,
    -8.687982378358));
#2958 = CARTESIAN_POINT('',(6.309362903387,58.890653885601,
    -8.290166091065));
#2959 = CARTESIAN_POINT('',(6.869410542717,58.857939995951,
    -7.846397805147));
#2960 = CARTESIAN_POINT('',(7.393485777955,58.825228609499,
    -7.359666089179));
#2961 = CARTESIAN_POINT('',(7.877813819292,58.792517309314,
    -6.833362555992));
#2962 = CARTESIAN_POINT('',(8.319014592543,58.759803825816,
    -6.271277842739));
#2963 = CARTESIAN_POINT('',(8.714111112518,58.727089173484,
    -5.677597590965));
#2964 = CARTESIAN_POINT('',(9.382310694107,58.664000136093,
    -4.480372119184));
#2965 = CARTESIAN_POINT('',(9.662178850412,58.633617069721,
    -3.880391061802));
#2966 = CARTESIAN_POINT('',(9.898125757403,58.603235722913,
    -3.260596052501));
#2967 = CARTESIAN_POINT('',(10.088526829386,58.572855960172,
    -2.624748057372));
#2968 = CARTESIAN_POINT('',(10.232154848048,58.542475675485,
    -1.976723720899));
#2969 = CARTESIAN_POINT('',(10.328185347611,58.512093091792,
    -1.320510876239));
#2970 = CARTESIAN_POINT('',(10.376202,58.481709060454,-0.660204055495));
#2971 = CARTESIAN_POINT('',(10.376202,58.451329360717,3.225050297848E-15
    ));
#2972 = PCURVE('',#712,#2973);
#2973 = DEFINITIONAL_REPRESENTATION('',(#2974),#3054);
#2974 = B_SPLINE_CURVE_WITH_KNOTS('',8,(#2975,#2976,#2977,#2978,#2979,
    #2980,#2981,#2982,#2983,#2984,#2985,#2986,#2987,#2988,#2989,#2990,
    #2991,#2992,#2993,#2994,#2995,#2996,#2997,#2998,#2999,#3000,#3001,
    #3002,#3003,#3004,#3005,#3006,#3007,#3008,#3009,#3010,#3011,#3012,
    #3013,#3014,#3015,#3016,#3017,#3018,#3019,#3020,#3021,#3022,#3023,
    #3024,#3025,#3026,#3027,#3028,#3029,#3030,#3031,#3032,#3033,#3034,
    #3035,#3036,#3037,#3038,#3039,#3040,#3041,#3042,#3043,#3044,#3045,
    #3046,#3047,#3048,#3049,#3050,#3051,#3052,#3053),.UNSPECIFIED.,.F.,
  .F.,(9,7,7,7,7,7,7,7,7,7,7,9),(0.,4.916005662725E-02,0.13802606291,
    0.175354077915,0.299086404269,0.430141610587,0.564839583057,
    0.632725783223,0.69650148856,0.831748475266,0.918978143574,1.),
  .UNSPECIFIED.);
#2975 = CARTESIAN_POINT('',(1.975175443579,20.88793355499));
#2976 = CARTESIAN_POINT('',(1.975175758977,20.930700284819));
#2977 = CARTESIAN_POINT('',(1.975175894222,20.97347068006));
#2978 = CARTESIAN_POINT('',(1.975175836717,21.016241854161));
#2979 = CARTESIAN_POINT('',(1.975175608333,21.059012070513));
#2980 = CARTESIAN_POINT('',(1.975175265408,21.10178074245));
#2981 = CARTESIAN_POINT('',(1.975174898746,21.144548433246));
#2982 = CARTESIAN_POINT('',(1.97517463362,21.187316856118));
#2983 = CARTESIAN_POINT('',(1.975174622812,21.307407304888));
#2984 = CARTESIAN_POINT('',(1.975176793999,21.38473186627));
#2985 = CARTESIAN_POINT('',(1.97517540016,21.462050351172));
#2986 = CARTESIAN_POINT('',(1.975173481224,21.539363551335));
#2987 = CARTESIAN_POINT('',(1.97517392997,21.616679293997));
#2988 = CARTESIAN_POINT('',(1.975175813437,21.694004805241));
#2989 = CARTESIAN_POINT('',(1.975175945975,21.77133740015));
#2990 = CARTESIAN_POINT('',(1.975175616501,21.881129996078));
#2991 = CARTESIAN_POINT('',(1.975175414121,21.91360639387));
#2992 = CARTESIAN_POINT('',(1.97517510808,21.946083207061));
#2993 = CARTESIAN_POINT('',(1.975174718175,21.97856092978));
#2994 = CARTESIAN_POINT('',(1.975174276605,22.011039929863));
#2995 = CARTESIAN_POINT('',(1.975173821837,22.043520342369));
#2996 = CARTESIAN_POINT('',(1.975173392474,22.076001963087));
#2997 = CARTESIAN_POINT('',(1.975171790184,22.216153825742));
#2998 = CARTESIAN_POINT('',(1.975171200624,22.323884850648));
#2999 = CARTESIAN_POINT('',(1.975172421863,22.43157863545));
#3000 = CARTESIAN_POINT('',(1.975176173668,22.53924825605));
#3001 = CARTESIAN_POINT('',(1.97518019954,22.646920906535));
#3002 = CARTESIAN_POINT('',(1.975182382825,22.7546219689));
#3003 = CARTESIAN_POINT('',(1.975182381149,22.86235658586));
#3004 = CARTESIAN_POINT('',(1.975179012339,23.084044985909));
#3005 = CARTESIAN_POINT('',(1.975175444497,23.19817543975));
#3006 = CARTESIAN_POINT('',(1.975170723477,23.312258537299));
#3007 = CARTESIAN_POINT('',(1.975166707656,23.426304096937));
#3008 = CARTESIAN_POINT('',(1.975166018333,23.540344771917));
#3009 = CARTESIAN_POINT('',(1.975168360703,23.654415379447));
#3010 = CARTESIAN_POINT('',(1.975172032999,23.7685356053));
#3011 = CARTESIAN_POINT('',(1.975179091965,23.99978750003));
#3012 = CARTESIAN_POINT('',(1.975182472103,24.117094739565));
#3013 = CARTESIAN_POINT('',(1.975183995005,24.2343448496));
#3014 = CARTESIAN_POINT('',(1.97518216746,24.351557326332));
#3015 = CARTESIAN_POINT('',(1.975177313994,24.468770365399));
#3016 = CARTESIAN_POINT('',(1.975173522208,24.586021941965));
#3017 = CARTESIAN_POINT('',(1.975171983,24.703331232116));
#3018 = CARTESIAN_POINT('',(1.975172218273,24.87961221336));
#3019 = CARTESIAN_POINT('',(1.975172834189,24.938684740911));
#3020 = CARTESIAN_POINT('',(1.975173713862,24.997758176116));
#3021 = CARTESIAN_POINT('',(1.97517462994,25.056832545597));
#3022 = CARTESIAN_POINT('',(1.97517540104,25.115907553439));
#3023 = CARTESIAN_POINT('',(1.97517589175,25.174982581185));
#3024 = CARTESIAN_POINT('',(1.975176012622,25.234056687839));
#3025 = CARTESIAN_POINT('',(1.975175445445,25.348623739709));
#3026 = CARTESIAN_POINT('',(1.975174698352,25.404124592724));
#3027 = CARTESIAN_POINT('',(1.9751740941,25.45962842652));
#3028 = CARTESIAN_POINT('',(1.97517397064,25.515133147208));
#3029 = CARTESIAN_POINT('',(1.975174388675,25.570637309392));
#3030 = CARTESIAN_POINT('',(1.975175131661,25.626140116177));
#3031 = CARTESIAN_POINT('',(1.975175705804,25.681641419162));
#3032 = CARTESIAN_POINT('',(1.975174564445,25.854839330726));
#3033 = CARTESIAN_POINT('',(1.975173335454,25.972644517693));
#3034 = CARTESIAN_POINT('',(1.975179799705,26.090397680593));
#3035 = CARTESIAN_POINT('',(1.975176818325,26.20811402282));
#3036 = CARTESIAN_POINT('',(1.975173205783,26.325830329724));
#3037 = CARTESIAN_POINT('',(1.975170967489,26.443584168797));
#3038 = CARTESIAN_POINT('',(1.975171303222,26.561396887235));
#3039 = CARTESIAN_POINT('',(1.975174344395,26.755020841103));
#3040 = CARTESIAN_POINT('',(1.975176200146,26.830948058799));
#3041 = CARTESIAN_POINT('',(1.975178405495,26.906870373832));
#3042 = CARTESIAN_POINT('',(1.975180472398,26.982787062568));
#3043 = CARTESIAN_POINT('',(1.975181894499,27.058704358355));
#3044 = CARTESIAN_POINT('',(1.975182303094,27.13462798056));
#3045 = CARTESIAN_POINT('',(1.975181623102,27.210555663613));
#3046 = CARTESIAN_POINT('',(1.975178934168,27.356981189123));
#3047 = CARTESIAN_POINT('',(1.975176985171,27.42749910576));
#3048 = CARTESIAN_POINT('',(1.975174598121,27.498013570926));
#3049 = CARTESIAN_POINT('',(1.975172147086,27.568524435653));
#3050 = CARTESIAN_POINT('',(1.975170053471,27.63903606672));
#3051 = CARTESIAN_POINT('',(1.975168675373,27.709552146346));
#3052 = CARTESIAN_POINT('',(1.975168196936,27.780070471878));
#3053 = CARTESIAN_POINT('',(1.975168517706,27.850577755479));
#3054 = ( GEOMETRIC_REPRESENTATION_CONTEXT(2) 
PARAMETRIC_REPRESENTATION_CONTEXT() REPRESENTATION_CONTEXT('2D SPACE',''
  ) );
#3055 = PCURVE('',#3056,#3061);
#3056 = CYLINDRICAL_SURFACE('',#3057,10.376202);
#3057 = AXIS2_PLACEMENT_3D('',#3058,#3059,#3060);
#3058 = CARTESIAN_POINT('',(0.,71.5,0.));
#3059 = DIRECTION('',(-0.,1.,-1.110223024625E-16));
#3060 = DIRECTION('',(1.,0.,0.));
#3061 = DEFINITIONAL_REPRESENTATION('',(#3062),#3142);
#3062 = B_SPLINE_CURVE_WITH_KNOTS('',8,(#3063,#3064,#3065,#3066,#3067,
    #3068,#3069,#3070,#3071,#3072,#3073,#3074,#3075,#3076,#3077,#3078,
    #3079,#3080,#3081,#3082,#3083,#3084,#3085,#3086,#3087,#3088,#3089,
    #3090,#3091,#3092,#3093,#3094,#3095,#3096,#3097,#3098,#3099,#3100,
    #3101,#3102,#3103,#3104,#3105,#3106,#3107,#3108,#3109,#3110,#3111,
    #3112,#3113,#3114,#3115,#3116,#3117,#3118,#3119,#3120,#3121,#3122,
    #3123,#3124,#3125,#3126,#3127,#3128,#3129,#3130,#3131,#3132,#3133,
    #3134,#3135,#3136,#3137,#3138,#3139,#3140,#3141),.UNSPECIFIED.,.F.,
  .F.,(9,7,7,7,7,7,7,7,7,7,7,9),(0.,4.916005662725E-02,0.13802606291,
    0.175354077915,0.299086404269,0.430141610587,0.564839583057,
    0.632725783223,0.69650148856,0.831748475266,0.918978143574,1.),
  .UNSPECIFIED.);
#3063 = CARTESIAN_POINT('',(0.,-10.04867445415));
#3064 = CARTESIAN_POINT('',(-3.859309690483E-02,-10.06710156045));
#3065 = CARTESIAN_POINT('',(-7.71894926884E-02,-10.08553015022));
#3066 = CARTESIAN_POINT('',(-0.115786617717,-10.10395897237));
#3067 = CARTESIAN_POINT('',(-0.154382930751,-10.12238728976));
#3068 = CARTESIAN_POINT('',(-0.192977918944,-10.14081487917));
#3069 = CARTESIAN_POINT('',(-0.231572097843,-10.15924203133));
#3070 = CARTESIAN_POINT('',(-0.270167011387,-10.17766955088));
#3071 = CARTESIAN_POINT('',(-0.378538742012,-10.22941299582));
#3072 = CARTESIAN_POINT('',(-0.448317846839,-10.26273102893));
#3073 = CARTESIAN_POINT('',(-0.518091142737,-10.29604455111));
#3074 = CARTESIAN_POINT('',(-0.587859874319,-10.32935551741));
#3075 = CARTESIAN_POINT('',(-0.657631236679,-10.36266883858));
#3076 = CARTESIAN_POINT('',(-0.727411169358,-10.39598713827));
#3077 = CARTESIAN_POINT('',(-0.797196642054,-10.42930757137));
#3078 = CARTESIAN_POINT('',(-0.896274533939,-10.47661382816));
#3079 = CARTESIAN_POINT('',(-0.925581535509,-10.49060685503));
#3080 = CARTESIAN_POINT('',(-0.954888910381,-10.50460000609));
#3081 = CARTESIAN_POINT('',(-0.984197113004,-10.51859350456));
#3082 = CARTESIAN_POINT('',(-1.0135064823,-10.53258752585));
#3083 = CARTESIAN_POINT('',(-1.042817145267,-10.54658214844));
#3084 = CARTESIAN_POINT('',(-1.072128920585,-10.56057730474));
#3085 = CARTESIAN_POINT('',(-1.198603615458,-10.62096380748));
#3086 = CARTESIAN_POINT('',(-1.295821612614,-10.66738164891));
#3087 = CARTESIAN_POINT('',(-1.393006287428,-10.71378439868));
#3088 = CARTESIAN_POINT('',(-1.490169238757,-10.76017807459));
#3089 = CARTESIAN_POINT('',(-1.587334733971,-10.806573201));
#3090 = CARTESIAN_POINT('',(-1.684525693396,-10.85297959414));
#3091 = CARTESIAN_POINT('',(-1.781746821634,-10.89939928933));
#3092 = CARTESIAN_POINT('',(-1.981801258184,-10.99491655733));
#3093 = CARTESIAN_POINT('',(-2.084793991806,-11.04409014629));
#3094 = CARTESIAN_POINT('',(-2.187744031586,-11.09324272187));
#3095 = CARTESIAN_POINT('',(-2.290660329568,-11.14237949794));
#3096 = CARTESIAN_POINT('',(-2.393572305868,-11.19151593067));
#3097 = CARTESIAN_POINT('',(-2.496511227023,-11.24066686243));
#3098 = CARTESIAN_POINT('',(-2.599494835596,-11.28983987316));
#3099 = CARTESIAN_POINT('',(-2.808179514309,-11.38948328054));
#3100 = CARTESIAN_POINT('',(-2.91403901844,-11.44002932184));
#3101 = CARTESIAN_POINT('',(-3.019846960254,-11.49054976309));
#3102 = CARTESIAN_POINT('',(-3.125621036316,-11.54105221869));
#3103 = CARTESIAN_POINT('',(-3.231395925556,-11.59155332531));
#3104 = CARTESIAN_POINT('',(-3.337205794542,-11.64207161809));
#3105 = CARTESIAN_POINT('',(-3.443067621601,-11.69261597806));
#3106 = CARTESIAN_POINT('',(-3.602146087899,-11.76857045523));
#3107 = CARTESIAN_POINT('',(-3.65545391267,-11.7940234156));
#3108 = CARTESIAN_POINT('',(-3.708762471159,-11.81947690066));
#3109 = CARTESIAN_POINT('',(-3.762071786251,-11.84493079845));
#3110 = CARTESIAN_POINT('',(-3.815381609181,-11.87038488393));
#3111 = CARTESIAN_POINT('',(-3.868691419531,-11.89583881899));
#3112 = CARTESIAN_POINT('',(-3.922000425233,-11.92129215249));
#3113 = CARTESIAN_POINT('',(-4.025386964191,-11.9706553646));
#3114 = CARTESIAN_POINT('',(-4.075471726666,-11.99456858201));
#3115 = CARTESIAN_POINT('',(-4.125559279034,-12.01848317955));
#3116 = CARTESIAN_POINT('',(-4.175647664985,-12.04239847104));
#3117 = CARTESIAN_POINT('',(-4.225735542866,-12.06631387695));
#3118 = CARTESIAN_POINT('',(-4.275822185671,-12.09022892447));
#3119 = CARTESIAN_POINT('',(-4.325907481048,-12.11414324743));
#3120 = CARTESIAN_POINT('',(-4.482204335239,-12.18876879742));
#3121 = CARTESIAN_POINT('',(-4.588514406796,-12.23952680932));
#3122 = CARTESIAN_POINT('',(-4.694775803696,-12.29026649616));
#3123 = CARTESIAN_POINT('',(-4.80100350704,-12.3409853731));
#3124 = CARTESIAN_POINT('',(-4.907231754899,-12.39170395582));
#3125 = CARTESIAN_POINT('',(-5.01349431374,-12.44243947165));
#3126 = CARTESIAN_POINT('',(-5.119810298828,-12.49320173413));
#3127 = CARTESIAN_POINT('',(-5.294539627219,-12.57663029396));
#3128 = CARTESIAN_POINT('',(-5.363057592345,-12.60934611439));
#3129 = CARTESIAN_POINT('',(-5.431571106424,-12.64206000404));
#3130 = CARTESIAN_POINT('',(-5.500079480074,-12.6747713905));
#3131 = CARTESIAN_POINT('',(-5.568588326752,-12.70748269068));
#3132 = CARTESIAN_POINT('',(-5.637102816066,-12.74019617418));
#3133 = CARTESIAN_POINT('',(-5.705620927098,-12.77291082651));
#3134 = CARTESIAN_POINT('',(-5.837757174499,-12.8359998639));
#3135 = CARTESIAN_POINT('',(-5.901393422881,-12.86638293027));
#3136 = CARTESIAN_POINT('',(-5.965026570068,-12.89676427708));
#3137 = CARTESIAN_POINT('',(-6.028656495186,-12.92714403982));
#3138 = CARTESIAN_POINT('',(-6.092287142071,-12.95752432451));
#3139 = CARTESIAN_POINT('',(-6.155921828074,-12.9879069082));
#3140 = CARTESIAN_POINT('',(-6.219558552853,-13.01829093954));
#3141 = CARTESIAN_POINT('',(-6.28318530718,-13.04867063928));
#3142 = ( GEOMETRIC_REPRESENTATION_CONTEXT(2) 
PARAMETRIC_REPRESENTATION_CONTEXT() REPRESENTATION_CONTEXT('2D SPACE',''
  ) );
#3143 = ORIENTED_EDGE('',*,*,#3144,.T.);
#3144 = EDGE_CURVE('',#2889,#3145,#3147,.T.);
#3145 = VERTEX_POINT('',#3146);
#3146 = CARTESIAN_POINT('',(10.376202,55.4513259772,1.781760741482E-15)
  );
#3147 = SURFACE_CURVE('',#3148,(#3221,#3297),.PCURVE_S1.);
#3148 = B_SPLINE_CURVE_WITH_KNOTS('',8,(#3149,#3150,#3151,#3152,#3153,
    #3154,#3155,#3156,#3157,#3158,#3159,#3160,#3161,#3162,#3163,#3164,
    #3165,#3166,#3167,#3168,#3169,#3170,#3171,#3172,#3173,#3174,#3175,
    #3176,#3177,#3178,#3179,#3180,#3181,#3182,#3183,#3184,#3185,#3186,
    #3187,#3188,#3189,#3190,#3191,#3192,#3193,#3194,#3195,#3196,#3197,
    #3198,#3199,#3200,#3201,#3202,#3203,#3204,#3205,#3206,#3207,#3208,
    #3209,#3210,#3211,#3212,#3213,#3214,#3215,#3216,#3217,#3218,#3219,
    #3220),.UNSPECIFIED.,.F.,.F.,(9,7,7,7,7,7,7,7,7,7,9),(0.,
    0.137751245574,0.287264635319,0.335627115916,0.443515563962,
    0.528924558347,0.628628132181,0.730338804315,0.884537081213,
    0.923582985491,1.),.UNSPECIFIED.);
#3149 = CARTESIAN_POINT('',(10.376202,58.451329360717,3.225050297848E-15
    ));
#3150 = CARTESIAN_POINT('',(10.376202,58.401241344973,1.088500262098));
#3151 = CARTESIAN_POINT('',(10.24570174704,58.351108461557,
    2.177951236417));
#3152 = CARTESIAN_POINT('',(9.984304645706,58.300997036405,
    3.248649458054));
#3153 = CARTESIAN_POINT('',(9.595635891036,58.250901190611,
    4.282398221312));
#3154 = CARTESIAN_POINT('',(9.085751642165,58.20080711353,5.262040809317
    ));
#3155 = CARTESIAN_POINT('',(8.463386872122,58.150699680101,
    6.171622639462));
#3156 = CARTESIAN_POINT('',(7.739639378196,58.100569799671,
    6.996320426168));
#3157 = CARTESIAN_POINT('',(6.049978394276,57.9961157256,8.512301460724)
  );
#3158 = CARTESIAN_POINT('',(5.066864358376,57.941687876458,
    9.187794322935));
#3159 = CARTESIAN_POINT('',(3.998636623499,57.887295003161,
    9.732260596965));
#3160 = CARTESIAN_POINT('',(2.866000838736,57.832922434177,
    10.134081716824));
#3161 = CARTESIAN_POINT('',(1.690686505494,57.778547128409,
    10.38496447756));
#3162 = CARTESIAN_POINT('',(0.495544429443,57.724155024939,
    10.480602873077));
#3163 = CARTESIAN_POINT('',(-0.695714124492,57.669727114852,
    10.420052161902));
#3164 = CARTESIAN_POINT('',(-2.234110300695,57.597774477941,
    10.140038277621));
#3165 = CARTESIAN_POINT('',(-2.607265644346,57.580186678324,
    10.055759727768));
#3166 = CARTESIAN_POINT('',(-2.976760738159,57.562598826634,
    9.955796301292));
#3167 = CARTESIAN_POINT('',(-3.341805767552,57.545012074011,
    9.840342797848));
#3168 = CARTESIAN_POINT('',(-3.701640093052,57.52742678795,
    9.709632826305));
#3169 = CARTESIAN_POINT('',(-4.055532250293,57.509842552303,
    9.563938804744));
#3170 = CARTESIAN_POINT('',(-4.40277995002,57.492258167279,
    9.403571960456));
#3171 = CARTESIAN_POINT('',(-5.50103623316,57.435439126789,
    8.839179550179));
#3172 = CARTESIAN_POINT('',(-6.222998404661,57.396193934973,
    8.378144416506));
#3173 = CARTESIAN_POINT('',(-6.900405331634,57.356954463384,
    7.849895488424));
#3174 = CARTESIAN_POINT('',(-7.526026572504,57.317721529676,
    7.259567274175));
#3175 = CARTESIAN_POINT('',(-8.093432659892,57.278489291463,
    6.613080235364));
#3176 = CARTESIAN_POINT('',(-8.596935897625,57.239251104799,
    5.917072031628));
#3177 = CARTESIAN_POINT('',(-9.031663162942,57.200006153393,
    5.178955250275));
#3178 = CARTESIAN_POINT('',(-9.680468425927,57.129713813028,
    3.796007833217));
#3179 = CARTESIAN_POINT('',(-9.921781228923,57.098647771823,
    3.163500391837));
#3180 = CARTESIAN_POINT('',(-10.11578205391,57.067581315901,
    2.513607722797));
#3181 = CARTESIAN_POINT('',(-10.26104124995,57.03651591467,
    1.850495596319));
#3182 = CARTESIAN_POINT('',(-10.35657547732,57.005450277617,
    1.178410811879));
#3183 = CARTESIAN_POINT('',(-10.40182209354,56.974382887908,
    0.501670166329));
#3184 = CARTESIAN_POINT('',(-10.39666039504,56.943314531952,-0.17534005)
  );
#3185 = CARTESIAN_POINT('',(-10.27706365297,56.875988102984,
    -1.633574332264));
#3186 = CARTESIAN_POINT('',(-10.14445859995,56.839717558596,
    -2.413588580247));
#3187 = CARTESIAN_POINT('',(-9.944200754141,56.80345104941,
    -3.181015982879));
#3188 = CARTESIAN_POINT('',(-9.677761220893,56.767189268224,
    -3.929024146361));
#3189 = CARTESIAN_POINT('',(-9.347379572216,56.730927348643,
    -4.65107628181));
#3190 = CARTESIAN_POINT('',(-8.956005154007,56.694660458433,
    -5.340922558385));
#3191 = CARTESIAN_POINT('',(-8.507346140658,56.65838938055,
    -5.992635601094));
#3192 = CARTESIAN_POINT('',(-7.494614637089,56.585132779134,
    -7.220985201841));
#3193 = CARTESIAN_POINT('',(-6.902497622113,56.54627380046,
    -7.827267313133));
#3194 = CARTESIAN_POINT('',(-6.234921808974,56.506292692372,
    -8.39341098973));
#3195 = CARTESIAN_POINT('',(-5.501475594674,56.465648810431,
    -8.900741047455));
#3196 = CARTESIAN_POINT('',(-4.714618387481,56.424676865473,
    -9.336008436147));
#3197 = CARTESIAN_POINT('',(-3.88883818022,56.383661657162,
    -9.690301299392));
#3198 = CARTESIAN_POINT('',(-3.040447518446,56.342893136712,
    -9.958999932085));
#3199 = CARTESIAN_POINT('',(-0.895718498831,56.241933695334,
    -10.42166189367));
#3200 = CARTESIAN_POINT('',(0.439620794725,56.180987750629,
    -10.51278746313));
#3201 = CARTESIAN_POINT('',(1.7823318255,56.120111143152,-10.40728894822
    ));
#3202 = CARTESIAN_POINT('',(3.099105741149,56.059268956922,
    -10.10677213968));
#3203 = CARTESIAN_POINT('',(4.35798844577,55.998419926317,
    -9.617493595545));
#3204 = CARTESIAN_POINT('',(5.52899480983,55.937540062033,
    -8.952192714456));
#3205 = CARTESIAN_POINT('',(6.583674657468,55.876596292509,
    -8.128258050494));
#3206 = CARTESIAN_POINT('',(7.729008887912,55.800358879467,
    -6.931093491763));
#3207 = CARTESIAN_POINT('',(7.951544870217,55.784952410374,
    -6.680631217095));
#3208 = CARTESIAN_POINT('',(8.164785338464,55.769546242167,
    -6.42202088054));
#3209 = CARTESIAN_POINT('',(8.368366023704,55.754141678701,
    -6.155689834359));
#3210 = CARTESIAN_POINT('',(8.561963661365,55.738738857637,
    -5.882066868034));
#3211 = CARTESIAN_POINT('',(8.745289987221,55.723336919121,
    -5.601577723098));
#3212 = CARTESIAN_POINT('',(8.91808573336,55.707934174459,
    -5.314640607957));
#3213 = CARTESIAN_POINT('',(9.397222508506,55.662377279949,
    -4.448270651584));
#3214 = CARTESIAN_POINT('',(9.67296239041,55.632226073736,
    -3.851970306331));
#3215 = CARTESIAN_POINT('',(9.905368407059,55.602075682029,
    -3.23630217508));
#3216 = CARTESIAN_POINT('',(10.092891199497,55.571925922261,
    -2.604938612623));
#3217 = CARTESIAN_POINT('',(10.234351119183,55.541775584561,
    -1.96166884839));
#3218 = CARTESIAN_POINT('',(10.328930072042,55.511623633525,
    -1.310393070982));
#3219 = CARTESIAN_POINT('',(10.376202,55.481471430619,-0.655124579257));
#3220 = CARTESIAN_POINT('',(10.376202,55.4513259772,5.40390208138E-18));
#3221 = PCURVE('',#712,#3222);
#3222 = DEFINITIONAL_REPRESENTATION('',(#3223),#3296);
#3223 = B_SPLINE_CURVE_WITH_KNOTS('',8,(#3224,#3225,#3226,#3227,#3228,
    #3229,#3230,#3231,#3232,#3233,#3234,#3235,#3236,#3237,#3238,#3239,
    #3240,#3241,#3242,#3243,#3244,#3245,#3246,#3247,#3248,#3249,#3250,
    #3251,#3252,#3253,#3254,#3255,#3256,#3257,#3258,#3259,#3260,#3261,
    #3262,#3263,#3264,#3265,#3266,#3267,#3268,#3269,#3270,#3271,#3272,
    #3273,#3274,#3275,#3276,#3277,#3278,#3279,#3280,#3281,#3282,#3283,
    #3284,#3285,#3286,#3287,#3288,#3289,#3290,#3291,#3292,#3293,#3294,
    #3295),.UNSPECIFIED.,.F.,.F.,(9,7,7,7,7,7,7,7,7,7,9),(0.,
    0.137751245574,0.287264635319,0.335627115916,0.443515563962,
    0.528924558347,0.628628132181,0.730338804315,0.884537081213,
    0.923582985491,1.),.UNSPECIFIED.);
#3224 = CARTESIAN_POINT('',(1.975168517706,27.850577755479));
#3225 = CARTESIAN_POINT('',(1.97516904657,27.966825445932));
#3226 = CARTESIAN_POINT('',(1.975171788099,28.083174531321));
#3227 = CARTESIAN_POINT('',(1.97517647261,28.199471414008));
#3228 = CARTESIAN_POINT('',(1.975181564282,28.315731640513));
#3229 = CARTESIAN_POINT('',(1.9751838599,28.431991221364));
#3230 = CARTESIAN_POINT('',(1.975182736155,28.548286029694));
#3231 = CARTESIAN_POINT('',(1.975179972048,28.664634963973));
#3232 = CARTESIAN_POINT('',(1.975174061115,28.907067807042));
#3233 = CARTESIAN_POINT('',(1.975170863213,29.03339235072));
#3234 = CARTESIAN_POINT('',(1.97516988684,29.159632969372));
#3235 = CARTESIAN_POINT('',(1.975171974775,29.285822661547));
#3236 = CARTESIAN_POINT('',(1.975179039673,29.412012542582));
#3237 = CARTESIAN_POINT('',(1.975176501137,29.538253235113));
#3238 = CARTESIAN_POINT('',(1.975174609917,29.664576295802));
#3239 = CARTESIAN_POINT('',(1.975174636301,29.831569851487));
#3240 = CARTESIAN_POINT('',(1.975175050405,29.872388552819));
#3241 = CARTESIAN_POINT('',(1.975175463008,29.913207378457));
#3242 = CARTESIAN_POINT('',(1.975175628641,29.954023958651));
#3243 = CARTESIAN_POINT('',(1.975175465524,29.994837540536));
#3244 = CARTESIAN_POINT('',(1.975175055566,30.035648988131));
#3245 = CARTESIAN_POINT('',(1.975174644362,30.076460782337));
#3246 = CARTESIAN_POINT('',(1.975174634135,30.208331089788));
#3247 = CARTESIAN_POINT('',(1.975175626149,30.299413314036));
#3248 = CARTESIAN_POINT('',(1.975177039187,30.390481715308));
#3249 = CARTESIAN_POINT('',(1.975176270879,30.481537618212));
#3250 = CARTESIAN_POINT('',(1.975174059415,30.572593687252));
#3251 = CARTESIAN_POINT('',(1.975172490728,30.663662778828));
#3252 = CARTESIAN_POINT('',(1.975171814615,30.754746481653));
#3253 = CARTESIAN_POINT('',(1.975172570384,30.917885737598));
#3254 = CARTESIAN_POINT('',(1.975173568093,30.989985111961));
#3255 = CARTESIAN_POINT('',(1.975175277164,31.062084577214));
#3256 = CARTESIAN_POINT('',(1.975177391004,31.134181098565));
#3257 = CARTESIAN_POINT('',(1.975179442506,31.206278244088));
#3258 = CARTESIAN_POINT('',(1.975180976621,31.278380092643));
#3259 = CARTESIAN_POINT('',(1.975181701826,31.350485176921));
#3260 = CARTESIAN_POINT('',(1.975181525553,31.506742060628));
#3261 = CARTESIAN_POINT('',(1.975180335688,31.590923158596));
#3262 = CARTESIAN_POINT('',(1.975177947244,31.675096362237));
#3263 = CARTESIAN_POINT('',(1.975174832517,31.759259483055));
#3264 = CARTESIAN_POINT('',(1.975171744321,31.84342289069));
#3265 = CARTESIAN_POINT('',(1.975169430203,31.927596882681));
#3266 = CARTESIAN_POINT('',(1.975168356322,32.011779070647));
#3267 = CARTESIAN_POINT('',(1.975168527358,32.181798745634));
#3268 = CARTESIAN_POINT('',(1.975169839733,32.271984217092));
#3269 = CARTESIAN_POINT('',(1.975172549977,32.364772304462));
#3270 = CARTESIAN_POINT('',(1.975176358101,32.459097268925));
#3271 = CARTESIAN_POINT('',(1.975179867138,32.554184003405));
#3272 = CARTESIAN_POINT('',(1.975181778751,32.649373112636));
#3273 = CARTESIAN_POINT('',(1.975182046981,32.743991701923));
#3274 = CARTESIAN_POINT('',(1.975179733699,32.978309452892));
#3275 = CARTESIAN_POINT('',(1.975175482583,33.119762973632));
#3276 = CARTESIAN_POINT('',(1.975170465665,33.261056466397));
#3277 = CARTESIAN_POINT('',(1.975166266775,33.402269023377));
#3278 = CARTESIAN_POINT('',(1.975175015416,33.543481527037));
#3279 = CARTESIAN_POINT('',(1.975177931661,33.684772928833));
#3280 = CARTESIAN_POINT('',(1.975176005492,33.826218923655));
#3281 = CARTESIAN_POINT('',(1.975174535398,34.003158991415));
#3282 = CARTESIAN_POINT('',(1.975174270016,34.038915915808));
#3283 = CARTESIAN_POINT('',(1.975174132145,34.074672013632));
#3284 = CARTESIAN_POINT('',(1.975174219728,34.11042411161));
#3285 = CARTESIAN_POINT('',(1.975174573612,34.146171771851));
#3286 = CARTESIAN_POINT('',(1.975175118375,34.181917030293));
#3287 = CARTESIAN_POINT('',(1.975175603133,34.217664135164));
#3288 = CARTESIAN_POINT('',(1.97517542344,34.323395942039));
#3289 = CARTESIAN_POINT('',(1.975174124457,34.393374872853));
#3290 = CARTESIAN_POINT('',(1.975174500341,34.463349995926));
#3291 = CARTESIAN_POINT('',(1.975175755344,34.533322614446));
#3292 = CARTESIAN_POINT('',(1.975176502867,34.603297194821));
#3293 = CARTESIAN_POINT('',(1.975176312523,34.673276648738));
#3294 = CARTESIAN_POINT('',(1.975175744416,34.743257119161));
#3295 = CARTESIAN_POINT('',(1.975174870659,34.813222270281));
#3296 = ( GEOMETRIC_REPRESENTATION_CONTEXT(2) 
PARAMETRIC_REPRESENTATION_CONTEXT() REPRESENTATION_CONTEXT('2D SPACE',''
  ) );
#3297 = PCURVE('',#3298,#3303);
#3298 = CYLINDRICAL_SURFACE('',#3299,10.376202);
#3299 = AXIS2_PLACEMENT_3D('',#3300,#3301,#3302);
#3300 = CARTESIAN_POINT('',(0.,71.5,0.));
#3301 = DIRECTION('',(-0.,1.,-1.110223024625E-16));
#3302 = DIRECTION('',(1.,0.,0.));
#3303 = DEFINITIONAL_REPRESENTATION('',(#3304),#3377);
#3304 = B_SPLINE_CURVE_WITH_KNOTS('',8,(#3305,#3306,#3307,#3308,#3309,
    #3310,#3311,#3312,#3313,#3314,#3315,#3316,#3317,#3318,#3319,#3320,
    #3321,#3322,#3323,#3324,#3325,#3326,#3327,#3328,#3329,#3330,#3331,
    #3332,#3333,#3334,#3335,#3336,#3337,#3338,#3339,#3340,#3341,#3342,
    #3343,#3344,#3345,#3346,#3347,#3348,#3349,#3350,#3351,#3352,#3353,
    #3354,#3355,#3356,#3357,#3358,#3359,#3360,#3361,#3362,#3363,#3364,
    #3365,#3366,#3367,#3368,#3369,#3370,#3371,#3372,#3373,#3374,#3375,
    #3376),.UNSPECIFIED.,.F.,.F.,(9,7,7,7,7,7,7,7,7,7,9),(0.,
    0.137751245574,0.287264635319,0.335627115916,0.443515563962,
    0.528924558347,0.628628132181,0.730338804315,0.884537081213,
    0.923582985491,1.),.UNSPECIFIED.);
#3305 = CARTESIAN_POINT('',(0.,-13.04867063928));
#3306 = CARTESIAN_POINT('',(-0.10490353427,-13.09875865502));
#3307 = CARTESIAN_POINT('',(-0.209898556246,-13.14889153844));
#3308 = CARTESIAN_POINT('',(-0.314846397366,-13.19900296359));
#3309 = CARTESIAN_POINT('',(-0.41976103642,-13.24909880938));
#3310 = CARTESIAN_POINT('',(-0.524675034742,-13.29919288647));
#3311 = CARTESIAN_POINT('',(-0.629621003588,-13.34930031989));
#3312 = CARTESIAN_POINT('',(-0.734616013159,-13.39943020032));
#3313 = CARTESIAN_POINT('',(-0.953391213219,-13.5038842744));
#3314 = CARTESIAN_POINT('',(-1.067388574765,-13.55831212354));
#3315 = CARTESIAN_POINT('',(-1.181310165189,-13.61270499683));
#3316 = CARTESIAN_POINT('',(-1.295185500543,-13.66707756582));
#3317 = CARTESIAN_POINT('',(-1.409060189543,-13.72145287159));
#3318 = CARTESIAN_POINT('',(-1.522980196149,-13.77584497506));
#3319 = CARTESIAN_POINT('',(-1.636975919146,-13.83027288514));
#3320 = CARTESIAN_POINT('',(-1.787673847237,-13.90222552205));
#3321 = CARTESIAN_POINT('',(-1.824509333091,-13.91981332167));
#3322 = CARTESIAN_POINT('',(-1.861344923337,-13.93740117336));
#3323 = CARTESIAN_POINT('',(-1.898178494178,-13.95498792598));
#3324 = CARTESIAN_POINT('',(-1.935009373711,-13.97257321205));
#3325 = CARTESIAN_POINT('',(-1.971838341927,-13.99015744769));
#3326 = CARTESIAN_POINT('',(-2.008667630708,-14.00774183272));
#3327 = CARTESIAN_POINT('',(-2.127669720439,-14.06456087321));
#3328 = CARTESIAN_POINT('',(-2.209863696789,-14.10380606502));
#3329 = CARTESIAN_POINT('',(-2.292044620271,-14.14304553661));
#3330 = CARTESIAN_POINT('',(-2.374214096167,-14.18227847032));
#3331 = CARTESIAN_POINT('',(-2.456383883342,-14.22151070853));
#3332 = CARTESIAN_POINT('',(-2.538565662068,-14.2607488952));
#3333 = CARTESIAN_POINT('',(-2.620760827122,-14.2999938466));
#3334 = CARTESIAN_POINT('',(-2.767980118941,-14.37028618697));
#3335 = CARTESIAN_POINT('',(-2.833043744499,-14.40135222817));
#3336 = CARTESIAN_POINT('',(-2.898107490878,-14.43241868409));
#3337 = CARTESIAN_POINT('',(-2.963168565322,-14.46348408533));
#3338 = CARTESIAN_POINT('',(-3.028230147724,-14.49454972238));
#3339 = CARTESIAN_POINT('',(-3.093295906344,-14.52561711209));
#3340 = CARTESIAN_POINT('',(-3.158364528839,-14.55668546804));
#3341 = CARTESIAN_POINT('',(-3.299372810295,-14.62401189701));
#3342 = CARTESIAN_POINT('',(-3.375338894822,-14.6602824414));
#3343 = CARTESIAN_POINT('',(-3.451297829423,-14.69654895059));
#3344 = CARTESIAN_POINT('',(-3.527247685896,-14.73281073177));
#3345 = CARTESIAN_POINT('',(-3.603197851422,-14.76907265135));
#3346 = CARTESIAN_POINT('',(-3.679157616158,-14.80533954156));
#3347 = CARTESIAN_POINT('',(-3.755124797629,-14.84161061945));
#3348 = CARTESIAN_POINT('',(-3.908552921524,-14.91486722086));
#3349 = CARTESIAN_POINT('',(-3.989937544625,-14.95372619954));
#3350 = CARTESIAN_POINT('',(-4.073670781153,-14.99370730762));
#3351 = CARTESIAN_POINT('',(-4.158790845547,-15.03435118956));
#3352 = CARTESIAN_POINT('',(-4.244598274574,-15.07532313452));
#3353 = CARTESIAN_POINT('',(-4.330498085177,-15.11633834283));
#3354 = CARTESIAN_POINT('',(-4.415883126529,-15.15710686328));
#3355 = CARTESIAN_POINT('',(-4.627334716933,-15.25806630466));
#3356 = CARTESIAN_POINT('',(-4.754984539522,-15.31901224937));
#3357 = CARTESIAN_POINT('',(-4.882490222271,-15.37988885684));
#3358 = CARTESIAN_POINT('',(-5.009923006312,-15.44073104307));
#3359 = CARTESIAN_POINT('',(-5.137355252494,-15.50158007368));
#3360 = CARTESIAN_POINT('',(-5.264857020308,-15.56245993796));
#3361 = CARTESIAN_POINT('',(-5.392499085571,-15.62340370749));
#3362 = CARTESIAN_POINT('',(-5.55217236342,-15.69964112053));
#3363 = CARTESIAN_POINT('',(-5.584439927763,-15.71504758962));
#3364 = CARTESIAN_POINT('',(-5.616706879051,-15.73045375783));
#3365 = CARTESIAN_POINT('',(-5.648970318936,-15.74585832129));
#3366 = CARTESIAN_POINT('',(-5.681229737859,-15.76126114236));
#3367 = CARTESIAN_POINT('',(-5.713486868668,-15.77666308087));
#3368 = CARTESIAN_POINT('',(-5.745745540235,-15.79206582554));
#3369 = CARTESIAN_POINT('',(-5.84115952918,-15.83762272005));
#3370 = CARTESIAN_POINT('',(-5.904310043189,-15.86777392626));
#3371 = CARTESIAN_POINT('',(-5.967456923887,-15.89792431797));
#3372 = CARTESIAN_POINT('',(-6.030601203562,-15.92807407773));
#3373 = CARTESIAN_POINT('',(-6.093747003596,-15.95822441543));
#3374 = CARTESIAN_POINT('',(-6.156897091045,-15.98837636647));
#3375 = CARTESIAN_POINT('',(-6.220048084209,-16.01852856938));
#3376 = CARTESIAN_POINT('',(-6.28318530718,-16.0486740228));
#3377 = ( GEOMETRIC_REPRESENTATION_CONTEXT(2) 
PARAMETRIC_REPRESENTATION_CONTEXT() REPRESENTATION_CONTEXT('2D SPACE',''
  ) );
#3378 = ORIENTED_EDGE('',*,*,#3379,.T.);
#3379 = EDGE_CURVE('',#3145,#3380,#3382,.T.);
#3380 = VERTEX_POINT('',#3381);
#3381 = CARTESIAN_POINT('',(10.376202,52.451326900496,2.114827546363E-15
    ));
#3382 = SURFACE_CURVE('',#3383,(#3449,#3518),.PCURVE_S1.);
#3383 = B_SPLINE_CURVE_WITH_KNOTS('',8,(#3384,#3385,#3386,#3387,#3388,
    #3389,#3390,#3391,#3392,#3393,#3394,#3395,#3396,#3397,#3398,#3399,
    #3400,#3401,#3402,#3403,#3404,#3405,#3406,#3407,#3408,#3409,#3410,
    #3411,#3412,#3413,#3414,#3415,#3416,#3417,#3418,#3419,#3420,#3421,
    #3422,#3423,#3424,#3425,#3426,#3427,#3428,#3429,#3430,#3431,#3432,
    #3433,#3434,#3435,#3436,#3437,#3438,#3439,#3440,#3441,#3442,#3443,
    #3444,#3445,#3446,#3447,#3448),.UNSPECIFIED.,.F.,.F.,(9,7,7,7,7,7,7,
    7,7,9),(0.,0.107367041466,0.231241055152,0.333703082904,
    0.469965612996,0.569224517879,0.661940003373,0.759124740639,
    0.872025915312,1.),.UNSPECIFIED.);
#3384 = CARTESIAN_POINT('',(10.376202,55.4513259772,5.40390208138E-18));
#3385 = CARTESIAN_POINT('',(10.376202,55.411077349533,0.874687963708));
#3386 = CARTESIAN_POINT('',(10.291934533606,55.370814708405,
    1.749686314372));
#3387 = CARTESIAN_POINT('',(10.123295169319,55.330559920854,
    2.615039882093));
#3388 = CARTESIAN_POINT('',(9.871716353942,55.290311638589,
    3.461270184004));
#3389 = CARTESIAN_POINT('',(9.539758497622,55.250063370621,
    4.279293005331));
#3390 = CARTESIAN_POINT('',(9.13110854426,55.209808854683,5.060437032691
    ));
#3391 = CARTESIAN_POINT('',(8.650542295251,55.169545738839,
    5.796455469273));
#3392 = CARTESIAN_POINT('',(7.474021228699,55.082850319094,
    7.267954591385));
#3393 = CARTESIAN_POINT('',(6.755788077236,55.036382760446,
    7.986609212428));
#3394 = CARTESIAN_POINT('',(5.959059040465,54.989931927853,
    8.623434034347));
#3395 = CARTESIAN_POINT('',(5.094914749272,54.943492989061,
    9.168740151861));
#3396 = CARTESIAN_POINT('',(4.175459015928,54.897053428877,
    9.614561472431));
#3397 = CARTESIAN_POINT('',(3.213849081568,54.85060081807,9.954799135633
    ));
#3398 = CARTESIAN_POINT('',(2.224212087362,54.804131636407,
    10.185133648292));
#3399 = CARTESIAN_POINT('',(0.393075214379,54.719280009823,
    10.402302078543));
#3400 = CARTESIAN_POINT('',(-0.445243750054,54.680851962507,
    10.424435932057));
#3401 = CARTESIAN_POINT('',(-1.284361099484,54.642426898548,
    10.369273547252));
#3402 = CARTESIAN_POINT('',(-2.115924076582,54.604005811924,
    10.236982982568));
#3403 = CARTESIAN_POINT('',(-2.931792082085,54.565584995284,
    10.028759567072));
#3404 = CARTESIAN_POINT('',(-3.724029757655,54.527160161065,
    9.746733546867));
#3405 = CARTESIAN_POINT('',(-4.484927695548,54.488730710879,
    9.39404274131));
#3406 = CARTESIAN_POINT('',(-6.167464990684,54.399222621449,
    8.417881820364));
#3407 = CARTESIAN_POINT('',(-7.060587500071,54.348086288781,
    7.74273711827));
#3408 = CARTESIAN_POINT('',(-7.868102619579,54.296976263996,
    6.959779482778));
#3409 = CARTESIAN_POINT('',(-8.575313473857,54.245883087249,
    6.082104620688));
#3410 = CARTESIAN_POINT('',(-9.169795916718,54.194787471259,
    5.124484112588));
#3411 = CARTESIAN_POINT('',(-9.641726012758,54.143673783627,
    4.103528786335));
#3412 = CARTESIAN_POINT('',(-9.983611178077,54.092534886929,
    3.037419591916));
#3413 = CARTESIAN_POINT('',(-10.34368487468,54.004224284478,
    1.152356480603));
#3414 = CARTESIAN_POINT('',(-10.42470118134,53.966996606742,
    0.344187180335));
#3415 = CARTESIAN_POINT('',(-10.43345908642,53.929777638163,
    -0.470049907553));
#3416 = CARTESIAN_POINT('',(-10.36955075793,53.892557734005,
    -1.282802141812));
#3417 = CARTESIAN_POINT('',(-10.23347374515,53.855338316651,
    -2.086619885267));
#3418 = CARTESIAN_POINT('',(-10.02656434661,53.81812047922,
    -2.874158339088));
#3419 = CARTESIAN_POINT('',(-9.751063113096,53.780893836259,
    -3.63819856439));
#3420 = CARTESIAN_POINT('',(-9.092001631448,53.708912558558,
    -5.056858976205));
#3421 = CARTESIAN_POINT('',(-8.716672042953,53.674146464143,
    -5.71556705401));
#3422 = CARTESIAN_POINT('',(-8.286932367616,53.639384723751,
    -6.342161659979));
#3423 = CARTESIAN_POINT('',(-7.806022475205,53.604626316493,
    -6.931469281122));
#3424 = CARTESIAN_POINT('',(-7.277709098531,53.56986652646,
    -7.478737866877));
#3425 = CARTESIAN_POINT('',(-6.70625987938,53.535101310209,
    -7.979625141199));
#3426 = CARTESIAN_POINT('',(-6.096483698555,53.500332160533,
    -8.430249012752));
#3427 = CARTESIAN_POINT('',(-4.780212792047,53.429135170081,
    -9.243490579937));
#3428 = CARTESIAN_POINT('',(-4.070064966325,53.39268641106,
    -9.601071108419));
#3429 = CARTESIAN_POINT('',(-3.329603507736,53.35623903653,
    -9.896114474844));
#3430 = CARTESIAN_POINT('',(-2.565317949095,53.319795417644,
    -10.12569541742));
#3431 = CARTESIAN_POINT('',(-1.783914563006,53.283352016647,
    -10.28771093108));
#3432 = CARTESIAN_POINT('',(-0.992286009733,53.246904975053,
    -10.38081995285));
#3433 = CARTESIAN_POINT('',(-0.197513731052,53.210455722988,
    -10.40450240798));
#3434 = CARTESIAN_POINT('',(1.511562839663,53.131684667368,
    -10.30665273309));
#3435 = CARTESIAN_POINT('',(2.425117338703,53.08933421121,
    -10.16097810302));
#3436 = CARTESIAN_POINT('',(3.322132059751,53.046993379301,
    -9.922731663795));
#3437 = CARTESIAN_POINT('',(4.191701969793,53.004660328935,
    -9.594304359808));
#3438 = CARTESIAN_POINT('',(5.023482571202,52.962326939028,
    -9.179415508284));
#3439 = CARTESIAN_POINT('',(5.807727805668,52.919985407272,
    -8.683135593285));
#3440 = CARTESIAN_POINT('',(6.535294716869,52.877633942425,
    -8.111832869791));
#3441 = CARTESIAN_POINT('',(7.949007666513,52.787313843813,
    -6.75027805581));
#3442 = CARTESIAN_POINT('',(8.617570704152,52.73929175673,
    -5.940096466349));
#3443 = CARTESIAN_POINT('',(9.190962593378,52.691289563789,
    -5.054860448755));
#3444 = CARTESIAN_POINT('',(9.659758604178,52.643303217293,
    -4.107862031089));
#3445 = CARTESIAN_POINT('',(10.016607588236,52.595320437631,
    -3.113298253393));
#3446 = CARTESIAN_POINT('',(10.256419784658,52.54732619813,
    -2.086306947239));
#3447 = CARTESIAN_POINT('',(10.376202,52.499312679179,-1.042843564704));
#3448 = CARTESIAN_POINT('',(10.376202,52.451326900496,1.277296858276E-14
    ));
#3449 = PCURVE('',#712,#3450);
#3450 = DEFINITIONAL_REPRESENTATION('',(#3451),#3517);
#3451 = B_SPLINE_CURVE_WITH_KNOTS('',8,(#3452,#3453,#3454,#3455,#3456,
    #3457,#3458,#3459,#3460,#3461,#3462,#3463,#3464,#3465,#3466,#3467,
    #3468,#3469,#3470,#3471,#3472,#3473,#3474,#3475,#3476,#3477,#3478,
    #3479,#3480,#3481,#3482,#3483,#3484,#3485,#3486,#3487,#3488,#3489,
    #3490,#3491,#3492,#3493,#3494,#3495,#3496,#3497,#3498,#3499,#3500,
    #3501,#3502,#3503,#3504,#3505,#3506,#3507,#3508,#3509,#3510,#3511,
    #3512,#3513,#3514,#3515,#3516),.UNSPECIFIED.,.F.,.F.,(9,7,7,7,7,7,7,
    7,7,9),(0.,0.107367041466,0.231241055152,0.333703082904,
    0.469965612996,0.569224517879,0.661940003373,0.759124740639,
    0.872025915312,1.),.UNSPECIFIED.);
#3452 = CARTESIAN_POINT('',(1.975174870659,34.813222270281));
#3453 = CARTESIAN_POINT('',(1.975173704064,34.906636068971));
#3454 = CARTESIAN_POINT('',(1.975172089406,35.000082887659));
#3455 = CARTESIAN_POINT('',(1.975170764505,35.093511070773));
#3456 = CARTESIAN_POINT('',(1.975171043161,35.186922159161));
#3457 = CARTESIAN_POINT('',(1.975173204512,35.280330897077));
#3458 = CARTESIAN_POINT('',(1.975176067037,35.373753286729));
#3459 = CARTESIAN_POINT('',(1.975178624247,35.467196030278));
#3460 = CARTESIAN_POINT('',(1.97518210668,35.668401514063));
#3461 = CARTESIAN_POINT('',(1.975182722345,35.776246463249));
#3462 = CARTESIAN_POINT('',(1.975181147511,35.884055311356));
#3463 = CARTESIAN_POINT('',(1.975177131108,35.991839570362));
#3464 = CARTESIAN_POINT('',(1.975172367748,36.099626184475));
#3465 = CARTESIAN_POINT('',(1.97516905618,36.20744128496));
#3466 = CARTESIAN_POINT('',(1.975167888402,36.315292189565));
#3467 = CARTESIAN_POINT('',(1.975169183032,36.512221150874));
#3468 = CARTESIAN_POINT('',(1.975171051846,36.601405779655));
#3469 = CARTESIAN_POINT('',(1.975174046984,36.690582092543));
#3470 = CARTESIAN_POINT('',(1.975177528726,36.779748574901));
#3471 = CARTESIAN_POINT('',(1.97518044382,36.868915133242));
#3472 = CARTESIAN_POINT('',(1.975181978526,36.958092723943));
#3473 = CARTESIAN_POINT('',(1.975182076908,37.047282804607));
#3474 = CARTESIAN_POINT('',(1.975179815609,37.255023275698));
#3475 = CARTESIAN_POINT('',(1.975176618105,37.373708601867));
#3476 = CARTESIAN_POINT('',(1.975172513112,37.492333992574));
#3477 = CARTESIAN_POINT('',(1.975169316818,37.610919153427));
#3478 = CARTESIAN_POINT('',(1.975170982137,37.72950396304));
#3479 = CARTESIAN_POINT('',(1.975174285397,37.84812866702));
#3480 = CARTESIAN_POINT('',(1.975175703907,37.96681419586));
#3481 = CARTESIAN_POINT('',(1.975175817054,38.171772455962));
#3482 = CARTESIAN_POINT('',(1.975176205187,38.258172992163));
#3483 = CARTESIAN_POINT('',(1.975170616864,38.344560710784));
#3484 = CARTESIAN_POINT('',(1.975175532024,38.43093768217));
#3485 = CARTESIAN_POINT('',(1.975179425787,38.517314779243));
#3486 = CARTESIAN_POINT('',(1.975172603375,38.603701402573));
#3487 = CARTESIAN_POINT('',(1.975174471311,38.690097760408));
#3488 = CARTESIAN_POINT('',(1.975175580175,38.857156419299));
#3489 = CARTESIAN_POINT('',(1.97517632913,38.937843470509));
#3490 = CARTESIAN_POINT('',(1.97517617533,39.01852151553));
#3491 = CARTESIAN_POINT('',(1.975174988185,39.099193093846));
#3492 = CARTESIAN_POINT('',(1.975173331171,39.179868464689));
#3493 = CARTESIAN_POINT('',(1.975172058614,39.260555963753));
#3494 = CARTESIAN_POINT('',(1.975171800781,39.341251349478));
#3495 = CARTESIAN_POINT('',(1.975172899641,39.506489771049));
#3496 = CARTESIAN_POINT('',(1.975174366508,39.591081220453));
#3497 = CARTESIAN_POINT('',(1.975176780581,39.675668295522));
#3498 = CARTESIAN_POINT('',(1.975179449374,39.76024634216));
#3499 = CARTESIAN_POINT('',(1.975181525926,39.844824610366));
#3500 = CARTESIAN_POINT('',(1.975182408886,39.929412793337));
#3501 = CARTESIAN_POINT('',(1.975181961994,40.014007739032));
#3502 = CARTESIAN_POINT('',(1.975178916022,40.196829767333));
#3503 = CARTESIAN_POINT('',(1.975175959788,40.295123787495));
#3504 = CARTESIAN_POINT('',(1.975172168842,40.393396493917));
#3505 = CARTESIAN_POINT('',(1.975168666996,40.491650783016));
#3506 = CARTESIAN_POINT('',(1.97516693832,40.589903680691));
#3507 = CARTESIAN_POINT('',(1.975167377575,40.68817281374));
#3508 = CARTESIAN_POINT('',(1.975169396475,40.786463064967));
#3509 = CARTESIAN_POINT('',(1.975175181048,40.996078216586));
#3510 = CARTESIAN_POINT('',(1.97517914892,41.107526928949));
#3511 = CARTESIAN_POINT('',(1.975182702603,41.218929985643));
#3512 = CARTESIAN_POINT('',(1.975184082722,41.330298938012));
#3513 = CARTESIAN_POINT('',(1.975181960447,41.441663907669));
#3514 = CARTESIAN_POINT('',(1.975178315136,41.553057316812));
#3515 = CARTESIAN_POINT('',(1.975175182623,41.664494811987));
#3516 = CARTESIAN_POINT('',(1.975173373348,41.77586629032));
#3517 = ( GEOMETRIC_REPRESENTATION_CONTEXT(2) 
PARAMETRIC_REPRESENTATION_CONTEXT() REPRESENTATION_CONTEXT('2D SPACE',''
  ) );
#3518 = PCURVE('',#3519,#3524);
#3519 = CYLINDRICAL_SURFACE('',#3520,10.376202);
#3520 = AXIS2_PLACEMENT_3D('',#3521,#3522,#3523);
#3521 = CARTESIAN_POINT('',(0.,71.5,0.));
#3522 = DIRECTION('',(-0.,1.,-1.110223024625E-16));
#3523 = DIRECTION('',(1.,0.,0.));
#3524 = DEFINITIONAL_REPRESENTATION('',(#3525),#3591);
#3525 = B_SPLINE_CURVE_WITH_KNOTS('',8,(#3526,#3527,#3528,#3529,#3530,
    #3531,#3532,#3533,#3534,#3535,#3536,#3537,#3538,#3539,#3540,#3541,
    #3542,#3543,#3544,#3545,#3546,#3547,#3548,#3549,#3550,#3551,#3552,
    #3553,#3554,#3555,#3556,#3557,#3558,#3559,#3560,#3561,#3562,#3563,
    #3564,#3565,#3566,#3567,#3568,#3569,#3570,#3571,#3572,#3573,#3574,
    #3575,#3576,#3577,#3578,#3579,#3580,#3581,#3582,#3583,#3584,#3585,
    #3586,#3587,#3588,#3589,#3590),.UNSPECIFIED.,.F.,.F.,(9,7,7,7,7,7,7,
    7,7,9),(0.,0.107367041466,0.231241055152,0.333703082904,
    0.469965612996,0.569224517879,0.661940003373,0.759124740639,
    0.872025915312,1.),.UNSPECIFIED.);
#3526 = CARTESIAN_POINT('',(0.,-16.0486740228));
#3527 = CARTESIAN_POINT('',(-8.429750728711E-02,-16.08892265046));
#3528 = CARTESIAN_POINT('',(-0.168624907635,-16.12918529159));
#3529 = CARTESIAN_POINT('',(-0.252935736686,-16.16944007914));
#3530 = CARTESIAN_POINT('',(-0.337231401038,-16.20968836141));
#3531 = CARTESIAN_POINT('',(-0.421525026071,-16.24993662937));
#3532 = CARTESIAN_POINT('',(-0.50583093075,-16.29019114531));
#3533 = CARTESIAN_POINT('',(-0.590155109775,-16.33045426116));
#3534 = CARTESIAN_POINT('',(-0.771725854604,-16.4171496809));
#3535 = CARTESIAN_POINT('',(-0.869046576121,-16.46361723955));
#3536 = CARTESIAN_POINT('',(-0.966334595628,-16.51006807214));
#3537 = CARTESIAN_POINT('',(-1.063600392548,-16.55650701094));
#3538 = CARTESIAN_POINT('',(-1.160868422899,-16.60294657112));
#3539 = CARTESIAN_POINT('',(-1.258162252319,-16.64939918193));
#3540 = CARTESIAN_POINT('',(-1.35548842405,-16.69586836359));
#3541 = CARTESIAN_POINT('',(-1.533199857635,-16.78071999017));
#3542 = CARTESIAN_POINT('',(-1.613681296274,-16.81914803749));
#3543 = CARTESIAN_POINT('',(-1.694155194418,-16.85757310145));
#3544 = CARTESIAN_POINT('',(-1.774620160648,-16.89599418807));
#3545 = CARTESIAN_POINT('',(-1.855085152335,-16.93441500471));
#3546 = CARTESIAN_POINT('',(-1.935560110453,-16.97283983893));
#3547 = CARTESIAN_POINT('',(-2.016046405941,-17.01126928912));
#3548 = CARTESIAN_POINT('',(-2.203514310484,-17.10077737855));
#3549 = CARTESIAN_POINT('',(-2.310617749106,-17.15191371121));
#3550 = CARTESIAN_POINT('',(-2.417667281008,-17.203023736));
#3551 = CARTESIAN_POINT('',(-2.52468060515,-17.25411691275));
#3552 = CARTESIAN_POINT('',(-2.631693438873,-17.30521252874));
#3553 = CARTESIAN_POINT('',(-2.738741556115,-17.35632621637));
#3554 = CARTESIAN_POINT('',(-2.845844326286,-17.40746511307));
#3555 = CARTESIAN_POINT('',(-3.030800690983,-17.49577571552));
#3556 = CARTESIAN_POINT('',(-3.108769274536,-17.53300339325));
#3557 = CARTESIAN_POINT('',(-3.186727363906,-17.57022236183));
#3558 = CARTESIAN_POINT('',(-3.264675848356,-17.60744226599));
#3559 = CARTESIAN_POINT('',(-3.342623756846,-17.64466168334));
#3560 = CARTESIAN_POINT('',(-3.420580105892,-17.68187952078));
#3561 = CARTESIAN_POINT('',(-3.498546164302,-17.71910616374));
#3562 = CARTESIAN_POINT('',(-3.64930228864,-17.79108744144));
#3563 = CARTESIAN_POINT('',(-3.722115165486,-17.82585353585));
#3564 = CARTESIAN_POINT('',(-3.794919684557,-17.86061527624));
#3565 = CARTESIAN_POINT('',(-3.867718353369,-17.8953736835));
#3566 = CARTESIAN_POINT('',(-3.940520605052,-17.93013347354));
#3567 = CARTESIAN_POINT('',(-4.013334001426,-17.96489868979));
#3568 = CARTESIAN_POINT('',(-4.086154643878,-17.99966783946));
#3569 = CARTESIAN_POINT('',(-4.235268290644,-18.07086482991));
#3570 = CARTESIAN_POINT('',(-4.311604988883,-18.10731358894));
#3571 = CARTESIAN_POINT('',(-4.387937768564,-18.14376096347));
#3572 = CARTESIAN_POINT('',(-4.464262344138,-18.18020458235));
#3573 = CARTESIAN_POINT('',(-4.54058701504,-18.21664798335));
#3574 = CARTESIAN_POINT('',(-4.616920536895,-18.25309502494));
#3575 = CARTESIAN_POINT('',(-4.693260111607,-18.28954427701));
#3576 = CARTESIAN_POINT('',(-4.858241033364,-18.36831533263));
#3577 = CARTESIAN_POINT('',(-4.946942780072,-18.41066578879));
#3578 = CARTESIAN_POINT('',(-5.035625320465,-18.45300662069));
#3579 = CARTESIAN_POINT('',(-5.124291320623,-18.49533967106));
#3580 = CARTESIAN_POINT('',(-5.212956136008,-18.53767306097));
#3581 = CARTESIAN_POINT('',(-5.301635599589,-18.58001459272));
#3582 = CARTESIAN_POINT('',(-5.390334077346,-18.62236605757));
#3583 = CARTESIAN_POINT('',(-5.579493578797,-18.71268615618));
#3584 = CARTESIAN_POINT('',(-5.680066318352,-18.76070824327));
#3585 = CARTESIAN_POINT('',(-5.780597792845,-18.80871043621));
#3586 = CARTESIAN_POINT('',(-5.88109847642,-18.8566967827));
#3587 = CARTESIAN_POINT('',(-5.981595716983,-18.90467956236));
#3588 = CARTESIAN_POINT('',(-6.082118871875,-18.95267380187));
#3589 = CARTESIAN_POINT('',(-6.182681908662,-19.00068732082));
#3590 = CARTESIAN_POINT('',(-6.28318530718,-19.0486730995));
#3591 = ( GEOMETRIC_REPRESENTATION_CONTEXT(2) 
PARAMETRIC_REPRESENTATION_CONTEXT() REPRESENTATION_CONTEXT('2D SPACE',''
  ) );
#3592 = ORIENTED_EDGE('',*,*,#3593,.T.);
#3593 = EDGE_CURVE('',#3380,#3594,#3596,.T.);
#3594 = VERTEX_POINT('',#3595);
#3595 = CARTESIAN_POINT('',(10.376202,49.451323943872,2.447894782002E-15
    ));
#3596 = SURFACE_CURVE('',#3597,(#3677,#3760),.PCURVE_S1.);
#3597 = B_SPLINE_CURVE_WITH_KNOTS('',8,(#3598,#3599,#3600,#3601,#3602,
    #3603,#3604,#3605,#3606,#3607,#3608,#3609,#3610,#3611,#3612,#3613,
    #3614,#3615,#3616,#3617,#3618,#3619,#3620,#3621,#3622,#3623,#3624,
    #3625,#3626,#3627,#3628,#3629,#3630,#3631,#3632,#3633,#3634,#3635,
    #3636,#3637,#3638,#3639,#3640,#3641,#3642,#3643,#3644,#3645,#3646,
    #3647,#3648,#3649,#3650,#3651,#3652,#3653,#3654,#3655,#3656,#3657,
    #3658,#3659,#3660,#3661,#3662,#3663,#3664,#3665,#3666,#3667,#3668,
    #3669,#3670,#3671,#3672,#3673,#3674,#3675,#3676),.UNSPECIFIED.,.F.,
  .F.,(9,7,7,7,7,7,7,7,7,7,7,9),(0.,0.1020299997,0.158345834071,
    0.217576436038,0.344733988725,0.465283401281,0.596239265528,
    0.710766971016,0.770753020421,0.82755699719,0.902012146266,1.),
  .UNSPECIFIED.);
#3598 = CARTESIAN_POINT('',(10.376202,52.451326900496,1.277296858276E-14
    ));
#3599 = CARTESIAN_POINT('',(10.376202,52.413067976029,0.831456199462));
#3600 = CARTESIAN_POINT('',(10.300057900077,52.374800317752,
    1.663091720566));
#3601 = CARTESIAN_POINT('',(10.147716534695,52.336537865104,
    2.486464609645));
#3602 = CARTESIAN_POINT('',(9.920308850885,52.298278829557,
    3.293459972519));
#3603 = CARTESIAN_POINT('',(9.619927225794,52.260018540075,
    4.076256383726));
#3604 = CARTESIAN_POINT('',(9.249558600041,52.221753103998,
    4.827309771419));
#3605 = CARTESIAN_POINT('',(8.813168825418,52.183483090866,
    5.539390369723));
#3606 = CARTESIAN_POINT('',(8.041482824304,52.124110550945,
    6.573484984452));
#3607 = CARTESIAN_POINT('',(7.74842692036,52.102994111379,6.927404939695
    ));
#3608 = CARTESIAN_POINT('',(7.437607308122,52.081877611136,
    7.266350297546));
#3609 = CARTESIAN_POINT('',(7.109926094305,52.060761325454,
    7.589277862922));
#3610 = CARTESIAN_POINT('',(6.766346097879,52.039645321668,
    7.895219144186));
#3611 = CARTESIAN_POINT('',(6.407890850062,52.018529459207,
    8.183280353148));
#3612 = CARTESIAN_POINT('',(6.035644594329,51.997413389599,
    8.452642405063));
#3613 = CARTESIAN_POINT('',(5.245938909381,51.954086768542,
    8.965414593219));
#3614 = CARTESIAN_POINT('',(4.827193459978,51.931879467546,9.20672891029
    ));
#3615 = CARTESIAN_POINT('',(4.395828934487,51.909672532706,
    9.425646856266));
#3616 = CARTESIAN_POINT('',(3.953220424993,51.887464729067,9.62141391265
    ));
#3617 = CARTESIAN_POINT('',(3.50080511937,51.865255707495,9.79337805603)
  );
#3618 = CARTESIAN_POINT('',(3.040082301288,51.843046004671,
    9.940989758074));
#3619 = CARTESIAN_POINT('',(2.572613350203,51.820837043096,
    10.063801985536));
#3620 = CARTESIAN_POINT('',(1.085451731884,51.750958993162,
    10.371146461271));
#3621 = CARTESIAN_POINT('',(4.620498040864E-02,51.703252173927,
    10.465206878961));
#3622 = CARTESIAN_POINT('',(-1.001246284976,51.655562936982,
    10.439935866109));
#3623 = CARTESIAN_POINT('',(-2.040913199296,51.607885940869,
    10.295023171616));
#3624 = CARTESIAN_POINT('',(-3.057218390163,51.560207760914,
    10.032347683852));
#3625 = CARTESIAN_POINT('',(-4.035061955665,51.512516932906,
    9.656132049152));
#3626 = CARTESIAN_POINT('',(-4.959834261508,51.464808120952,
    9.17273818159));
#3627 = CARTESIAN_POINT('',(-6.631102586922,51.37193101987,8.04107470164
    ));
#3628 = CARTESIAN_POINT('',(-7.385248419597,51.326710562877,
    7.402081264444));
#3629 = CARTESIAN_POINT('',(-8.068365082833,51.281504371979,
    6.682631559125));
#3630 = CARTESIAN_POINT('',(-8.670697388551,51.236307523071,
    5.892117689923));
#3631 = CARTESIAN_POINT('',(-9.18393856547,51.191108967818,5.04100941329
    ));
#3632 = CARTESIAN_POINT('',(-9.601363411191,51.145898276584,
    4.140882265166));
#3633 = CARTESIAN_POINT('',(-9.917782477149,51.100673947058,
    3.204348215237));
#3634 = CARTESIAN_POINT('',(-10.36122558663,51.006379837124,
    1.203745775044));
#3635 = CARTESIAN_POINT('',(-10.46993100565,50.957232489524,
    0.133892169369));
#3636 = CARTESIAN_POINT('',(-10.45198503162,50.908103365917,
    -0.945993280068));
#3637 = CARTESIAN_POINT('',(-10.30693187478,50.858991237398,
    -2.018344829961));
#3638 = CARTESIAN_POINT('',(-10.0367804498,50.809884196805,
    -3.066109816873));
#3639 = CARTESIAN_POINT('',(-9.646180506039,50.760767640411,
    -4.072812368554));
#3640 = CARTESIAN_POINT('',(-9.142120446049,50.711631561795,
    -5.022532875705));
#3641 = CARTESIAN_POINT('',(-8.004690311847,50.619591141372,
    -6.667936385737));
#3642 = CARTESIAN_POINT('',(-7.394923961473,50.576633808877,
    -7.381338581208));
#3643 = CARTESIAN_POINT('',(-6.712826114575,50.533686892073,
    -8.030461104579));
#3644 = CARTESIAN_POINT('',(-5.96645471037,50.490747021266,
    -8.606936433511));
#3645 = CARTESIAN_POINT('',(-5.164754803247,50.447805654611,
    -9.10361014426));
#3646 = CARTESIAN_POINT('',(-4.317564759749,50.40485613787,
    -9.514606030282));
#3647 = CARTESIAN_POINT('',(-3.435570718843,50.361897073534,
    -9.835304194745));
#3648 = CARTESIAN_POINT('',(-2.056586818986,50.296467186729,
    -10.18208745318));
#3649 = CARTESIAN_POINT('',(-1.57612933729,50.273975733092,
    -10.27577910413));
#3650 = CARTESIAN_POINT('',(-1.09085158442,50.251483440992,
    -10.34354862968));
#3651 = CARTESIAN_POINT('',(-0.602396236941,50.228990636202,
    -10.38510988599));
#3652 = CARTESIAN_POINT('',(-0.112413022011,50.206497733726,
    -10.40030368505));
#3653 = CARTESIAN_POINT('',(0.377441282613,50.184005237794,
    -10.38909779474));
#3654 = CARTESIAN_POINT('',(0.865502848584,50.161513741861,
    -10.35158693874));
#3655 = CARTESIAN_POINT('',(1.808992337152,50.117727129738,
    -10.22777212514));
#3656 = CARTESIAN_POINT('',(2.264852807067,50.096428831313,
    -10.14415284504));
#3657 = CARTESIAN_POINT('',(2.71626388834,50.075129372722,
    -10.03731717774));
#3658 = CARTESIAN_POINT('',(3.161837609859,50.053829166224,
    -9.907545707716));
#3659 = CARTESIAN_POINT('',(3.60021634776,50.032528696948,
    -9.755217382438));
#3660 = CARTESIAN_POINT('',(4.030072825429,50.011228522898,
    -9.580809512424));
#3661 = CARTESIAN_POINT('',(4.450110113501,49.989929274948,
    -9.384897771205));
#3662 = CARTESIAN_POINT('',(5.395090053351,49.94071605267,
    -8.884064706313));
#3663 = CARTESIAN_POINT('',(5.912224108109,49.912796082974,
    -8.564109711189));
#3664 = CARTESIAN_POINT('',(6.407585069028,49.88487557333,
    -8.209790798723));
#3665 = CARTESIAN_POINT('',(6.878506477795,49.856955263505,
    -7.822864448159));
#3666 = CARTESIAN_POINT('',(7.322512116403,49.829034451465,
    -7.405314339456));
#3667 = CARTESIAN_POINT('',(7.737311195337,49.801112654349,
    -6.959341572844));
#3668 = CARTESIAN_POINT('',(8.120810756433,49.773191286431,
    -6.487374797685));
#3669 = CARTESIAN_POINT('',(8.932208487466,49.70853615827,
    -5.340286501367));
#3670 = CARTESIAN_POINT('',(9.336093945094,49.671785484154,
    -4.647727356843));
#3671 = CARTESIAN_POINT('',(9.678398036301,49.635037304721,
    -3.920525679221));
#3672 = CARTESIAN_POINT('',(9.95572856584,49.598293947545,
    -3.165135173236));
#3673 = CARTESIAN_POINT('',(10.16552491452,49.561551676284,
    -2.388286942462));
#3674 = CARTESIAN_POINT('',(10.30599970657,49.524806403497,
    -1.596954416957));
#3675 = CARTESIAN_POINT('',(10.376202,49.488059534726,-0.798356652297));
#3676 = CARTESIAN_POINT('',(10.376202,49.451323943872,1.48823926578E-14)
  );
#3677 = PCURVE('',#712,#3678);
#3678 = DEFINITIONAL_REPRESENTATION('',(#3679),#3759);
#3679 = B_SPLINE_CURVE_WITH_KNOTS('',8,(#3680,#3681,#3682,#3683,#3684,
    #3685,#3686,#3687,#3688,#3689,#3690,#3691,#3692,#3693,#3694,#3695,
    #3696,#3697,#3698,#3699,#3700,#3701,#3702,#3703,#3704,#3705,#3706,
    #3707,#3708,#3709,#3710,#3711,#3712,#3713,#3714,#3715,#3716,#3717,
    #3718,#3719,#3720,#3721,#3722,#3723,#3724,#3725,#3726,#3727,#3728,
    #3729,#3730,#3731,#3732,#3733,#3734,#3735,#3736,#3737,#3738,#3739,
    #3740,#3741,#3742,#3743,#3744,#3745,#3746,#3747,#3748,#3749,#3750,
    #3751,#3752,#3753,#3754,#3755,#3756,#3757,#3758),.UNSPECIFIED.,.F.,
  .F.,(9,7,7,7,7,7,7,7,7,7,7,9),(0.,0.1020299997,0.158345834071,
    0.217576436038,0.344733988725,0.465283401281,0.596239265528,
    0.710766971016,0.770753020421,0.82755699719,0.902012146266,1.),
  .UNSPECIFIED.);
#3680 = CARTESIAN_POINT('',(1.975173373348,41.77586629032));
#3681 = CARTESIAN_POINT('',(1.975171930818,41.864662452312));
#3682 = CARTESIAN_POINT('',(1.975171345722,41.953477825045));
#3683 = CARTESIAN_POINT('',(1.97517193415,42.042279678747));
#3684 = CARTESIAN_POINT('',(1.975173892999,42.13107194006));
#3685 = CARTESIAN_POINT('',(1.975175930997,42.21986706347));
#3686 = CARTESIAN_POINT('',(1.975176594008,42.308675895479));
#3687 = CARTESIAN_POINT('',(1.975175933967,42.397497044123));
#3688 = CARTESIAN_POINT('',(1.975174749487,42.53529535679));
#3689 = CARTESIAN_POINT('',(1.975174408363,42.584304674677));
#3690 = CARTESIAN_POINT('',(1.975174293183,42.633313789439));
#3691 = CARTESIAN_POINT('',(1.975174449271,42.682321936472));
#3692 = CARTESIAN_POINT('',(1.975174821464,42.731329017168));
#3693 = CARTESIAN_POINT('',(1.975175254116,42.780335598914));
#3694 = CARTESIAN_POINT('',(1.975175491096,42.829342915093));
#3695 = CARTESIAN_POINT('',(1.97517484416,42.929899448253));
#3696 = CARTESIAN_POINT('',(1.975174851597,42.981439954233));
#3697 = CARTESIAN_POINT('',(1.975175090214,43.032979391593));
#3698 = CARTESIAN_POINT('',(1.97517544798,43.084520728377));
#3699 = CARTESIAN_POINT('',(1.975175808714,43.13606489211));
#3700 = CARTESIAN_POINT('',(1.975176052086,43.187610769786));
#3701 = CARTESIAN_POINT('',(1.975176053616,43.239155207881));
#3702 = CARTESIAN_POINT('',(1.975174892632,43.401335498966));
#3703 = CARTESIAN_POINT('',(1.975172955786,43.512059812878));
#3704 = CARTESIAN_POINT('',(1.975170373731,43.622744017752));
#3705 = CARTESIAN_POINT('',(1.9751700104,43.733397042124));
#3706 = CARTESIAN_POINT('',(1.975173128964,43.844048529772));
#3707 = CARTESIAN_POINT('',(1.975176921478,43.954728567002));
#3708 = CARTESIAN_POINT('',(1.975179825642,44.065451464865));
#3709 = CARTESIAN_POINT('',(1.975182236501,44.281005236973));
#3710 = CARTESIAN_POINT('',(1.975181918895,44.385956968006));
#3711 = CARTESIAN_POINT('',(1.975179509893,44.490878179971));
#3712 = CARTESIAN_POINT('',(1.975175219126,44.595780030838));
#3713 = CARTESIAN_POINT('',(1.975170856426,44.700685921036));
#3714 = CARTESIAN_POINT('',(1.975168225046,44.805617830419));
#3715 = CARTESIAN_POINT('',(1.975167718349,44.910578762525));
#3716 = CARTESIAN_POINT('',(1.975170189202,45.129421152978));
#3717 = CARTESIAN_POINT('',(1.975173474963,45.243482254393));
#3718 = CARTESIAN_POINT('',(1.975178171892,45.357499317663));
#3719 = CARTESIAN_POINT('',(1.975182584472,45.471477293552));
#3720 = CARTESIAN_POINT('',(1.97518391329,45.585447275331));
#3721 = CARTESIAN_POINT('',(1.975182153542,45.699443162104));
#3722 = CARTESIAN_POINT('',(1.975179165311,45.813485877214));
#3723 = CARTESIAN_POINT('',(1.975173992456,46.027107187136));
#3724 = CARTESIAN_POINT('',(1.975171749443,46.126808839677));
#3725 = CARTESIAN_POINT('',(1.975170702033,46.226484837489));
#3726 = CARTESIAN_POINT('',(1.975171539178,46.326142146215));
#3727 = CARTESIAN_POINT('',(1.975174335074,46.425800496567));
#3728 = CARTESIAN_POINT('',(1.97517603825,46.525479098299));
#3729 = CARTESIAN_POINT('',(1.975176084983,46.625181908888));
#3730 = CARTESIAN_POINT('',(1.975175282389,46.777037896357));
#3731 = CARTESIAN_POINT('',(1.97517484199,46.829238440212));
#3732 = CARTESIAN_POINT('',(1.975174542721,46.881440762355));
#3733 = CARTESIAN_POINT('',(1.975174535855,46.933643918801));
#3734 = CARTESIAN_POINT('',(1.975174818287,46.985846948793));
#3735 = CARTESIAN_POINT('',(1.975175232529,47.03804887481));
#3736 = CARTESIAN_POINT('',(1.975175466716,47.090248702564));
#3737 = CARTESIAN_POINT('',(1.975174664352,47.191873266486));
#3738 = CARTESIAN_POINT('',(1.975174561716,47.241304236468));
#3739 = CARTESIAN_POINT('',(1.975174699731,47.290737598088));
#3740 = CARTESIAN_POINT('',(1.975175007225,47.340172480429));
#3741 = CARTESIAN_POINT('',(1.97517538882,47.389607874509));
#3742 = CARTESIAN_POINT('',(1.97517572493,47.439042633284));
#3743 = CARTESIAN_POINT('',(1.975175871762,47.488475471648));
#3744 = CARTESIAN_POINT('',(1.975175385475,47.602694099378));
#3745 = CARTESIAN_POINT('',(1.975174701321,47.667493863893));
#3746 = CARTESIAN_POINT('',(1.975173637567,47.732295349556));
#3747 = CARTESIAN_POINT('',(1.975172552722,47.797096400849));
#3748 = CARTESIAN_POINT('',(1.975171833119,47.861898172939));
#3749 = CARTESIAN_POINT('',(1.975171710803,47.926701500905));
#3750 = CARTESIAN_POINT('',(1.975172201296,47.991503082408));
#3751 = CARTESIAN_POINT('',(1.975174424593,48.141557241182));
#3752 = CARTESIAN_POINT('',(1.975176491344,48.226848664657));
#3753 = CARTESIAN_POINT('',(1.97517911912,48.312133610433));
#3754 = CARTESIAN_POINT('',(1.975181436213,48.397407746092));
#3755 = CARTESIAN_POINT('',(1.975182645371,48.482680721794));
#3756 = CARTESIAN_POINT('',(1.97518241615,48.567962429416));
#3757 = CARTESIAN_POINT('',(1.975180965824,48.653249339645));
#3758 = CARTESIAN_POINT('',(1.975178828859,48.738510917018));
#3759 = ( GEOMETRIC_REPRESENTATION_CONTEXT(2) 
PARAMETRIC_REPRESENTATION_CONTEXT() REPRESENTATION_CONTEXT('2D SPACE',''
  ) );
#3760 = PCURVE('',#3761,#3766);
#3761 = CYLINDRICAL_SURFACE('',#3762,10.376202);
#3762 = AXIS2_PLACEMENT_3D('',#3763,#3764,#3765);
#3763 = CARTESIAN_POINT('',(0.,71.5,0.));
#3764 = DIRECTION('',(-0.,1.,-1.110223024625E-16));
#3765 = DIRECTION('',(1.,0.,0.));
#3766 = DEFINITIONAL_REPRESENTATION('',(#3767),#3847);
#3767 = B_SPLINE_CURVE_WITH_KNOTS('',8,(#3768,#3769,#3770,#3771,#3772,
    #3773,#3774,#3775,#3776,#3777,#3778,#3779,#3780,#3781,#3782,#3783,
    #3784,#3785,#3786,#3787,#3788,#3789,#3790,#3791,#3792,#3793,#3794,
    #3795,#3796,#3797,#3798,#3799,#3800,#3801,#3802,#3803,#3804,#3805,
    #3806,#3807,#3808,#3809,#3810,#3811,#3812,#3813,#3814,#3815,#3816,
    #3817,#3818,#3819,#3820,#3821,#3822,#3823,#3824,#3825,#3826,#3827,
    #3828,#3829,#3830,#3831,#3832,#3833,#3834,#3835,#3836,#3837,#3838,
    #3839,#3840,#3841,#3842,#3843,#3844,#3845,#3846),.UNSPECIFIED.,.F.,
  .F.,(9,7,7,7,7,7,7,7,7,7,7,9),(0.,0.1020299997,0.158345834071,
    0.217576436038,0.344733988725,0.465283401281,0.596239265528,
    0.710766971016,0.770753020421,0.82755699719,0.902012146266,1.),
  .UNSPECIFIED.);
#3768 = CARTESIAN_POINT('',(0.,-19.0486730995));
#3769 = CARTESIAN_POINT('',(-8.01310729554E-02,-19.08693202397));
#3770 = CARTESIAN_POINT('',(-0.160279441773,-19.12519968224));
#3771 = CARTESIAN_POINT('',(-0.240415484408,-19.16346213489));
#3772 = CARTESIAN_POINT('',(-0.320542659571,-19.20172117044));
#3773 = CARTESIAN_POINT('',(-0.400672146711,-19.23998145992));
#3774 = CARTESIAN_POINT('',(-0.480813869938,-19.278246896));
#3775 = CARTESIAN_POINT('',(-0.560966918005,-19.31651690913));
#3776 = CARTESIAN_POINT('',(-0.685317912289,-19.37588944905));
#3777 = CARTESIAN_POINT('',(-0.729544764736,-19.39700588862));
#3778 = CARTESIAN_POINT('',(-0.773771494535,-19.41812238886));
#3779 = CARTESIAN_POINT('',(-0.81799732041,-19.43923867454));
#3780 = CARTESIAN_POINT('',(-0.862222115035,-19.46035467833));
#3781 = CARTESIAN_POINT('',(-0.906446405035,-19.48147054079));
#3782 = CARTESIAN_POINT('',(-0.950671370988,-19.5025866104));
#3783 = CARTESIAN_POINT('',(-1.041415428091,-19.54591323145));
#3784 = CARTESIAN_POINT('',(-1.087926541122,-19.56812053245));
#3785 = CARTESIAN_POINT('',(-1.134436621764,-19.59032746729));
#3786 = CARTESIAN_POINT('',(-1.180948297974,-19.61253527093));
#3787 = CARTESIAN_POINT('',(-1.227462390416,-19.6347442925));
#3788 = CARTESIAN_POINT('',(-1.27397791246,-19.65695399532));
#3789 = CARTESIAN_POINT('',(-1.320492070178,-19.6791629569));
#3790 = CARTESIAN_POINT('',(-1.466845067235,-19.74904100683));
#3791 = CARTESIAN_POINT('',(-1.566763681694,-19.79674782607));
#3792 = CARTESIAN_POINT('',(-1.666646419554,-19.84443706301));
#3793 = CARTESIAN_POINT('',(-1.766501526692,-19.89211405913));
#3794 = CARTESIAN_POINT('',(-1.866355350354,-19.93979223908));
#3795 = CARTESIAN_POINT('',(-1.966234842354,-19.98748306709));
#3796 = CARTESIAN_POINT('',(-2.066152856257,-20.03519187904));
#3797 = CARTESIAN_POINT('',(-2.260671591265,-20.12806898013));
#3798 = CARTESIAN_POINT('',(-2.355381387654,-20.17328943712));
#3799 = CARTESIAN_POINT('',(-2.450063556897,-20.21849562802));
#3800 = CARTESIAN_POINT('',(-2.544728262519,-20.26369247692));
#3801 = CARTESIAN_POINT('',(-2.639396724683,-20.30889103218));
#3802 = CARTESIAN_POINT('',(-2.734088742718,-20.35410172341));
#3803 = CARTESIAN_POINT('',(-2.82880696692,-20.39932605294));
#3804 = CARTESIAN_POINT('',(-3.026293371975,-20.49362016287));
#3805 = CARTESIAN_POINT('',(-3.129223660636,-20.54276751047));
#3806 = CARTESIAN_POINT('',(-3.232114128611,-20.59189663408));
#3807 = CARTESIAN_POINT('',(-3.334969217277,-20.6410087626));
#3808 = CARTESIAN_POINT('',(-3.437817081713,-20.69011580319));
#3809 = CARTESIAN_POINT('',(-3.540688523376,-20.73923235958));
#3810 = CARTESIAN_POINT('',(-3.643602407932,-20.7883684382));
#3811 = CARTESIAN_POINT('',(-3.836377662919,-20.88040885862));
#3812 = CARTESIAN_POINT('',(-3.926350066403,-20.92336619112));
#3813 = CARTESIAN_POINT('',(-4.016299291739,-20.96631310792));
#3814 = CARTESIAN_POINT('',(-4.106231484623,-21.00925297873));
#3815 = CARTESIAN_POINT('',(-4.196164278102,-21.05219434539));
#3816 = CARTESIAN_POINT('',(-4.28611499381,-21.09514386213));
#3817 = CARTESIAN_POINT('',(-4.376087651949,-21.13810292646));
#3818 = CARTESIAN_POINT('',(-4.513124262863,-21.20353281327));
#3819 = CARTESIAN_POINT('',(-4.560230837255,-21.2260242669));
#3820 = CARTESIAN_POINT('',(-4.607339098163,-21.248516559));
#3821 = CARTESIAN_POINT('',(-4.65444811826,-21.27100936379));
#3822 = CARTESIAN_POINT('',(-4.701556993791,-21.29350226627));
#3823 = CARTESIAN_POINT('',(-4.748664844574,-21.3159947622));
#3824 = CARTESIAN_POINT('',(-4.795770813997,-21.33848625813));
#3825 = CARTESIAN_POINT('',(-4.887478643427,-21.38227287026));
#3826 = CARTESIAN_POINT('',(-4.932086078493,-21.40357116868));
#3827 = CARTESIAN_POINT('',(-4.976695624122,-21.42487062727));
#3828 = CARTESIAN_POINT('',(-5.021306438718,-21.44617083377));
#3829 = CARTESIAN_POINT('',(-5.065917589188,-21.46747130305));
#3830 = CARTESIAN_POINT('',(-5.110528050939,-21.4887714771));
#3831 = CARTESIAN_POINT('',(-5.155136707881,-21.51007072505));
#3832 = CARTESIAN_POINT('',(-5.258208680011,-21.55928394733));
#3833 = CARTESIAN_POINT('',(-5.316684568403,-21.58720391702));
#3834 = CARTESIAN_POINT('',(-5.375162054251,-21.61512442667));
#3835 = CARTESIAN_POINT('',(-5.433639246009,-21.64304473649));
#3836 = CARTESIAN_POINT('',(-5.49211720312,-21.67096554853));
#3837 = CARTESIAN_POINT('',(-5.550596660882,-21.69888734565));
#3838 = CARTESIAN_POINT('',(-5.609074601011,-21.72680871356));
#3839 = CARTESIAN_POINT('',(-5.744485841994,-21.79146384173));
#3840 = CARTESIAN_POINT('',(-5.821454220082,-21.82821451584));
#3841 = CARTESIAN_POINT('',(-5.89841672567,-21.86496269527));
#3842 = CARTESIAN_POINT('',(-5.975369385675,-21.90170605245));
#3843 = CARTESIAN_POINT('',(-6.05232089114,-21.93844832371));
#3844 = CARTESIAN_POINT('',(-6.129280200084,-21.9751935965));
#3845 = CARTESIAN_POINT('',(-6.20624418245,-22.01194046527));
#3846 = CARTESIAN_POINT('',(-6.28318530718,-22.04867605612));
#3847 = ( GEOMETRIC_REPRESENTATION_CONTEXT(2) 
PARAMETRIC_REPRESENTATION_CONTEXT() REPRESENTATION_CONTEXT('2D SPACE',''
  ) );
#3848 = ORIENTED_EDGE('',*,*,#3849,.T.);
#3849 = EDGE_CURVE('',#3594,#1811,#3850,.T.);
#3850 = SURFACE_CURVE('',#3851,(#3924,#4000),.PCURVE_S1.);
#3851 = B_SPLINE_CURVE_WITH_KNOTS('',8,(#3852,#3853,#3854,#3855,#3856,
    #3857,#3858,#3859,#3860,#3861,#3862,#3863,#3864,#3865,#3866,#3867,
    #3868,#3869,#3870,#3871,#3872,#3873,#3874,#3875,#3876,#3877,#3878,
    #3879,#3880,#3881,#3882,#3883,#3884,#3885,#3886,#3887,#3888,#3889,
    #3890,#3891,#3892,#3893,#3894,#3895,#3896,#3897,#3898,#3899,#3900,
    #3901,#3902,#3903,#3904,#3905,#3906,#3907,#3908,#3909,#3910,#3911,
    #3912,#3913,#3914,#3915,#3916,#3917,#3918,#3919,#3920,#3921,#3922,
    #3923),.UNSPECIFIED.,.F.,.F.,(9,7,7,7,7,7,7,7,7,7,9),(0.,
    0.123167030548,0.255678799508,0.368166910442,0.423707459298,
    0.509766935613,0.606923395039,0.743759901857,0.883983069028,
    0.970552479151,1.),.UNSPECIFIED.);
#3852 = CARTESIAN_POINT('',(10.376202,49.451323943872,1.48823926578E-14)
  );
#3853 = CARTESIAN_POINT('',(10.376202,49.405156134148,1.003342457763));
#3854 = CARTESIAN_POINT('',(10.265322245724,49.358956568084,
    2.007388458562));
#3855 = CARTESIAN_POINT('',(10.043291564473,49.312771944506,
    2.996810737481));
#3856 = CARTESIAN_POINT('',(9.712682408865,49.266599301515,
    3.957298369239));
#3857 = CARTESIAN_POINT('',(9.277909860081,49.22042692089,4.875297197068
    ));
#3858 = CARTESIAN_POINT('',(8.745319822068,49.174243518201,
    5.738068527128));
#3859 = CARTESIAN_POINT('',(8.123027590779,49.128043984888,
    6.533673569543));
#3860 = CARTESIAN_POINT('',(6.667310089242,49.032189499026,8.02359194058
    ));
#3861 = CARTESIAN_POINT('',(5.820462914287,48.982473546036,
    8.706648824887));
#3862 = CARTESIAN_POINT('',(4.894352834223,48.932781367089,
    9.286664116008));
#3863 = CARTESIAN_POINT('',(3.903852879011,48.883105929599,9.75340725383
    ));
#3864 = CARTESIAN_POINT('',(2.864842963246,48.833431235431,
    10.098991800511));
#3865 = CARTESIAN_POINT('',(1.794260816899,48.783739940747,
    10.31815570357));
#3866 = CARTESIAN_POINT('',(0.709952390356,48.734024406333,
    10.408023668462));
#3867 = CARTESIAN_POINT('',(-1.284750438584,48.642178901896,
    10.337059844513));
#3868 = CARTESIAN_POINT('',(-2.197860845946,48.599982919134,
    10.212016529066));
#3869 = CARTESIAN_POINT('',(-3.096612376084,48.557794551438,
    9.994728024591));
#3870 = CARTESIAN_POINT('',(-3.970112307853,48.515615641413,
    9.68733812479));
#3871 = CARTESIAN_POINT('',(-4.808039315277,48.473440778702,
    9.29331974033));
#3872 = CARTESIAN_POINT('',(-5.600667601693,48.43126245912,
    8.817476407337));
#3873 = CARTESIAN_POINT('',(-6.338864969643,48.389072311616,
    8.265866363296));
#3874 = CARTESIAN_POINT('',(-7.347825104272,48.326067497599,
    7.340290146732));
#3875 = CARTESIAN_POINT('',(-7.66609944025,48.305240965847,
    7.017699199623));
#3876 = CARTESIAN_POINT('',(-7.968154327625,48.284414305783,
    6.679371990538));
#3877 = CARTESIAN_POINT('',(-8.253076800924,48.263587940428,
    6.326272291579));
#3878 = CARTESIAN_POINT('',(-8.520030895324,48.242762056965,
    5.959414883503));
#3879 = CARTESIAN_POINT('',(-8.768257646652,48.221936606741,
    5.57986555573));
#3880 = CARTESIAN_POINT('',(-8.997075091383,48.20111130526,
    5.188741106333));
#3881 = CARTESIAN_POINT('',(-9.529416515473,48.148016478303,
    4.165040240899));
#3882 = CARTESIAN_POINT('',(-9.804909645003,48.115746404625,
    3.517861182274));
#3883 = CARTESIAN_POINT('',(-10.03006331211,48.083479160508,
    2.850072635647));
#3884 = CARTESIAN_POINT('',(-10.20313411671,48.051213575821,
    2.166228019108));
#3885 = CARTESIAN_POINT('',(-10.32286157227,48.018946369911,
    1.47101744041));
#3886 = CARTESIAN_POINT('',(-10.3884580638,47.986675241337,
    0.769260307246));
#3887 = CARTESIAN_POINT('',(-10.39965679328,47.954402238409,
    6.590680674532E-02));
#3888 = CARTESIAN_POINT('',(-10.30845472445,47.885712177904,
    -1.424053916699));
#3889 = CARTESIAN_POINT('',(-10.1911892194,47.84927486838,
    -2.210195742451));
#3890 = CARTESIAN_POINT('',(-10.00539547563,47.812839345073,
    -2.985046321759));
#3891 = CARTESIAN_POINT('',(-9.752426074248,47.776407970942,
    -3.741625016144));
#3892 = CARTESIAN_POINT('',(-9.434428535068,47.73997712343,
    -4.473249721558));
#3893 = CARTESIAN_POINT('',(-9.054277384157,47.703542734606,
    -5.17352667954));
#3894 = CARTESIAN_POINT('',(-8.615621652968,47.667105856799,
    -5.836381827913));
#3895 = CARTESIAN_POINT('',(-7.429299966216,47.579373111557,
    -7.329000822446));
#3896 = CARTESIAN_POINT('',(-6.627720148902,47.528021829387,
    -8.117473783345));
#3897 = CARTESIAN_POINT('',(-5.731178266837,47.476697649715,
    -8.804657006792));
#3898 = CARTESIAN_POINT('',(-4.754969564275,47.42539037117,
    -9.377775269188));
#3899 = CARTESIAN_POINT('',(-3.715733736948,47.374081102976,
    -9.826579047977));
#3900 = CARTESIAN_POINT('',(-2.631571865197,47.322752959826,
    -10.14370871212));
#3901 = CARTESIAN_POINT('',(-1.52181935806,47.271397815523,
    -10.32438039166));
#3902 = CARTESIAN_POINT('',(0.734007545127,47.167511162594,
    -10.4130829499));
#3903 = CARTESIAN_POINT('',(1.882457480882,47.114882877883,
    -10.31434000654));
#3904 = CARTESIAN_POINT('',(3.014793909161,47.062286967224,
    -10.07058173892));
#3905 = CARTESIAN_POINT('',(4.109918860919,47.009711411293,
    -9.685450375764));
#3906 = CARTESIAN_POINT('',(5.147847099845,46.957135853859,
    -9.165456902816));
#3907 = CARTESIAN_POINT('',(6.109983528816,46.904538281246,
    -8.520424290389));
#3908 = CARTESIAN_POINT('',(6.978981707874,46.851909030419,
    -7.763035083038));
#3909 = CARTESIAN_POINT('',(8.209702323455,46.766877765787,
    -6.384659370367));
#3910 = CARTESIAN_POINT('',(8.638680371747,46.734414212045,
    -5.821918796309));
#3911 = CARTESIAN_POINT('',(9.023445483779,46.701952526573,
    -5.22641260112));
#3912 = CARTESIAN_POINT('',(9.361079894242,46.669494043794,
    -4.602226003239));
#3913 = CARTESIAN_POINT('',(9.649157501539,46.637036503599,
    -3.953687034032));
#3914 = CARTESIAN_POINT('',(9.8857429329,46.604577104636,-3.285356766977
    ));
#3915 = CARTESIAN_POINT('',(10.069390609491,46.572115557586,
    -2.602019546852));
#3916 = CARTESIAN_POINT('',(10.2432807661,46.52861605623,-1.672823968957
    ));
#3917 = CARTESIAN_POINT('',(10.281183883752,46.517575164919,
    -1.435812623269));
#3918 = CARTESIAN_POINT('',(10.312819359288,46.50653396941,
    -1.197822411606));
#3919 = CARTESIAN_POINT('',(10.338158200074,46.495492301532,
    -0.959042173783));
#3920 = CARTESIAN_POINT('',(10.357177408131,46.484450266234,
    -0.719666464873));
#3921 = CARTESIAN_POINT('',(10.369861162232,46.473408187777,
    -0.479895660384));
#3922 = CARTESIAN_POINT('',(10.376202,46.462366555921,-0.239936061447));
#3923 = CARTESIAN_POINT('',(10.376202,46.451325972118,1.004604624808E-15
    ));
#3924 = PCURVE('',#712,#3925);
#3925 = DEFINITIONAL_REPRESENTATION('',(#3926),#3999);
#3926 = B_SPLINE_CURVE_WITH_KNOTS('',8,(#3927,#3928,#3929,#3930,#3931,
    #3932,#3933,#3934,#3935,#3936,#3937,#3938,#3939,#3940,#3941,#3942,
    #3943,#3944,#3945,#3946,#3947,#3948,#3949,#3950,#3951,#3952,#3953,
    #3954,#3955,#3956,#3957,#3958,#3959,#3960,#3961,#3962,#3963,#3964,
    #3965,#3966,#3967,#3968,#3969,#3970,#3971,#3972,#3973,#3974,#3975,
    #3976,#3977,#3978,#3979,#3980,#3981,#3982,#3983,#3984,#3985,#3986,
    #3987,#3988,#3989,#3990,#3991,#3992,#3993,#3994,#3995,#3996,#3997,
    #3998),.UNSPECIFIED.,.F.,.F.,(9,7,7,7,7,7,7,7,7,7,9),(0.,
    0.123167030548,0.255678799508,0.368166910442,0.423707459298,
    0.509766935613,0.606923395039,0.743759901857,0.883983069028,
    0.970552479151,1.),.UNSPECIFIED.);
#3927 = CARTESIAN_POINT('',(1.975178828859,48.738510917018));
#3928 = CARTESIAN_POINT('',(1.975176143208,48.84566423045));
#3929 = CARTESIAN_POINT('',(1.975172359464,48.952892592968));
#3930 = CARTESIAN_POINT('',(1.975168486647,49.060086382564));
#3931 = CARTESIAN_POINT('',(1.975166168974,49.167250454679));
#3932 = CARTESIAN_POINT('',(1.975166884981,49.274410192229));
#3933 = CARTESIAN_POINT('',(1.9751698424,49.381592764359));
#3934 = CARTESIAN_POINT('',(1.975173512985,49.488811906048));
#3935 = CARTESIAN_POINT('',(1.975180082852,49.711270766245));
#3936 = CARTESIAN_POINT('',(1.975182905866,49.826652154015));
#3937 = CARTESIAN_POINT('',(1.975183632014,49.941980942226));
#3938 = CARTESIAN_POINT('',(1.975181134464,50.057274825892));
#3939 = CARTESIAN_POINT('',(1.975176259829,50.172569877709));
#3940 = CARTESIAN_POINT('',(1.975172871031,50.287901588742));
#3941 = CARTESIAN_POINT('',(1.975171763993,50.403286742088));
#3942 = CARTESIAN_POINT('',(1.975172568681,50.616448208718));
#3943 = CARTESIAN_POINT('',(1.975174045725,50.714378255587));
#3944 = CARTESIAN_POINT('',(1.975176188577,50.812289856977));
#3945 = CARTESIAN_POINT('',(1.975177578686,50.910180510651));
#3946 = CARTESIAN_POINT('',(1.975176671676,51.008064690009));
#3947 = CARTESIAN_POINT('',(1.975172770419,51.105960640249));
#3948 = CARTESIAN_POINT('',(1.97517405697,51.203877552333));
#3949 = CARTESIAN_POINT('',(1.975175635074,51.350101746004));
#3950 = CARTESIAN_POINT('',(1.975175442881,51.398437632447));
#3951 = CARTESIAN_POINT('',(1.975175035026,51.446774117317));
#3952 = CARTESIAN_POINT('',(1.975174746103,51.495109872906));
#3953 = CARTESIAN_POINT('',(1.975174747145,51.543444277342));
#3954 = CARTESIAN_POINT('',(1.975175045619,51.59177741459));
#3955 = CARTESIAN_POINT('',(1.975175485426,51.640110074448));
#3956 = CARTESIAN_POINT('',(1.975176152061,51.763336261032));
#3957 = CARTESIAN_POINT('',(1.975176291907,51.838231233039));
#3958 = CARTESIAN_POINT('',(1.975175547989,51.913120687066));
#3959 = CARTESIAN_POINT('',(1.975174142187,51.988007058894));
#3960 = CARTESIAN_POINT('',(1.975172674694,52.0628972324));
#3961 = CARTESIAN_POINT('',(1.975171749931,52.137795817076));
#3962 = CARTESIAN_POINT('',(1.975171690424,52.212697672276));
#3963 = CARTESIAN_POINT('',(1.975173070394,52.372117382547));
#3964 = CARTESIAN_POINT('',(1.975174711777,52.456681989812));
#3965 = CARTESIAN_POINT('',(1.975177226103,52.541241383741));
#3966 = CARTESIAN_POINT('',(1.975179863395,52.625791011895));
#3967 = CARTESIAN_POINT('',(1.975181777214,52.710340326448));
#3968 = CARTESIAN_POINT('',(1.975182425685,52.794899433097));
#3969 = CARTESIAN_POINT('',(1.975181756704,52.879465948058));
#3970 = CARTESIAN_POINT('',(1.975177952924,53.083087985873));
#3971 = CARTESIAN_POINT('',(1.975173894481,53.202273261503));
#3972 = CARTESIAN_POINT('',(1.975169004929,53.321396653445));
#3973 = CARTESIAN_POINT('',(1.975165570056,53.440479008192));
#3974 = CARTESIAN_POINT('',(1.975166340568,53.559560778228));
#3975 = CARTESIAN_POINT('',(1.975170008886,53.678682773767));
#3976 = CARTESIAN_POINT('',(1.975174295485,53.797866674335));
#3977 = CARTESIAN_POINT('',(1.975181058165,54.038966921673));
#3978 = CARTESIAN_POINT('',(1.975183488494,54.161107930944));
#3979 = CARTESIAN_POINT('',(1.975183265459,54.283177087295));
#3980 = CARTESIAN_POINT('',(1.975179360138,54.405203555644));
#3981 = CARTESIAN_POINT('',(1.975173766242,54.527232115437));
#3982 = CARTESIAN_POINT('',(1.975171380776,54.649307803082));
#3983 = CARTESIAN_POINT('',(1.975171583487,54.771453800558));
#3984 = CARTESIAN_POINT('',(1.975173593117,54.968798776558));
#3985 = CARTESIAN_POINT('',(1.975174913939,55.044141191272));
#3986 = CARTESIAN_POINT('',(1.975175969768,55.119479590522));
#3987 = CARTESIAN_POINT('',(1.975176340316,55.194811400636));
#3988 = CARTESIAN_POINT('',(1.975175971132,55.270141942255));
#3989 = CARTESIAN_POINT('',(1.975175141019,55.345477380436));
#3990 = CARTESIAN_POINT('',(1.975174429446,55.420817674751));
#3991 = CARTESIAN_POINT('',(1.975174770539,55.521774474236));
#3992 = CARTESIAN_POINT('',(1.975174916176,55.547398905111));
#3993 = CARTESIAN_POINT('',(1.975175189354,55.573023884431));
#3994 = CARTESIAN_POINT('',(1.975175487836,55.59864992786));
#3995 = CARTESIAN_POINT('',(1.975175648235,55.624276993557));
#3996 = CARTESIAN_POINT('',(1.975175555596,55.649904471412));
#3997 = CARTESIAN_POINT('',(1.975175252968,55.675531172288));
#3998 = CARTESIAN_POINT('',(1.97517505098,55.70115531726));
#3999 = ( GEOMETRIC_REPRESENTATION_CONTEXT(2) 
PARAMETRIC_REPRESENTATION_CONTEXT() REPRESENTATION_CONTEXT('2D SPACE',''
  ) );
#4000 = PCURVE('',#2029,#4001);
#4001 = DEFINITIONAL_REPRESENTATION('',(#4002),#4075);
#4002 = B_SPLINE_CURVE_WITH_KNOTS('',8,(#4003,#4004,#4005,#4006,#4007,
    #4008,#4009,#4010,#4011,#4012,#4013,#4014,#4015,#4016,#4017,#4018,
    #4019,#4020,#4021,#4022,#4023,#4024,#4025,#4026,#4027,#4028,#4029,
    #4030,#4031,#4032,#4033,#4034,#4035,#4036,#4037,#4038,#4039,#4040,
    #4041,#4042,#4043,#4044,#4045,#4046,#4047,#4048,#4049,#4050,#4051,
    #4052,#4053,#4054,#4055,#4056,#4057,#4058,#4059,#4060,#4061,#4062,
    #4063,#4064,#4065,#4066,#4067,#4068,#4069,#4070,#4071,#4072,#4073,
    #4074),.UNSPECIFIED.,.F.,.F.,(9,7,7,7,7,7,7,7,7,7,9),(0.,
    0.123167030548,0.255678799508,0.368166910442,0.423707459298,
    0.509766935613,0.606923395039,0.743759901857,0.883983069028,
    0.970552479151,1.),.UNSPECIFIED.);
#4003 = CARTESIAN_POINT('',(0.,-22.04867605612));
#4004 = CARTESIAN_POINT('',(-9.669650395808E-02,-22.09484386585));
#4005 = CARTESIAN_POINT('',(-0.193460740187,-22.14104343191));
#4006 = CARTESIAN_POINT('',(-0.290193844321,-22.18722805549));
#4007 = CARTESIAN_POINT('',(-0.386900232132,-22.23340069848));
#4008 = CARTESIAN_POINT('',(-0.483602733634,-22.27957307911));
#4009 = CARTESIAN_POINT('',(-0.580325763279,-22.32575648179));
#4010 = CARTESIAN_POINT('',(-0.677081715631,-22.37195601511));
#4011 = CARTESIAN_POINT('',(-0.877831420602,-22.46781050097));
#4012 = CARTESIAN_POINT('',(-0.981953011478,-22.51752645396));
#4013 = CARTESIAN_POINT('',(-1.086027153902,-22.56721863291));
#4014 = CARTESIAN_POINT('',(-1.190069921399,-22.6168940704));
#4015 = CARTESIAN_POINT('',(-1.294114044235,-22.66656876456));
#4016 = CARTESIAN_POINT('',(-1.398191401307,-22.71626005925));
#4017 = CARTESIAN_POINT('',(-1.502316824612,-22.76597559366));
#4018 = CARTESIAN_POINT('',(-1.694676682216,-22.8578210981));
#4019 = CARTESIAN_POINT('',(-1.783049921657,-22.90001708086));
#4020 = CARTESIAN_POINT('',(-1.871406254634,-22.94220544856));
#4021 = CARTESIAN_POINT('',(-1.959743468156,-22.98438435858));
#4022 = CARTESIAN_POINT('',(-2.048074832734,-23.02655922129));
#4023 = CARTESIAN_POINT('',(-2.136417444744,-23.06873754088));
#4024 = CARTESIAN_POINT('',(-2.224779907756,-23.11092768838));
#4025 = CARTESIAN_POINT('',(-2.35673511466,-23.1739325024));
#4026 = CARTESIAN_POINT('',(-2.400354200756,-23.19475903415));
#4027 = CARTESIAN_POINT('',(-2.443973833394,-23.21558569421));
#4028 = CARTESIAN_POINT('',(-2.48759283542,-23.23641205957));
#4029 = CARTESIAN_POINT('',(-2.531210638695,-23.25723794303));
#4030 = CARTESIAN_POINT('',(-2.574827284094,-23.27806339325));
#4031 = CARTESIAN_POINT('',(-2.618443421504,-23.29888869474));
#4032 = CARTESIAN_POINT('',(-2.729644203851,-23.35198352169));
#4033 = CARTESIAN_POINT('',(-2.797230123396,-23.38425359537));
#4034 = CARTESIAN_POINT('',(-2.864810968002,-23.41652083949));
#4035 = CARTESIAN_POINT('',(-2.932389086469,-23.44878642417));
#4036 = CARTESIAN_POINT('',(-2.99997078982,-23.48105363008));
#4037 = CARTESIAN_POINT('',(-3.067560246674,-23.51332475866));
#4038 = CARTESIAN_POINT('',(-3.135152761003,-23.54559776159));
#4039 = CARTESIAN_POINT('',(-3.279015554074,-23.61428782209));
#4040 = CARTESIAN_POINT('',(-3.355328039331,-23.65072513162));
#4041 = CARTESIAN_POINT('',(-3.431635833445,-23.68716065492));
#4042 = CARTESIAN_POINT('',(-3.507934747404,-23.72359202905));
#4043 = CARTESIAN_POINT('',(-3.584233270715,-23.76002287657));
#4044 = CARTESIAN_POINT('',(-3.660540537484,-23.79645726539));
#4045 = CARTESIAN_POINT('',(-3.736854445676,-23.8328941432));
#4046 = CARTESIAN_POINT('',(-3.920605548663,-23.92062688844));
#4047 = CARTESIAN_POINT('',(-4.028159821775,-23.97197817061));
#4048 = CARTESIAN_POINT('',(-4.135658315643,-24.02330235028));
#4049 = CARTESIAN_POINT('',(-4.24311993207,-24.07460962882));
#4050 = CARTESIAN_POINT('',(-4.350581075574,-24.12591889702));
#4051 = CARTESIAN_POINT('',(-4.458078401974,-24.17724704017));
#4052 = CARTESIAN_POINT('',(-4.565631494483,-24.22860218447));
#4053 = CARTESIAN_POINT('',(-4.783203414306,-24.3324888374));
#4054 = CARTESIAN_POINT('',(-4.893424977925,-24.38511712211));
#4055 = CARTESIAN_POINT('',(-5.003581752643,-24.43771303277));
#4056 = CARTESIAN_POINT('',(-5.113700178022,-24.4902885887));
#4057 = CARTESIAN_POINT('',(-5.223820868043,-24.54286414614));
#4058 = CARTESIAN_POINT('',(-5.333984120447,-24.59546171875));
#4059 = CARTESIAN_POINT('',(-5.444210484195,-24.64809096958));
#4060 = CARTESIAN_POINT('',(-5.622297003103,-24.73312223421));
#4061 = CARTESIAN_POINT('',(-5.690286822296,-24.76558578795));
#4062 = CARTESIAN_POINT('',(-5.758272841711,-24.79804747342));
#4063 = CARTESIAN_POINT('',(-5.826252841848,-24.8305059562));
#4064 = CARTESIAN_POINT('',(-5.894231806928,-24.8629634964));
#4065 = CARTESIAN_POINT('',(-5.962215460496,-24.89542289536));
#4066 = CARTESIAN_POINT('',(-6.030203801028,-24.92788444241));
#4067 = CARTESIAN_POINT('',(-6.121309054083,-24.97138394377));
#4068 = CARTESIAN_POINT('',(-6.144433047977,-24.98242483508));
#4069 = CARTESIAN_POINT('',(-6.167557490689,-24.99346603059));
#4070 = CARTESIAN_POINT('',(-6.190682830976,-25.00450769846));
#4071 = CARTESIAN_POINT('',(-6.213809058434,-25.01554973376));
#4072 = CARTESIAN_POINT('',(-6.236935667061,-25.02659181222));
#4073 = CARTESIAN_POINT('',(-6.260061618816,-25.03763344407));
#4074 = CARTESIAN_POINT('',(-6.28318530718,-25.04867402788));
#4075 = ( GEOMETRIC_REPRESENTATION_CONTEXT(2) 
PARAMETRIC_REPRESENTATION_CONTEXT() REPRESENTATION_CONTEXT('2D SPACE',''
  ) );
#4076 = ORIENTED_EDGE('',*,*,#1810,.T.);
#4077 = ORIENTED_EDGE('',*,*,#4078,.F.);
#4078 = EDGE_CURVE('',#639,#1813,#4079,.T.);
#4079 = SURFACE_CURVE('',#4080,(#4211,#4218),.PCURVE_S1.);
#4080 = B_SPLINE_CURVE_WITH_KNOTS('',9,(#4081,#4082,#4083,#4084,#4085,
    #4086,#4087,#4088,#4089,#4090,#4091,#4092,#4093,#4094,#4095,#4096,
    #4097,#4098,#4099,#4100,#4101,#4102,#4103,#4104,#4105,#4106,#4107,
    #4108,#4109,#4110,#4111,#4112,#4113,#4114,#4115,#4116,#4117,#4118,
    #4119,#4120,#4121,#4122,#4123,#4124,#4125,#4126,#4127,#4128,#4129,
    #4130,#4131,#4132,#4133,#4134,#4135,#4136,#4137,#4138,#4139,#4140,
    #4141,#4142,#4143,#4144,#4145,#4146,#4147,#4148,#4149,#4150,#4151,
    #4152,#4153,#4154,#4155,#4156,#4157,#4158,#4159,#4160,#4161,#4162,
    #4163,#4164,#4165,#4166,#4167,#4168,#4169,#4170,#4171,#4172,#4173,
    #4174,#4175,#4176,#4177,#4178,#4179,#4180,#4181,#4182,#4183,#4184,
    #4185,#4186,#4187,#4188,#4189,#4190,#4191,#4192,#4193,#4194,#4195,
    #4196,#4197,#4198,#4199,#4200,#4201,#4202,#4203,#4204,#4205,#4206,
    #4207,#4208,#4209,#4210),.UNSPECIFIED.,.F.,.F.,(10,8,8,8,8,8,8,8,8,8
    ,8,8,8,8,8,8,10),(0.,4.279125229037,8.558250458073,12.83737568711,
    17.116500916147,21.395626145183,25.67475137422,29.953876603256,
    34.233001832293,38.51212706133,42.791252290366,47.070377519403,
    51.34950274844,55.628627977476,59.907753206513,64.186878435549,
    68.466003664586),.UNSPECIFIED.);
#4081 = CARTESIAN_POINT('',(12.05,71.5,3.552713678801E-15));
#4082 = CARTESIAN_POINT('',(12.05000000003,71.295141128887,5.1701763737)
  );
#4083 = CARTESIAN_POINT('',(9.554315397995,71.090272725911,
    10.340667031449));
#4084 = CARTESIAN_POINT('',(4.563548599543,70.885425728858,14.1320130203
    ));
#4085 = CARTESIAN_POINT('',(-2.038277032583,70.680546700368,
    15.179347791702));
#4086 = CARTESIAN_POINT('',(-8.47597311871,70.475701045923,
    12.756345729715));
#4087 = CARTESIAN_POINT('',(-12.74894468015,70.270830956654,
    7.616063150762));
#4088 = CARTESIAN_POINT('',(-14.00139177032,70.065973076353,
    1.474927434589));
#4089 = CARTESIAN_POINT('',(-12.46860209802,69.861111458251,
    -4.057974595947));
#4090 = CARTESIAN_POINT('',(-5.650737187817,69.451389151428,
    -11.83225951838));
#4091 = CARTESIAN_POINT('',(-0.365239102247,69.246527655849,
    -14.07412458619));
#4092 = CARTESIAN_POINT('',(5.88683551508,69.041669353274,
    -13.63397139986));
#4093 = CARTESIAN_POINT('',(11.540876923237,68.836800160764,
    -10.06849720427));
#4094 = CARTESIAN_POINT('',(14.783437872197,68.631953097053,
    -4.00214172394));
#4095 = CARTESIAN_POINT('',(14.606774266023,68.427075806546,
    2.67990899173));
#4096 = CARTESIAN_POINT('',(11.499289616706,68.222227088669,
    8.122849038743));
#4097 = CARTESIAN_POINT('',(6.69878536512,68.017360060586,
    11.272067158618));
#4098 = CARTESIAN_POINT('',(-3.553104158347,67.60764056107,
    12.621754007944));
#4099 = CARTESIAN_POINT('',(-9.005112816831,67.402773535397,
    10.822304807615));
#4100 = CARTESIAN_POINT('',(-13.41544903008,67.197924809216,
    6.369104645577));
#4101 = CARTESIAN_POINT('',(-15.31553494142,66.993047536337,
    -3.953681236686E-02));
#4102 = CARTESIAN_POINT('',(-13.75354989531,66.788200444931,
    -6.738422766141));
#4103 = CARTESIAN_POINT('',(-9.214977892294,66.583331286571,
    -11.64577996435));
#4104 = CARTESIAN_POINT('',(-3.289857574264,66.378472950187,
    -13.68909126244));
#4105 = CARTESIAN_POINT('',(2.395778905609,66.173611481619,
    -12.89160345045));
#4106 = CARTESIAN_POINT('',(10.993463690043,65.763889140272,
    -7.146814128263));
#4107 = CARTESIAN_POINT('',(13.906045229401,65.559027671753,
    -2.199156321973));
#4108 = CARTESIAN_POINT('',(14.285717109253,65.354169335202,
    4.056882449305));
#4109 = CARTESIAN_POINT('',(11.488746533965,65.149300177195,
    10.127940520029));
#4110 = CARTESIAN_POINT('',(5.897528700514,64.944453085236,
    14.134579191741));
#4111 = CARTESIAN_POINT('',(-0.750415373475,64.739575813036,
    14.83160960356));
#4112 = CARTESIAN_POINT('',(-6.552398452182,64.534727086187,
    12.461156154906));
#4113 = CARTESIAN_POINT('',(-10.30126611528,64.329860061045,
    8.112776332364));
#4114 = CARTESIAN_POINT('',(-12.97754630903,63.920140560851,
    -1.875237369925));
#4115 = CARTESIAN_POINT('',(-11.90512157624,63.715273535709,
    -7.515478590762));
#4116 = CARTESIAN_POINT('',(-8.065683551195,63.510424808862,
    -12.46934302665));
#4117 = CARTESIAN_POINT('',(-1.959879888295,63.30554753666,
    -15.18966900645));
#4118 = CARTESIAN_POINT('',(4.885576127935,63.100700444699,
    -14.51542703458));
#4119 = CARTESIAN_POINT('',(10.34335272666,62.895831286699,
    -10.65622179317));
#4120 = CARTESIAN_POINT('',(13.142566606917,62.690972950138,
    -5.048497344095));
#4121 = CARTESIAN_POINT('',(13.094025893769,62.486111481628,
    0.692590774955));
#4122 = CARTESIAN_POINT('',(8.520607097431,62.076389140268,
    9.966566649526));
#4123 = CARTESIAN_POINT('',(3.995445367413,61.871527671757,
    13.500029583916));
#4124 = CARTESIAN_POINT('',(-2.157515000164,61.666669335201,
    14.693030237413));
#4125 = CARTESIAN_POINT('',(-8.541712246406,61.46180017719,
    12.71242022581));
#4126 = CARTESIAN_POINT('',(-13.24387394257,61.256953085247,
    7.692007325492));
#4127 = CARTESIAN_POINT('',(-14.80267198861,61.052075813024,
    1.191918060096));
#4128 = CARTESIAN_POINT('',(-13.20980885644,60.847227086194,
    -4.869834511521));
#4129 = CARTESIAN_POINT('',(-9.387955447268,60.642360061042,
    -9.154207552645));
#4130 = CARTESIAN_POINT('',(0.165284750189,60.232640560854,
    -13.11128919474));
#4131 = CARTESIAN_POINT('',(5.89725244231,60.027773535693,
    -12.78423841394));
#4132 = CARTESIAN_POINT('',(11.309883106896,59.822924808895,
    -9.624256375093));
#4133 = CARTESIAN_POINT('',(14.803903623383,59.618047536619,
    -3.925762500613));
#4134 = CARTESIAN_POINT('',(15.028941192867,59.413200444731,
    2.949135927591));
#4135 = CARTESIAN_POINT('',(11.915134784699,59.208331286682,
    8.86394785612));
#4136 = CARTESIAN_POINT('',(6.720755924662,59.003472950144,
    12.371168992932));
#4137 = CARTESIAN_POINT('',(1.02244777588,58.798611481627,
    13.072405923694));
#4138 = CARTESIAN_POINT('',(-8.769138890381,58.388889140268,
    9.748610116803));
#4139 = CARTESIAN_POINT('',(-12.86302468933,58.184027671761,
    5.723371234864));
#4140 = CARTESIAN_POINT('',(-14.84894154451,57.979169335187,
    -0.221231871173));
#4141 = CARTESIAN_POINT('',(-13.71858088307,57.774300177218,
    -6.809332908088));
#4142 = CARTESIAN_POINT('',(-9.354873572465,57.569453085211,
    -12.12656233827));
#4143 = CARTESIAN_POINT('',(-3.113857445224,57.364575813054,
    -14.52045655192));
#4144 = CARTESIAN_POINT('',(3.103946352206,57.15972708618,
    -13.73243806596));
#4145 = CARTESIAN_POINT('',(7.850517960755,56.954860061045,
    -10.50250404164));
#4146 = CARTESIAN_POINT('',(13.02069428719,56.545140560851,
    -1.547495937446));
#4147 = CARTESIAN_POINT('',(13.444613387948,56.340273535704,
    4.178122669547));
#4148 = CARTESIAN_POINT('',(11.018155504006,56.135424808875,
    9.95690795148));
#4149 = CARTESIAN_POINT('',(5.824474228183,55.930547536642,
    14.16483934491));
#4150 = CARTESIAN_POINT('',(-0.962235193915,55.725700444713,
    15.285306000527));
#4151 = CARTESIAN_POINT('',(-7.232878380193,55.520831286691,
    12.970176516561));
#4152 = CARTESIAN_POINT('',(-11.38809724754,55.315972950141,
    8.278020508012));
#4153 = CARTESIAN_POINT('',(-12.82711346391,55.111111481627,
    2.719991961794));
#4154 = CARTESIAN_POINT('',(-10.80981171425,54.701389140269,
    -7.421668733557));
#4155 = CARTESIAN_POINT('',(-7.353368633673,54.496527671757,
    -12.00592987602));
#4156 = CARTESIAN_POINT('',(-1.718836596455,54.2916693352,
    -14.75078334487));
#4157 = CARTESIAN_POINT('',(4.960443995769,54.086800177194,
    -14.49001281794));
#4158 = CARTESIAN_POINT('',(10.801761890312,53.881953085242,
    -10.85767533892));
#4159 = CARTESIAN_POINT('',(13.989792077757,53.677075813029,
    -4.982517866162));
#4160 = CARTESIAN_POINT('',(14.020101452847,53.472227086192,
    1.284948810236));
#4161 = CARTESIAN_POINT('',(11.437351880016,53.267360061042,
    6.41250382998));
#4162 = CARTESIAN_POINT('',(3.233798540547,52.857640560854,
    12.707311690364));
#4163 = CARTESIAN_POINT('',(-2.387504059513,52.652773535692,
    13.874947299323));
#4164 = CARTESIAN_POINT('',(-8.433567340439,52.447924808898,
    12.223530937454));
#4165 = CARTESIAN_POINT('',(-13.28341073801,52.243047536616,
    7.62352758684));
#4166 = CARTESIAN_POINT('',(-15.28013498462,52.038200444733,
    1.041129650723));
#4167 = CARTESIAN_POINT('',(-13.80329493221,51.83333128668,
    -5.478052349854));
#4168 = CARTESIAN_POINT('',(-9.693645865368,51.628472950144,
    -10.21017200087));
#4169 = CARTESIAN_POINT('',(-4.370996331117,51.423611481627,
    -12.36234553641));
#4170 = CARTESIAN_POINT('',(5.947211767028,51.013889140268,
    -11.68605443622));
#4171 = CARTESIAN_POINT('',(10.943410273846,50.80902767176,
    -8.857547856426));
#4172 = CARTESIAN_POINT('',(14.400235152567,50.604169335191,
    -3.629495293346));
#4173 = CARTESIAN_POINT('',(15.013516616018,50.399300177212,
    3.026680511347));
#4174 = CARTESIAN_POINT('',(12.17469927013,50.194453085218,
    9.292140301639));
#4175 = CARTESIAN_POINT('',(6.765926024906,49.989575813052,
    13.219758382398));
#4176 = CARTESIAN_POINT('',(0.556034562172,49.784727086177,
    14.067877016781));
#4177 = CARTESIAN_POINT('',(-4.8647699808,49.579860061048,
    12.176503456689));
#4178 = CARTESIAN_POINT('',(-12.17650346737,49.170140560849,
    4.864769954038));
#4179 = CARTESIAN_POINT('',(-14.06787701556,48.965273535727,
    -0.556034593068));
#4180 = CARTESIAN_POINT('',(-13.21975836752,48.760424808823,
    -6.765926053998));
#4181 = CARTESIAN_POINT('',(-9.292140274882,48.555547536706,
    -12.1746992905));
#4182 = CARTESIAN_POINT('',(-3.026680478358,48.350700444665,
    -15.0135166227));
#4183 = CARTESIAN_POINT('',(3.629495324996,48.145831286712,
    -14.40023514457));
#4184 = CARTESIAN_POINT('',(8.857547880474,47.940972950138,
    -10.94341025438));
#4185 = CARTESIAN_POINT('',(11.686054449292,47.736111481624,
    -5.947211741346));
#4186 = CARTESIAN_POINT('',(12.362345526804,47.326389140278,
    4.370996358285));
#4187 = CARTESIAN_POINT('',(10.210171979569,47.121527671703,
    9.693645887804));
#4188 = CARTESIAN_POINT('',(5.478052319518,46.916669335346,
    13.803294944263));
#4189 = CARTESIAN_POINT('',(-1.041129684295,46.711800176927,
    15.28013498232));
#4190 = CARTESIAN_POINT('',(-7.623527616045,46.506953085608,
    13.283410721282));
#4191 = CARTESIAN_POINT('',(-12.22353095597,46.30207581264,
    8.433567313553));
#4192 = CARTESIAN_POINT('',(-13.87494730457,46.09722708652,
    2.387504029036));
#4193 = CARTESIAN_POINT('',(-12.70731168325,45.892360060822,
    -3.233798568481));
#4194 = CARTESIAN_POINT('',(-6.412503804836,45.482640561315,
    -11.43735189409));
#4195 = CARTESIAN_POINT('',(-1.284948779487,45.27777353321,
    -14.02010145574));
#4196 = CARTESIAN_POINT('',(4.982517897082,45.072924815383,
    -13.98979206661));
#4197 = CARTESIAN_POINT('',(10.857675362315,44.868047524804,
    -10.80176186679));
#4198 = CARTESIAN_POINT('',(14.490012829359,44.663200461164,
    -4.960443963464));
#4199 = CARTESIAN_POINT('',(14.750783340515,44.458331268606,
    1.718836628376));
#4200 = CARTESIAN_POINT('',(12.005929860393,44.253472966054,
    7.353368660488));
#4201 = CARTESIAN_POINT('',(7.421668709427,44.048611470468,
    10.809811730261));
#4202 = CARTESIAN_POINT('',(-2.719991989197,43.638889163646,
    12.827113458561));
#4203 = CARTESIAN_POINT('',(-8.27802053728,43.434027545544,
    11.388097225955));
#4204 = CARTESIAN_POINT('',(-12.97017652137,43.22916966524,
    7.232878360572));
#4205 = CARTESIAN_POINT('',(-15.28530602282,43.024299575978,
    0.962235144144));
#4206 = CARTESIAN_POINT('',(-14.16483930402,42.819453921525,
    -5.824474236805));
#4207 = CARTESIAN_POINT('',(-9.956907958178,42.614574893035,
    -11.01815555064));
#4208 = CARTESIAN_POINT('',(-4.178122612778,42.409727895995,
    -13.44461337533));
#4209 = CARTESIAN_POINT('',(1.54749594696,42.204859492998,
    -13.02069429907));
#4210 = CARTESIAN_POINT('',(6.025000022935,42.000000621903,
    -10.43560610236));
#4211 = PCURVE('',#712,#4212);
#4212 = DEFINITIONAL_REPRESENTATION('',(#4213),#4217);
#4213 = LINE('',#4214,#4215);
#4214 = CARTESIAN_POINT('',(0.,0.));
#4215 = VECTOR('',#4216,1.);
#4216 = DIRECTION('',(0.,1.));
#4217 = ( GEOMETRIC_REPRESENTATION_CONTEXT(2) 
PARAMETRIC_REPRESENTATION_CONTEXT() REPRESENTATION_CONTEXT('2D SPACE',''
  ) );
#4218 = PCURVE('',#1157,#4219);
#4219 = DEFINITIONAL_REPRESENTATION('',(#4220),#4224);
#4220 = LINE('',#4221,#4222);
#4221 = CARTESIAN_POINT('',(2.034177854762,0.));
#4222 = VECTOR('',#4223,1.);
#4223 = DIRECTION('',(0.,1.));
#4224 = ( GEOMETRIC_REPRESENTATION_CONTEXT(2) 
PARAMETRIC_REPRESENTATION_CONTEXT() REPRESENTATION_CONTEXT('2D SPACE',''
  ) );
#4225 = ADVANCED_FACE('',(#4226),#2029,.F.);
#4226 = FACE_BOUND('',#4227,.T.);
#4227 = EDGE_LOOP('',(#4228,#4229,#4252,#4459));
#4228 = ORIENTED_EDGE('',*,*,#3849,.F.);
#4229 = ORIENTED_EDGE('',*,*,#4230,.T.);
#4230 = EDGE_CURVE('',#3594,#4231,#4233,.T.);
#4231 = VERTEX_POINT('',#4232);
#4232 = CARTESIAN_POINT('',(10.376202,48.548673114449,2.548109155404E-15
    ));
#4233 = SURFACE_CURVE('',#4234,(#4238,#4245),.PCURVE_S1.);
#4234 = LINE('',#4235,#4236);
#4235 = CARTESIAN_POINT('',(10.376202,71.5,0.));
#4236 = VECTOR('',#4237,1.);
#4237 = DIRECTION('',(0.,-1.,1.110223024625E-16));
#4238 = PCURVE('',#2029,#4239);
#4239 = DEFINITIONAL_REPRESENTATION('',(#4240),#4244);
#4240 = LINE('',#4241,#4242);
#4241 = CARTESIAN_POINT('',(-0.,0.));
#4242 = VECTOR('',#4243,1.);
#4243 = DIRECTION('',(-0.,-1.));
#4244 = ( GEOMETRIC_REPRESENTATION_CONTEXT(2) 
PARAMETRIC_REPRESENTATION_CONTEXT() REPRESENTATION_CONTEXT('2D SPACE',''
  ) );
#4245 = PCURVE('',#3761,#4246);
#4246 = DEFINITIONAL_REPRESENTATION('',(#4247),#4251);
#4247 = LINE('',#4248,#4249);
#4248 = CARTESIAN_POINT('',(-6.28318530718,0.));
#4249 = VECTOR('',#4250,1.);
#4250 = DIRECTION('',(-0.,-1.));
#4251 = ( GEOMETRIC_REPRESENTATION_CONTEXT(2) 
PARAMETRIC_REPRESENTATION_CONTEXT() REPRESENTATION_CONTEXT('2D SPACE',''
  ) );
#4252 = ORIENTED_EDGE('',*,*,#4253,.T.);
#4253 = EDGE_CURVE('',#4231,#1923,#4254,.T.);
#4254 = SURFACE_CURVE('',#4255,(#4321,#4390),.PCURVE_S1.);
#4255 = B_SPLINE_CURVE_WITH_KNOTS('',8,(#4256,#4257,#4258,#4259,#4260,
    #4261,#4262,#4263,#4264,#4265,#4266,#4267,#4268,#4269,#4270,#4271,
    #4272,#4273,#4274,#4275,#4276,#4277,#4278,#4279,#4280,#4281,#4282,
    #4283,#4284,#4285,#4286,#4287,#4288,#4289,#4290,#4291,#4292,#4293,
    #4294,#4295,#4296,#4297,#4298,#4299,#4300,#4301,#4302,#4303,#4304,
    #4305,#4306,#4307,#4308,#4309,#4310,#4311,#4312,#4313,#4314,#4315,
    #4316,#4317,#4318,#4319,#4320),.UNSPECIFIED.,.F.,.F.,(9,7,7,7,7,7,7,
    7,7,9),(0.,0.147711505173,0.274519362479,0.411494500774,
    0.546607819708,0.594119194362,0.637704306742,0.731078477476,
    0.845256656231,1.),.UNSPECIFIED.);
#4256 = CARTESIAN_POINT('',(10.376202,48.548673114449,
    -1.004604523397E-15));
#4257 = CARTESIAN_POINT('',(10.376202,48.493290183011,1.203568854941));
#4258 = CARTESIAN_POINT('',(10.216652090594,48.437845490483,
    2.408494400972));
#4259 = CARTESIAN_POINT('',(9.896927458938,48.382441305231,
    3.587912665512));
#4260 = CARTESIAN_POINT('',(9.422574576398,48.327050965034,
    4.717359223326));
#4261 = CARTESIAN_POINT('',(8.802531386129,48.271660472317,
    5.773921346301));
#4262 = CARTESIAN_POINT('',(8.049774655209,48.216247797322,
    6.736671720297));
#4263 = CARTESIAN_POINT('',(7.180528558881,48.160796544243,
    7.586444226169));
#4264 = CARTESIAN_POINT('',(5.389668321705,48.057872667272,
    8.926624308078));
#4265 = CARTESIAN_POINT('',(4.491436998533,48.010299047377,
    9.451945432229));
#4266 = CARTESIAN_POINT('',(3.535419193366,47.962743324023,
    9.873316231909));
#4267 = CARTESIAN_POINT('',(2.535805386712,47.915199368955,10.1837334498
    ));
#4268 = CARTESIAN_POINT('',(1.507356478396,47.867654090049,
    10.378311625522));
#4269 = CARTESIAN_POINT('',(0.46539788063,47.820095612403,
    10.454452567351));
#4270 = CARTESIAN_POINT('',(-0.57426846193,47.772519281232,
    10.411695153735));
#4271 = CARTESIAN_POINT('',(-2.698066885715,47.67361362597,10.0812537902
    ));
#4272 = CARTESIAN_POINT('',(-3.780746370475,47.622211790919,
    9.77394744163));
#4273 = CARTESIAN_POINT('',(-4.822241806898,47.570838190334,
    9.33378436923));
#4274 = CARTESIAN_POINT('',(-5.80387139532,47.519482182831,8.76774045402
    ));
#4275 = CARTESIAN_POINT('',(-6.708443976492,47.468124662084,
    8.085217685849));
#4276 = CARTESIAN_POINT('',(-7.520544718807,47.416747017316,
    7.29834770848));
#4277 = CARTESIAN_POINT('',(-8.226385831503,47.365341787617,6.4216566582
    ));
#4278 = CARTESIAN_POINT('',(-9.395816898074,47.263328509443,
    4.538291920711));
#4279 = CARTESIAN_POINT('',(-9.863644741375,47.212625449166,
    3.531814846589));
#4280 = CARTESIAN_POINT('',(-10.20747071338,47.161947435604,
    2.471224443775));
#4281 = CARTESIAN_POINT('',(-10.42062134909,47.111287221094,
    1.374499904825));
#4282 = CARTESIAN_POINT('',(-10.49912783241,47.060629988281,
    0.260026283329));
#4283 = CARTESIAN_POINT('',(-10.44206665371,47.009956489925,
    -0.853414629095));
#4284 = CARTESIAN_POINT('',(-10.25122808215,46.959256746181,
    -1.9467491064));
#4285 = CARTESIAN_POINT('',(-9.820928250358,46.890785733879,
    -3.371171076905));
#4286 = CARTESIAN_POINT('',(-9.693188006576,46.872972981533,
    -3.736964702684));
#4287 = CARTESIAN_POINT('',(-9.549883258591,46.855160036221,
    -4.097199017188));
#4288 = CARTESIAN_POINT('',(-9.391294121326,46.837346600143,
    -4.451108878071));
#4289 = CARTESIAN_POINT('',(-9.217751263419,46.819532837291,
    -4.797941389693));
#4290 = CARTESIAN_POINT('',(-9.029635907217,46.801719373446,
    -5.136955903116));
#4291 = CARTESIAN_POINT('',(-8.82737982878,46.783907296178,
    -5.467424016103));
#4292 = CARTESIAN_POINT('',(-8.413393705623,46.749760731819,
    -6.083291228397));
#4293 = CARTESIAN_POINT('',(-8.203820562604,46.733424621316,
    -6.370182165661));
#4294 = CARTESIAN_POINT('',(-7.983081869661,46.717088566888,
    -6.64879710347));
#4295 = CARTESIAN_POINT('',(-7.751547683769,46.700751835561,
    -6.918644377186));
#4296 = CARTESIAN_POINT('',(-7.509622178035,46.684414217837,
    -7.179245938975));
#4297 = CARTESIAN_POINT('',(-7.257743641705,46.668076027697,
    -7.430137357808));
#4298 = CARTESIAN_POINT('',(-6.996384480157,46.651738102597,
    -7.670867819463));
#4299 = CARTESIAN_POINT('',(-6.146905192658,46.600403880995,
    -8.394021990103));
#4300 = CARTESIAN_POINT('',(-5.526350134134,46.565399805034,
    -8.838618910448));
#4301 = CARTESIAN_POINT('',(-4.869274260941,46.530398577938,
    -9.230578548127));
#4302 = CARTESIAN_POINT('',(-4.180929899981,46.495400690356,
    -9.566463844681));
#4303 = CARTESIAN_POINT('',(-3.466862692154,46.460402440392,
    -9.843488800119));
#4304 = CARTESIAN_POINT('',(-2.732880508612,46.425400189507,
    -10.05947875404));
#4305 = CARTESIAN_POINT('',(-1.98506207458,46.390394555163,
    -10.21291517039));
#4306 = CARTESIAN_POINT('',(-0.306275353907,46.312596430915,
    -10.4133002813));
#4307 = CARTESIAN_POINT('',(0.628973389519,46.269779338794,
    -10.42897852299));
#4308 = CARTESIAN_POINT('',(1.5640114955,46.226972867654,-10.34852135357
    ));
#4309 = CARTESIAN_POINT('',(2.487317551103,46.184174806692,
    -10.17241282836));
#4310 = CARTESIAN_POINT('',(3.387704364341,46.141376249571,
    -9.902597177087));
#4311 = CARTESIAN_POINT('',(4.254353953903,46.098568871461,
    -9.542515909996));
#4312 = CARTESIAN_POINT('',(5.076830455507,46.05575085333,
    -9.097055035034));
#4313 = CARTESIAN_POINT('',(6.886764906435,45.954946402292,
    -7.863011221518));
#4314 = CARTESIAN_POINT('',(7.831201582953,45.896854391722,
    -7.007263837574));
#4315 = CARTESIAN_POINT('',(8.652158201706,45.838814699113,
    -6.022805581341));
#4316 = CARTESIAN_POINT('',(9.330376492218,45.780805105215,
    -4.931117254837));
#4317 = CARTESIAN_POINT('',(9.850295063727,45.722798918191,
    -3.755765653272));
#4318 = CARTESIAN_POINT('',(10.20120168828,45.664764576591,
    -2.522877472233));
#4319 = CARTESIAN_POINT('',(10.376202,45.6066778347,-1.260495642655));
#4320 = CARTESIAN_POINT('',(10.376202,45.548676219909,
    -2.447894800185E-15));
#4321 = PCURVE('',#2029,#4322);
#4322 = DEFINITIONAL_REPRESENTATION('',(#4323),#4389);
#4323 = B_SPLINE_CURVE_WITH_KNOTS('',8,(#4324,#4325,#4326,#4327,#4328,
    #4329,#4330,#4331,#4332,#4333,#4334,#4335,#4336,#4337,#4338,#4339,
    #4340,#4341,#4342,#4343,#4344,#4345,#4346,#4347,#4348,#4349,#4350,
    #4351,#4352,#4353,#4354,#4355,#4356,#4357,#4358,#4359,#4360,#4361,
    #4362,#4363,#4364,#4365,#4366,#4367,#4368,#4369,#4370,#4371,#4372,
    #4373,#4374,#4375,#4376,#4377,#4378,#4379,#4380,#4381,#4382,#4383,
    #4384,#4385,#4386,#4387,#4388),.UNSPECIFIED.,.F.,.F.,(9,7,7,7,7,7,7,
    7,7,9),(0.,0.147711505173,0.274519362479,0.411494500774,
    0.546607819708,0.594119194362,0.637704306742,0.731078477476,
    0.845256656231,1.),.UNSPECIFIED.);
#4324 = CARTESIAN_POINT('',(0.,-22.95132688555));
#4325 = CARTESIAN_POINT('',(-0.11599319818,-23.00670981698));
#4326 = CARTESIAN_POINT('',(-0.23211684055,-23.06215450951));
#4327 = CARTESIAN_POINT('',(-0.348162499646,-23.11755869476));
#4328 = CARTESIAN_POINT('',(-0.464163090162,-23.17294903496));
#4329 = CARTESIAN_POINT('',(-0.580168401894,-23.22833952768));
#4330 = CARTESIAN_POINT('',(-0.696223631179,-23.28375220267));
#4331 = CARTESIAN_POINT('',(-0.812363281816,-23.33920345575));
#4332 = CARTESIAN_POINT('',(-1.027933246304,-23.44212733272));
#4333 = CARTESIAN_POINT('',(-1.127574920135,-23.48970095262));
#4334 = CARTESIAN_POINT('',(-1.227178227503,-23.53725667597));
#4335 = CARTESIAN_POINT('',(-1.326753881865,-23.58480063104));
#4336 = CARTESIAN_POINT('',(-1.426328697228,-23.63234590995));
#4337 = CARTESIAN_POINT('',(-1.525929975876,-23.67990438759));
#4338 = CARTESIAN_POINT('',(-1.625569395328,-23.72748071876));
#4339 = CARTESIAN_POINT('',(-1.83271179225,-23.82638637403));
#4340 = CARTESIAN_POINT('',(-1.9403669267,-23.87778820908));
#4341 = CARTESIAN_POINT('',(-2.047966178591,-23.92916180966));
#4342 = CARTESIAN_POINT('',(-2.15553183938,-23.98051781716));
#4343 = CARTESIAN_POINT('',(-2.263100710726,-24.03187533791));
#4344 = CARTESIAN_POINT('',(-2.370708447,-24.08325298268));
#4345 = CARTESIAN_POINT('',(-2.478370958473,-24.13465821238));
#4346 = CARTESIAN_POINT('',(-2.692023012942,-24.23667149055));
#4347 = CARTESIAN_POINT('',(-2.798211577737,-24.28737455083));
#4348 = CARTESIAN_POINT('',(-2.904347454531,-24.33805256439));
#4349 = CARTESIAN_POINT('',(-3.010447770397,-24.3887127789));
#4350 = CARTESIAN_POINT('',(-3.116547113677,-24.43937001171));
#4351 = CARTESIAN_POINT('',(-3.222680589876,-24.49004351007));
#4352 = CARTESIAN_POINT('',(-3.328866505876,-24.54074325381));
#4353 = CARTESIAN_POINT('',(-3.472271315906,-24.60921426612));
#4354 = CARTESIAN_POINT('',(-3.509577888561,-24.62702701846));
#4355 = CARTESIAN_POINT('',(-3.546884867806,-24.64483996377));
#4356 = CARTESIAN_POINT('',(-3.584193029595,-24.66265339985));
#4357 = CARTESIAN_POINT('',(-3.621502105112,-24.6804671627));
#4358 = CARTESIAN_POINT('',(-3.658810780761,-24.69828062655));
#4359 = CARTESIAN_POINT('',(-3.696116698178,-24.71609270382));
#4360 = CARTESIAN_POINT('',(-3.767633819446,-24.75023926818));
#4361 = CARTESIAN_POINT('',(-3.801847794985,-24.76657537868));
#4362 = CARTESIAN_POINT('',(-3.836061416985,-24.78291143311));
#4363 = CARTESIAN_POINT('',(-3.870276512237,-24.79924816443));
#4364 = CARTESIAN_POINT('',(-3.904493698178,-24.81558578216));
#4365 = CARTESIAN_POINT('',(-3.938712382892,-24.8319239723));
#4366 = CARTESIAN_POINT('',(-3.972930765108,-24.8482618974));
#4367 = CARTESIAN_POINT('',(-4.080446177575,-24.899596119));
#4368 = CARTESIAN_POINT('',(-4.15375982884,-24.93460019496));
#4369 = CARTESIAN_POINT('',(-4.22706638475,-24.96960142206));
#4370 = CARTESIAN_POINT('',(-4.300364466945,-25.00459930964));
#4371 = CARTESIAN_POINT('',(-4.373662442806,-25.0395975596));
#4372 = CARTESIAN_POINT('',(-4.446969048994,-25.07459981049));
#4373 = CARTESIAN_POINT('',(-4.520283917644,-25.10960544483));
#4374 = CARTESIAN_POINT('',(-4.683224434155,-25.18740356908));
#4375 = CARTESIAN_POINT('',(-4.772902185943,-25.2302206612));
#4376 = CARTESIAN_POINT('',(-4.862559365206,-25.27302713234));
#4377 = CARTESIAN_POINT('',(-4.952199577354,-25.3158251933));
#4378 = CARTESIAN_POINT('',(-5.041839241922,-25.35862375043));
#4379 = CARTESIAN_POINT('',(-5.131494981953,-25.40143112853));
#4380 = CARTESIAN_POINT('',(-5.221171033728,-25.44424914667));
#4381 = CARTESIAN_POINT('',(-5.432288710063,-25.5450535977));
#4382 = CARTESIAN_POINT('',(-5.553950584011,-25.60314560827));
#4383 = CARTESIAN_POINT('',(-5.675503272887,-25.66118530088));
#4384 = CARTESIAN_POINT('',(-5.796997470188,-25.71919489478));
#4385 = CARTESIAN_POINT('',(-5.918491522742,-25.7772010818));
#4386 = CARTESIAN_POINT('',(-6.040045059168,-25.8352354234));
#4387 = CARTESIAN_POINT('',(-6.161705825318,-25.8933221653));
#4388 = CARTESIAN_POINT('',(-6.28318530718,-25.95132378009));
#4389 = ( GEOMETRIC_REPRESENTATION_CONTEXT(2) 
PARAMETRIC_REPRESENTATION_CONTEXT() REPRESENTATION_CONTEXT('2D SPACE',''
  ) );
#4390 = PCURVE('',#1157,#4391);
#4391 = DEFINITIONAL_REPRESENTATION('',(#4392),#4458);
#4392 = B_SPLINE_CURVE_WITH_KNOTS('',8,(#4393,#4394,#4395,#4396,#4397,
    #4398,#4399,#4400,#4401,#4402,#4403,#4404,#4405,#4406,#4407,#4408,
    #4409,#4410,#4411,#4412,#4413,#4414,#4415,#4416,#4417,#4418,#4419,
    #4420,#4421,#4422,#4423,#4424,#4425,#4426,#4427,#4428,#4429,#4430,
    #4431,#4432,#4433,#4434,#4435,#4436,#4437,#4438,#4439,#4440,#4441,
    #4442,#4443,#4444,#4445,#4446,#4447,#4448,#4449,#4450,#4451,#4452,
    #4453,#4454,#4455,#4456,#4457),.UNSPECIFIED.,.F.,.F.,(9,7,7,7,7,7,7,
    7,7,9),(0.,0.147711505173,0.274519362479,0.411494500774,
    0.546607819708,0.594119194362,0.637704306742,0.731078477476,
    0.845256656231,1.),.UNSPECIFIED.);
#4393 = CARTESIAN_POINT('',(5.900372794897E-02,55.701155318787));
#4394 = CARTESIAN_POINT('',(5.900475192174E-02,55.829691325075));
#4395 = CARTESIAN_POINT('',(5.90052172942E-02,55.958371357411));
#4396 = CARTESIAN_POINT('',(5.899746196556E-02,56.086967411351));
#4397 = CARTESIAN_POINT('',(5.900410319711E-02,56.215513578646));
#4398 = CARTESIAN_POINT('',(5.900766391741E-02,56.344063920276));
#4399 = CARTESIAN_POINT('',(5.900852743722E-02,56.472669097771));
#4400 = CARTESIAN_POINT('',(5.900631399896E-02,56.601367620793));
#4401 = CARTESIAN_POINT('',(5.90008167498E-02,56.840248543898));
#4402 = CARTESIAN_POINT('',(5.899769406968E-02,56.950665143485));
#4403 = CARTESIAN_POINT('',(5.899522282328E-02,57.061039401693));
#4404 = CARTESIAN_POINT('',(5.899525417593E-02,57.171383251716));
#4405 = CARTESIAN_POINT('',(5.899847541811E-02,57.281726229318));
#4406 = CARTESIAN_POINT('',(5.900281393676E-02,57.392098454489));
#4407 = CARTESIAN_POINT('',(5.900654950813E-02,57.502512858236));
#4408 = CARTESIAN_POINT('',(5.90111390865E-02,57.732055478799));
#4409 = CARTESIAN_POINT('',(5.901173975113E-02,57.851352298078));
#4410 = CARTESIAN_POINT('',(5.900943957635E-02,57.970587177535));
#4411 = CARTESIAN_POINT('',(5.900415137784E-02,58.089784926831));
#4412 = CARTESIAN_POINT('',(5.899866657433E-02,58.20898644595));
#4413 = CARTESIAN_POINT('',(5.899613086486E-02,58.32823103376));
#4414 = CARTESIAN_POINT('',(5.899640239696E-02,58.447536162287));
#4415 = CARTESIAN_POINT('',(5.900019102432E-02,58.684292204513));
#4416 = CARTESIAN_POINT('',(5.900367861745E-02,58.80196366639));
#4417 = CARTESIAN_POINT('',(5.900748954665E-02,58.919576568947));
#4418 = CARTESIAN_POINT('',(5.900977058343E-02,59.037150024759));
#4419 = CARTESIAN_POINT('',(5.900707370593E-02,59.154722704108));
#4420 = CARTESIAN_POINT('',(5.900371599957E-02,59.272334021151));
#4421 = CARTESIAN_POINT('',(5.900263883362E-02,59.39000358658));
#4422 = CARTESIAN_POINT('',(5.900286642937E-02,59.548916664089));
#4423 = CARTESIAN_POINT('',(5.900315882016E-02,59.590257661034));
#4424 = CARTESIAN_POINT('',(5.900351365178E-02,59.631599031561));
#4425 = CARTESIAN_POINT('',(5.900380636812E-02,59.672941613556));
#4426 = CARTESIAN_POINT('',(5.900395859599E-02,59.71428511105));
#4427 = CARTESIAN_POINT('',(5.900393814507E-02,59.755628094218));
#4428 = CARTESIAN_POINT('',(5.900375900794E-02,59.796967999383));
#4429 = CARTESIAN_POINT('',(5.900322665657E-02,59.876218556424));
#4430 = CARTESIAN_POINT('',(5.900333198421E-02,59.914132367511));
#4431 = CARTESIAN_POINT('',(5.90036336327E-02,59.952045796293));
#4432 = CARTESIAN_POINT('',(5.90039940055E-02,59.989960789643));
#4433 = CARTESIAN_POINT('',(5.900430161987E-02,60.027878007284));
#4434 = CARTESIAN_POINT('',(5.900447110683E-02,60.065796821793));
#4435 = CARTESIAN_POINT('',(5.900444321116E-02,60.103715318597));
#4436 = CARTESIAN_POINT('',(5.900363116826E-02,60.222857104335));
#4437 = CARTESIAN_POINT('',(5.900250966657E-02,60.304098971645));
#4438 = CARTESIAN_POINT('',(5.900210134315E-02,60.385333321985));
#4439 = CARTESIAN_POINT('',(5.900290328724E-02,60.466558373258));
#4440 = CARTESIAN_POINT('',(5.900456062158E-02,60.547783158788));
#4441 = CARTESIAN_POINT('',(5.900614556405E-02,60.629017281216));
#4442 = CARTESIAN_POINT('',(5.900678354979E-02,60.71026039869));
#4443 = CARTESIAN_POINT('',(5.900643426756E-02,60.890820975958));
#4444 = CARTESIAN_POINT('',(5.900496746099E-02,60.990196119816));
#4445 = CARTESIAN_POINT('',(5.90020627016E-02,61.089548392406));
#4446 = CARTESIAN_POINT('',(5.899850410963E-02,61.188881975906));
#4447 = CARTESIAN_POINT('',(5.899622907273E-02,61.288215154335));
#4448 = CARTESIAN_POINT('',(5.899602348597E-02,61.387566273241));
#4449 = CARTESIAN_POINT('',(5.899755879739E-02,61.486939950101));
#4450 = CARTESIAN_POINT('',(5.900338705905E-02,61.720888010391));
#4451 = CARTESIAN_POINT('',(5.900847019929E-02,61.855706454624));
#4452 = CARTESIAN_POINT('',(5.901330363997E-02,61.990403766813));
#4453 = CARTESIAN_POINT('',(5.90142102545E-02,62.125036032392));
#4454 = CARTESIAN_POINT('',(5.900870281717E-02,62.259668273922));
#4455 = CARTESIAN_POINT('',(5.900251108998E-02,62.394366703625));
#4456 = CARTESIAN_POINT('',(5.899856837699E-02,62.529183990339));
#4457 = CARTESIAN_POINT('',(5.899741753914E-02,62.663800280875));
#4458 = ( GEOMETRIC_REPRESENTATION_CONTEXT(2) 
PARAMETRIC_REPRESENTATION_CONTEXT() REPRESENTATION_CONTEXT('2D SPACE',''
  ) );
#4459 = ORIENTED_EDGE('',*,*,#2014,.F.);
#4460 = ADVANCED_FACE('',(#4461),#1157,.T.);
#4461 = FACE_BOUND('',#4462,.T.);
#4462 = EDGE_LOOP('',(#4463,#4651,#4652,#4653,#4654,#4655,#4864,#5094,
    #5303,#5533,#5763,#5972));
#4463 = ORIENTED_EDGE('',*,*,#4464,.F.);
#4464 = EDGE_CURVE('',#1043,#4465,#4467,.T.);
#4465 = VERTEX_POINT('',#4466);
#4466 = CARTESIAN_POINT('',(10.376202,69.548675824482,2.166405028167E-16
    ));
#4467 = SURFACE_CURVE('',#4468,(#4527,#4589),.PCURVE_S1.);
#4468 = B_SPLINE_CURVE_WITH_KNOTS('',8,(#4469,#4470,#4471,#4472,#4473,
    #4474,#4475,#4476,#4477,#4478,#4479,#4480,#4481,#4482,#4483,#4484,
    #4485,#4486,#4487,#4488,#4489,#4490,#4491,#4492,#4493,#4494,#4495,
    #4496,#4497,#4498,#4499,#4500,#4501,#4502,#4503,#4504,#4505,#4506,
    #4507,#4508,#4509,#4510,#4511,#4512,#4513,#4514,#4515,#4516,#4517,
    #4518,#4519,#4520,#4521,#4522,#4523,#4524,#4525,#4526),
  .UNSPECIFIED.,.F.,.F.,(9,7,7,7,7,7,7,7,9),(0.,0.103034467296,
    0.27775664606,0.380489796707,0.439185310182,0.519805647716,
    0.635159438956,0.795211881434,1.),.UNSPECIFIED.);
#4469 = CARTESIAN_POINT('',(-6.07560093016,71.5000006,8.411458927097));
#4470 = CARTESIAN_POINT('',(-6.518310709912,71.474871705253,
    8.091689431254));
#4471 = CARTESIAN_POINT('',(-6.941788008798,71.449742784826,
    7.745289440989));
#4472 = CARTESIAN_POINT('',(-7.344156618982,71.424614051968,
    7.373613333865));
#4473 = CARTESIAN_POINT('',(-7.723673725369,71.399484899356,
    6.97816250496));
#4474 = CARTESIAN_POINT('',(-8.078721918789,71.374354608172,
    6.560577326076));
#4475 = CARTESIAN_POINT('',(-8.407811886378,71.349223205178,
    6.122637708135));
#4476 = CARTESIAN_POINT('',(-8.709595779147,71.324092467812,
    5.666272266774));
#4477 = CARTESIAN_POINT('',(-9.446335990775,71.256360335169,
    4.39199475752));
#4478 = CARTESIAN_POINT('',(-9.828297303859,71.213728727687,
    3.54269473858));
#4479 = CARTESIAN_POINT('',(-10.12263763399,71.171104765991,
    2.655916997367));
#4480 = CARTESIAN_POINT('',(-10.32528240562,71.12848916658,
    1.742336051677));
#4481 = CARTESIAN_POINT('',(-10.43363177737,71.085875748992,
    0.812871616652));
#4482 = CARTESIAN_POINT('',(-10.44659003098,71.043256645783,
    -0.121326773664));
#4483 = CARTESIAN_POINT('',(-10.364501655,71.000628003182,
    -1.048920201138));
#4484 = CARTESIAN_POINT('',(-10.08696310042,70.932961186319,
    -2.493034196069));
#4485 = CARTESIAN_POINT('',(-9.952121064896,70.907903662187,
    -3.021635425796));
#4486 = CARTESIAN_POINT('',(-9.785638935938,70.882847646652,
    -3.541791514559));
#4487 = CARTESIAN_POINT('',(-9.588158182791,70.857794114326,
    -4.05127590272));
#4488 = CARTESIAN_POINT('',(-9.360493285902,70.832742261112,
    -4.547961344329));
#4489 = CARTESIAN_POINT('',(-9.103612860057,70.807690430452,
    -5.029814141606));
#4490 = CARTESIAN_POINT('',(-8.818632382923,70.782636621549,
    -5.494892241209));
#4491 = CARTESIAN_POINT('',(-8.328666937746,70.743261928844,
    -6.196424569267));
#4492 = CARTESIAN_POINT('',(-8.141778293892,70.728945619344,
    -6.44539499199));
#4493 = CARTESIAN_POINT('',(-7.946385123287,70.714628726865,
    -6.687918482287));
#4494 = CARTESIAN_POINT('',(-7.742741364901,70.700310773769,
    -6.923662812647));
#4495 = CARTESIAN_POINT('',(-7.531122370842,70.685991729015,
    -7.152303506219));
#4496 = CARTESIAN_POINT('',(-7.311824906349,70.671672008159,
    -7.373523836802));
#4497 = CARTESIAN_POINT('',(-7.085167149799,70.657352473353,
    -7.587014828854));
#4498 = CARTESIAN_POINT('',(-6.530523171317,70.623368105378,
    -8.074682331346));
#4499 = CARTESIAN_POINT('',(-6.196353467971,70.603706644233,
    -8.341726369136));
#4500 = CARTESIAN_POINT('',(-5.849748479032,70.584045995387,
    -8.592919457205));
#4501 = CARTESIAN_POINT('',(-5.4915443431,70.564383714784,
    -8.827617039088));
#4502 = CARTESIAN_POINT('',(-5.122644441008,70.544718968833,
    -9.045217915502));
#4503 = CARTESIAN_POINT('',(-4.744019395825,70.525052534409,
    -9.245164244351));
#4504 = CARTESIAN_POINT('',(-4.356707072853,70.505386798855,
    -9.426941540719));
#4505 = CARTESIAN_POINT('',(-3.396786702462,70.457594206038,
    -9.823499767923));
#4506 = CARTESIAN_POINT('',(-2.815908451417,70.429455768254,
    -10.01893068002));
#4507 = CARTESIAN_POINT('',(-2.22228327667,70.401316843157,
    -10.17505232551));
#4508 = CARTESIAN_POINT('',(-1.619064897899,70.373179735574,
    -10.29090915874));
#4509 = CARTESIAN_POINT('',(-1.009443092562,70.345044361894,
    -10.36586036775));
#4510 = CARTESIAN_POINT('',(-0.396636591795,70.316909876562,
    -10.39955760639));
#4511 = CARTESIAN_POINT('',(0.216108916043,70.288776221792,
    -10.39194926701));
#4512 = CARTESIAN_POINT('',(1.671067345016,70.221614593435,
    -10.27582650281));
#4513 = CARTESIAN_POINT('',(2.510691239394,70.182566490189,
    -10.12931354799));
#4514 = CARTESIAN_POINT('',(3.335267216642,70.143524173739,
    -9.904381244242));
#4515 = CARTESIAN_POINT('',(4.136216407633,70.104488750394,
    -9.602972203594));
#4516 = CARTESIAN_POINT('',(4.905433560567,70.065455097336,
    -9.228053736647));
#4517 = CARTESIAN_POINT('',(5.635251195548,70.026417256394,
    -8.783507099137));
#4518 = CARTESIAN_POINT('',(6.318469816815,69.987372892904,
    -8.274185119455));
#4519 = CARTESIAN_POINT('',(7.754596698883,69.898388134778,
    -6.979250265293));
#4520 = CARTESIAN_POINT('',(8.474420485151,69.848402272097,
    -6.155471182813));
#4521 = CARTESIAN_POINT('',(9.093286791101,69.798440877341,
    -5.247541173337));
#4522 = CARTESIAN_POINT('',(9.600218122681,69.748497162263,
    -4.270168609085));
#4523 = CARTESIAN_POINT('',(9.986594108356,69.698556085905,
    -3.239190815338));
#4524 = CARTESIAN_POINT('',(10.246442804611,69.64860007792,
    -2.171605166404));
#4525 = CARTESIAN_POINT('',(10.376201999205,69.598620187391,
    -1.085405391679));
#4526 = CARTESIAN_POINT('',(10.376202,69.548675824482,
    -3.336073175984E-15));
#4527 = PCURVE('',#1157,#4528);
#4528 = DEFINITIONAL_REPRESENTATION('',(#4529),#4588);
#4529 = B_SPLINE_CURVE_WITH_KNOTS('',8,(#4530,#4531,#4532,#4533,#4534,
    #4535,#4536,#4537,#4538,#4539,#4540,#4541,#4542,#4543,#4544,#4545,
    #4546,#4547,#4548,#4549,#4550,#4551,#4552,#4553,#4554,#4555,#4556,
    #4557,#4558,#4559,#4560,#4561,#4562,#4563,#4564,#4565,#4566,#4567,
    #4568,#4569,#4570,#4571,#4572,#4573,#4574,#4575,#4576,#4577,#4578,
    #4579,#4580,#4581,#4582,#4583,#4584,#4585,#4586,#4587),
  .UNSPECIFIED.,.F.,.F.,(9,7,7,7,7,7,7,7,9),(0.,0.103034467296,
    0.27775664606,0.380489796707,0.439185310182,0.519805647716,
    0.635159438956,0.795211881434,1.),.UNSPECIFIED.);
#4530 = CARTESIAN_POINT('',(5.900512664008E-02,2.433842673171));
#4531 = CARTESIAN_POINT('',(5.90033715384E-02,2.492166013497));
#4532 = CARTESIAN_POINT('',(5.900151450488E-02,2.550489539164));
#4533 = CARTESIAN_POINT('',(5.899971553608E-02,2.608812559046));
#4534 = CARTESIAN_POINT('',(5.899822020434E-02,2.66713618103));
#4535 = CARTESIAN_POINT('',(5.899722764138E-02,2.725461828715));
#4536 = CARTESIAN_POINT('',(5.899682291904E-02,2.783789335393));
#4537 = CARTESIAN_POINT('',(5.89969738267E-02,2.842114615297));
#4538 = CARTESIAN_POINT('',(5.899864039965E-02,2.999310827552));
#4539 = CARTESIAN_POINT('',(5.900102566357E-02,3.098250811289));
#4540 = CARTESIAN_POINT('',(5.90042349439E-02,3.197172037809));
#4541 = CARTESIAN_POINT('',(5.900714999619E-02,3.296074215891));
#4542 = CARTESIAN_POINT('',(5.900807854525E-02,3.394973767017));
#4543 = CARTESIAN_POINT('',(5.900697067378E-02,3.493889006382));
#4544 = CARTESIAN_POINT('',(5.900536336083E-02,3.592826989272));
#4545 = CARTESIAN_POINT('',(5.900344996679E-02,3.749875967969));
#4546 = CARTESIAN_POINT('',(5.900289469119E-02,3.808032180271));
#4547 = CARTESIAN_POINT('',(5.900262299868E-02,3.866184543705));
#4548 = CARTESIAN_POINT('',(5.900285547135E-02,3.924330527183));
#4549 = CARTESIAN_POINT('',(5.900351032839E-02,3.982472100849));
#4550 = CARTESIAN_POINT('',(5.900415508244E-02,4.040613644832));
#4551 = CARTESIAN_POINT('',(5.900430240915E-02,4.098760402833));
#4552 = CARTESIAN_POINT('',(5.900390615047E-02,4.190144919927));
#4553 = CARTESIAN_POINT('',(5.900354066871E-02,4.223371839366));
#4554 = CARTESIAN_POINT('',(5.900323182798E-02,4.256600041438));
#4555 = CARTESIAN_POINT('',(5.900314131756E-02,4.289830435567));
#4556 = CARTESIAN_POINT('',(5.900331447296E-02,4.323063038012));
#4557 = CARTESIAN_POINT('',(5.900368027592E-02,4.356296971861));
#4558 = CARTESIAN_POINT('',(5.900405135445E-02,4.389530467038));
#4559 = CARTESIAN_POINT('',(5.900422374038E-02,4.468403965917));
#4560 = CARTESIAN_POINT('',(5.900399805444E-02,4.514036173472));
#4561 = CARTESIAN_POINT('',(5.900362491693E-02,4.559666672841));
#4562 = CARTESIAN_POINT('',(5.900324748071E-02,4.605300959706));
#4563 = CARTESIAN_POINT('',(5.900297405954E-02,4.650940835557));
#4564 = CARTESIAN_POINT('',(5.900287812813E-02,4.696584407682));
#4565 = CARTESIAN_POINT('',(5.90029983221E-02,4.742226089177));
#4566 = CARTESIAN_POINT('',(5.900382508512E-02,4.853145984452));
#4567 = CARTESIAN_POINT('',(5.900468076589E-02,4.918450890176));
#4568 = CARTESIAN_POINT('',(5.90057735629E-02,4.98375663656));
#4569 = CARTESIAN_POINT('',(5.900670773513E-02,5.049058364648));
#4570 = CARTESIAN_POINT('',(5.900712777397E-02,5.114356707811));
#4571 = CARTESIAN_POINT('',(5.900688308182E-02,5.179653813867));
#4572 = CARTESIAN_POINT('',(5.900605327304E-02,5.244949717605));
#4573 = CARTESIAN_POINT('',(5.900314250126E-02,5.400827497711));
#4574 = CARTESIAN_POINT('',(5.900070494076E-02,5.49145653473));
#4575 = CARTESIAN_POINT('',(5.899801207298E-02,5.582072457675));
#4576 = CARTESIAN_POINT('',(5.899611912354E-02,5.672671393296));
#4577 = CARTESIAN_POINT('',(5.899584996537E-02,5.763264212107));
#4578 = CARTESIAN_POINT('',(5.899727677937E-02,5.853864652657));
#4579 = CARTESIAN_POINT('',(5.899970941086E-02,5.944478985953));
#4580 = CARTESIAN_POINT('',(5.900590767292E-02,6.150994397943));
#4581 = CARTESIAN_POINT('',(5.900972023125E-02,6.267000784995));
#4582 = CARTESIAN_POINT('',(5.90131993224E-02,6.382951710939));
#4583 = CARTESIAN_POINT('',(5.901166874307E-02,6.498865389706));
#4584 = CARTESIAN_POINT('',(5.900959994582E-02,6.614777376705));
#4585 = CARTESIAN_POINT('',(5.90034481292E-02,6.730725328091));
#4586 = CARTESIAN_POINT('',(5.900024427783E-02,6.846727370755));
#4587 = CARTESIAN_POINT('',(5.899833308203E-02,6.962644698375));
#4588 = ( GEOMETRIC_REPRESENTATION_CONTEXT(2) 
PARAMETRIC_REPRESENTATION_CONTEXT() REPRESENTATION_CONTEXT('2D SPACE',''
  ) );
#4589 = PCURVE('',#1063,#4590);
#4590 = DEFINITIONAL_REPRESENTATION('',(#4591),#4650);
#4591 = B_SPLINE_CURVE_WITH_KNOTS('',8,(#4592,#4593,#4594,#4595,#4596,
    #4597,#4598,#4599,#4600,#4601,#4602,#4603,#4604,#4605,#4606,#4607,
    #4608,#4609,#4610,#4611,#4612,#4613,#4614,#4615,#4616,#4617,#4618,
    #4619,#4620,#4621,#4622,#4623,#4624,#4625,#4626,#4627,#4628,#4629,
    #4630,#4631,#4632,#4633,#4634,#4635,#4636,#4637,#4638,#4639,#4640,
    #4641,#4642,#4643,#4644,#4645,#4646,#4647,#4648,#4649),
  .UNSPECIFIED.,.F.,.F.,(9,7,7,7,7,7,7,7,9),(0.,0.103034467296,
    0.27775664606,0.380489796707,0.439185310182,0.519805647716,
    0.635159438956,0.795211881434,1.),.UNSPECIFIED.);
#4592 = CARTESIAN_POINT('',(-2.196332804763,5.999999999062E-07));
#4593 = CARTESIAN_POINT('',(-2.248964552159,-2.512829474662E-02));
#4594 = CARTESIAN_POINT('',(-2.301596476732,-5.025721517403E-02));
#4595 = CARTESIAN_POINT('',(-2.354227896247,-7.538594803223E-02));
#4596 = CARTESIAN_POINT('',(-2.406859844217,-0.100515100644));
#4597 = CARTESIAN_POINT('',(-2.459493643166,-0.125645391828));
#4598 = CARTESIAN_POINT('',(-2.512129147114,-0.150776794822));
#4599 = CARTESIAN_POINT('',(-2.564762653311,-0.175907532188));
#4600 = CARTESIAN_POINT('',(-2.706618707541,-0.243639664831));
#4601 = CARTESIAN_POINT('',(-2.795903626374,-0.286271272313));
#4602 = CARTESIAN_POINT('',(-2.885171739242,-0.328895234009));
#4603 = CARTESIAN_POINT('',(-2.974422749471,-0.37151083342));
#4604 = CARTESIAN_POINT('',(-3.063671355516,-0.414124251008));
#4605 = CARTESIAN_POINT('',(-3.152933844935,-0.456743354217));
#4606 = CARTESIAN_POINT('',(-3.242216573841,-0.499371996818));
#4607 = CARTESIAN_POINT('',(-3.383939113166,-0.567038813681));
#4608 = CARTESIAN_POINT('',(-3.436419807132,-0.592096337813));
#4609 = CARTESIAN_POINT('',(-3.488897019463,-0.617152353348));
#4610 = CARTESIAN_POINT('',(-3.541368516735,-0.642205885674));
#4611 = CARTESIAN_POINT('',(-3.593836148142,-0.667257738888));
#4612 = CARTESIAN_POINT('',(-3.646303931656,-0.692309569548));
#4613 = CARTESIAN_POINT('',(-3.698776600912,-0.717363378451));
#4614 = CARTESIAN_POINT('',(-3.781243662559,-0.756738071156));
#4615 = CARTESIAN_POINT('',(-3.811228198291,-0.771054380656));
#4616 = CARTESIAN_POINT('',(-3.841213870538,-0.785371273135));
#4617 = CARTESIAN_POINT('',(-3.871201518222,-0.799689226231));
#4618 = CARTESIAN_POINT('',(-3.901191168633,-0.814008270985));
#4619 = CARTESIAN_POINT('',(-3.931182037429,-0.828327991841));
#4620 = CARTESIAN_POINT('',(-3.961172528635,-0.842647526647));
#4621 = CARTESIAN_POINT('',(-4.032349396082,-0.876631894622));
#4622 = CARTESIAN_POINT('',(-4.073528667014,-0.896293355767));
#4623 = CARTESIAN_POINT('',(-4.114706316517,-0.915954004613));
#4624 = CARTESIAN_POINT('',(-4.155887294243,-0.935616285216));
#4625 = CARTESIAN_POINT('',(-4.197073230424,-0.955281031167));
#4626 = CARTESIAN_POINT('',(-4.238262435867,-0.974947465591));
#4627 = CARTESIAN_POINT('',(-4.279449901956,-0.994613201145));
#4628 = CARTESIAN_POINT('',(-4.379545052657,-1.042405793962));
#4629 = CARTESIAN_POINT('',(-4.438476810437,-1.070544231746));
#4630 = CARTESIAN_POINT('',(-4.497409399033,-1.098683156843));
#4631 = CARTESIAN_POINT('',(-4.556338471695,-1.126820264426));
#4632 = CARTESIAN_POINT('',(-4.615264601377,-1.154955638106));
#4633 = CARTESIAN_POINT('',(-4.674189698005,-1.183090123438));
#4634 = CARTESIAN_POINT('',(-4.733113751528,-1.211223778208));
#4635 = CARTESIAN_POINT('',(-4.873780351197,-1.278385406565));
#4636 = CARTESIAN_POINT('',(-4.955565466926,-1.317433509811));
#4637 = CARTESIAN_POINT('',(-5.037338689392,-1.356475826261));
#4638 = CARTESIAN_POINT('',(-5.119096454234,-1.395511249606));
#4639 = CARTESIAN_POINT('',(-5.200848587989,-1.434544902664));
#4640 = CARTESIAN_POINT('',(-5.282607553611,-1.473582743606));
#4641 = CARTESIAN_POINT('',(-5.364379059145,-1.512627107096));
#4642 = CARTESIAN_POINT('',(-5.550741206775,-1.601611865222));
#4643 = CARTESIAN_POINT('',(-5.655426895615,-1.651597727902));
#4644 = CARTESIAN_POINT('',(-5.7600626425,-1.701559122659));
#4645 = CARTESIAN_POINT('',(-5.864664824341,-1.751502837737));
#4646 = CARTESIAN_POINT('',(-5.969265459637,-1.801443914095));
#4647 = CARTESIAN_POINT('',(-6.073898351449,-1.85139992208));
#4648 = CARTESIAN_POINT('',(-6.178580039117,-1.901379812609));
#4649 = CARTESIAN_POINT('',(-6.28318530718,-1.951324175518));
#4650 = ( GEOMETRIC_REPRESENTATION_CONTEXT(2) 
PARAMETRIC_REPRESENTATION_CONTEXT() REPRESENTATION_CONTEXT('2D SPACE',''
  ) );
#4651 = ORIENTED_EDGE('',*,*,#1075,.F.);
#4652 = ORIENTED_EDGE('',*,*,#4078,.T.);
#4653 = ORIENTED_EDGE('',*,*,#1922,.T.);
#4654 = ORIENTED_EDGE('',*,*,#4253,.F.);
#4655 = ORIENTED_EDGE('',*,*,#4656,.F.);
#4656 = EDGE_CURVE('',#4657,#4231,#4659,.T.);
#4657 = VERTEX_POINT('',#4658);
#4658 = CARTESIAN_POINT('',(10.376202,51.548675082633,2.215042029504E-15
    ));
#4659 = SURFACE_CURVE('',#4660,(#4726,#4795),.PCURVE_S1.);
#4660 = B_SPLINE_CURVE_WITH_KNOTS('',8,(#4661,#4662,#4663,#4664,#4665,
    #4666,#4667,#4668,#4669,#4670,#4671,#4672,#4673,#4674,#4675,#4676,
    #4677,#4678,#4679,#4680,#4681,#4682,#4683,#4684,#4685,#4686,#4687,
    #4688,#4689,#4690,#4691,#4692,#4693,#4694,#4695,#4696,#4697,#4698,
    #4699,#4700,#4701,#4702,#4703,#4704,#4705,#4706,#4707,#4708,#4709,
    #4710,#4711,#4712,#4713,#4714,#4715,#4716,#4717,#4718,#4719,#4720,
    #4721,#4722,#4723,#4724,#4725),.UNSPECIFIED.,.F.,.F.,(9,7,7,7,7,7,7,
    7,7,9),(0.,0.135378469763,0.279706695009,0.383729884276,
    0.449741460383,0.570090659005,0.691813052015,0.808060958864,
    0.941728883414,1.),.UNSPECIFIED.);
#4661 = CARTESIAN_POINT('',(10.376202,51.548675082633,-1.02194558463E-14
    ));
#4662 = CARTESIAN_POINT('',(10.376202,51.497912599016,1.103128256213));
#4663 = CARTESIAN_POINT('',(10.242170605675,51.447104099145,
    2.207242888678));
#4664 = CARTESIAN_POINT('',(9.973691402622,51.396320768751,
    3.291801202065));
#4665 = CARTESIAN_POINT('',(9.574610439455,51.345555688786,
    4.337889688096));
#4666 = CARTESIAN_POINT('',(9.051305244004,51.29479318195,5.327687623537
    ));
#4667 = CARTESIAN_POINT('',(8.412975038613,51.244015360701,
    6.244657221758));
#4668 = CARTESIAN_POINT('',(7.671293141042,51.193212144471,
    7.073456062413));
#4669 = CARTESIAN_POINT('',(5.957753896986,51.08833513749,8.576357585096
    ));
#4670 = CARTESIAN_POINT('',(4.972120745707,51.034157176528,
    9.238190199802));
#4671 = CARTESIAN_POINT('',(3.903545818231,50.980013186035,
    9.769337844163));
#4672 = CARTESIAN_POINT('',(2.772555027427,50.925888929019,
    10.158554002227));
#4673 = CARTESIAN_POINT('',(1.600643931124,50.871764479134,
    10.397867192276));
#4674 = CARTESIAN_POINT('',(0.410383635303,50.817620633709,
    10.483214179729));
#4675 = CARTESIAN_POINT('',(-0.77481768574,50.763442347085,
    10.413853670152));
#4676 = CARTESIAN_POINT('',(-2.763187892018,50.670322444435,
    10.037372512731));
#4677 = CARTESIAN_POINT('',(-3.581499003402,50.631310010182,
    9.801890497327));
#4678 = CARTESIAN_POINT('',(-4.376451909828,50.592301916315,
    9.490223938241));
#4679 = CARTESIAN_POINT('',(-5.13983219907,50.553305815257,
    9.105196530252));
#4680 = CARTESIAN_POINT('',(-5.863920149392,50.514296426292,
    8.650557815346));
#4681 = CARTESIAN_POINT('',(-6.54151598489,50.475297294261,
    8.130976638168));
#4682 = CARTESIAN_POINT('',(-7.165944158196,50.436282048204,
    7.552034829745));
#4683 = CARTESIAN_POINT('',(-8.089992948436,50.37252850969,
    6.519730647772));
#4684 = CARTESIAN_POINT('',(-8.42491536997,50.347783129971,
    6.097794887549));
#4685 = CARTESIAN_POINT('',(-8.73460698913,50.323040674841,
    5.656303327194));
#4686 = CARTESIAN_POINT('',(-9.017777739654,50.298298429397,
    5.196978380211));
#4687 = CARTESIAN_POINT('',(-9.273261425484,50.273554194191,
    4.721649533549));
#4688 = CARTESIAN_POINT('',(-9.500024638888,50.248807163905,
    4.232257252675));
#4689 = CARTESIAN_POINT('',(-9.697185970121,50.224058803499,
    3.73086142653));
#4690 = CARTESIAN_POINT('',(-10.16825596571,50.154199653657,
    2.287645675462));
#4691 = CARTESIAN_POINT('',(-10.37201275695,50.109057188476,
    1.322211877095));
#4692 = CARTESIAN_POINT('',(-10.47068842616,50.063926946195,
    0.336795099297));
#4693 = CARTESIAN_POINT('',(-10.46234216377,50.018808180018,
    -0.655202043059));
#4694 = CARTESIAN_POINT('',(-10.34685715753,49.973691487868,
    -1.640477052017));
#4695 = CARTESIAN_POINT('',(-10.12602347868,49.928565638563,
    -2.605858017017));
#4696 = CARTESIAN_POINT('',(-9.803423474507,49.883425891219,
    -3.538335121986));
#4697 = CARTESIAN_POINT('',(-8.96234460093,49.792677563356,
    -5.322158401372));
#4698 = CARTESIAN_POINT('',(-8.441233642108,49.747022192508,
    -6.173388696323));
#4699 = CARTESIAN_POINT('',(-7.827995739806,49.701379556835,
    -6.965581796759));
#4700 = CARTESIAN_POINT('',(-7.130664907515,49.655744787017,
    -7.687340245047));
#4701 = CARTESIAN_POINT('',(-6.35860236505,49.610108280105,-8.3285893746
    ));
#4702 = CARTESIAN_POINT('',(-5.522545883572,49.564460996766,
    -8.880709468987));
#4703 = CARTESIAN_POINT('',(-4.634528013788,49.518801363664,
    -9.336488664478));
#4704 = CARTESIAN_POINT('',(-2.823934362213,49.429595377461,
    -10.0293472265));
#4705 = CARTESIAN_POINT('',(-1.903641568222,49.385993787786,
    -10.27574925902));
#4706 = CARTESIAN_POINT('',(-0.959388993845,49.342402062533,
    -10.42533759556));
#4707 = CARTESIAN_POINT('',(-3.144745684413E-03,49.298818957209,
    -10.47566601837));
#4708 = CARTESIAN_POINT('',(0.953114866893,49.255235606176,
    -10.42590614228));
#4709 = CARTESIAN_POINT('',(1.897426867307,49.211643344877,
    -10.27689633285));
#4710 = CARTESIAN_POINT('',(2.817873148999,49.168039686997,
    -10.03106052506));
#4711 = CARTESIAN_POINT('',(4.719971096137,49.07434336519,
    -9.304484956264));
#4712 = CARTESIAN_POINT('',(5.691540243366,49.024187838856,
    -8.793524021868));
#4713 = CARTESIAN_POINT('',(6.598792002039,48.97405650016,
    -8.166894865946));
#4714 = CARTESIAN_POINT('',(7.426029831585,48.923942287315,
    -7.434485137845));
#4715 = CARTESIAN_POINT('',(8.159375791245,48.873830590026,
    -6.608083907874));
#4716 = CARTESIAN_POINT('',(8.787027957695,48.823702122675,
    -5.701555901679));
#4717 = CARTESIAN_POINT('',(9.299089552942,48.77354899279,
    -4.730591604513));
#4718 = CARTESIAN_POINT('',(9.858777199594,48.701590094642,
    -3.270393006938));
#4719 = CARTESIAN_POINT('',(10.005531996653,48.679741641726,
    -2.818154558591));
#4720 = CARTESIAN_POINT('',(10.128550424506,48.657893531085,
    -2.358455358854));
#4721 = CARTESIAN_POINT('',(10.227393406611,48.636047695284,
    -1.892776428009));
#4722 = CARTESIAN_POINT('',(10.301740660874,48.614204260339,
    -1.422603230016));
#4723 = CARTESIAN_POINT('',(10.351379906517,48.592361655388,
    -0.949423472452));
#4724 = CARTESIAN_POINT('',(10.376202,48.570517906476,-0.47472588836));
#4725 = CARTESIAN_POINT('',(10.376202,48.548673114449,
    -1.004604523397E-15));
#4726 = PCURVE('',#1157,#4727);
#4727 = DEFINITIONAL_REPRESENTATION('',(#4728),#4794);
#4728 = B_SPLINE_CURVE_WITH_KNOTS('',8,(#4729,#4730,#4731,#4732,#4733,
    #4734,#4735,#4736,#4737,#4738,#4739,#4740,#4741,#4742,#4743,#4744,
    #4745,#4746,#4747,#4748,#4749,#4750,#4751,#4752,#4753,#4754,#4755,
    #4756,#4757,#4758,#4759,#4760,#4761,#4762,#4763,#4764,#4765,#4766,
    #4767,#4768,#4769,#4770,#4771,#4772,#4773,#4774,#4775,#4776,#4777,
    #4778,#4779,#4780,#4781,#4782,#4783,#4784,#4785,#4786,#4787,#4788,
    #4789,#4790,#4791,#4792,#4793),.UNSPECIFIED.,.F.,.F.,(9,7,7,7,7,7,7,
    7,7,9),(0.,0.135378469763,0.279706695009,0.383729884276,
    0.449741460383,0.570090659005,0.691813052015,0.808060958864,
    0.941728883414,1.),.UNSPECIFIED.);
#4729 = CARTESIAN_POINT('',(5.899998065259E-02,48.738510915967));
#4730 = CARTESIAN_POINT('',(5.900292084372E-02,48.856320989637));
#4731 = CARTESIAN_POINT('',(5.900718386932E-02,48.974236223449));
#4732 = CARTESIAN_POINT('',(5.901143678404E-02,49.092093051251));
#4733 = CARTESIAN_POINT('',(5.901341323179E-02,49.209910334066));
#4734 = CARTESIAN_POINT('',(5.901120907855E-02,49.327726814527));
#4735 = CARTESIAN_POINT('',(5.900684390105E-02,49.445581520641));
#4736 = CARTESIAN_POINT('',(5.900259372193E-02,49.563495033574));
#4737 = CARTESIAN_POINT('',(5.89967220253E-02,49.806909432414));
#4738 = CARTESIAN_POINT('',(5.899529593364E-02,49.932651843883));
#4739 = CARTESIAN_POINT('',(5.899697124738E-02,50.058311573849));
#4740 = CARTESIAN_POINT('',(5.900228388539E-02,50.183920984897));
#4741 = CARTESIAN_POINT('',(5.900766700556E-02,50.309530709298));
#4742 = CARTESIAN_POINT('',(5.900833067689E-02,50.435191234248));
#4743 = CARTESIAN_POINT('',(5.900678381174E-02,50.560934468698));
#4744 = CARTESIAN_POINT('',(5.900376619166E-02,50.777058503952));
#4745 = CARTESIAN_POINT('',(5.900173794589E-02,50.867604345364));
#4746 = CARTESIAN_POINT('',(5.900443780457E-02,50.958134101992));
#4747 = CARTESIAN_POINT('',(5.899732081133E-02,51.048648991695));
#4748 = CARTESIAN_POINT('',(5.901114829067E-02,51.139167265215));
#4749 = CARTESIAN_POINT('',(5.900135237285E-02,51.22969319071));
#4750 = CARTESIAN_POINT('',(5.900283371595E-02,51.320239776053));
#4751 = CARTESIAN_POINT('',(5.900442509999E-02,51.468201742941));
#4752 = CARTESIAN_POINT('',(5.900493094274E-02,51.525632199468));
#4753 = CARTESIAN_POINT('',(5.900453451354E-02,51.583057066768));
#4754 = CARTESIAN_POINT('',(5.900366325482E-02,51.640482066831));
#4755 = CARTESIAN_POINT('',(5.900294714577E-02,51.697911498065));
#4756 = CARTESIAN_POINT('',(5.900268475517E-02,51.755346845657));
#4757 = CARTESIAN_POINT('',(5.900279055404E-02,51.812784807528));
#4758 = CARTESIAN_POINT('',(5.900401279311E-02,51.974918278286));
#4759 = CARTESIAN_POINT('',(5.900583167372E-02,52.079686388935));
#4760 = CARTESIAN_POINT('',(5.900806117157E-02,52.184425545041));
#4761 = CARTESIAN_POINT('',(5.900837104025E-02,52.289140399283));
#4762 = CARTESIAN_POINT('',(5.900580253559E-02,52.393853990126));
#4763 = CARTESIAN_POINT('',(5.9002407863E-02,52.498589872431));
#4764 = CARTESIAN_POINT('',(5.899957761784E-02,52.603357338953));
#4765 = CARTESIAN_POINT('',(5.899659843647E-02,52.813977113881));
#4766 = CARTESIAN_POINT('',(5.899647555159E-02,52.91993798544));
#4767 = CARTESIAN_POINT('',(5.899848844391E-02,53.025866684469));
#4768 = CARTESIAN_POINT('',(5.900264145082E-02,53.131774494574));
#4769 = CARTESIAN_POINT('',(5.900718915466E-02,53.237685841394));
#4770 = CARTESIAN_POINT('',(5.901015546537E-02,53.343624134087));
#4771 = CARTESIAN_POINT('',(5.901099806799E-02,53.449593693415));
#4772 = CARTESIAN_POINT('',(5.900916518305E-02,53.65663245826));
#4773 = CARTESIAN_POINT('',(5.900664565487E-02,53.757829669872));
#4774 = CARTESIAN_POINT('',(5.900281596201E-02,53.859005597666));
#4775 = CARTESIAN_POINT('',(5.8998738196E-02,53.96016182744));
#4776 = CARTESIAN_POINT('',(5.899617646207E-02,54.061316767891));
#4777 = CARTESIAN_POINT('',(5.899590606206E-02,54.162489575354));
#4778 = CARTESIAN_POINT('',(5.899732658901E-02,54.263686757265));
#4779 = CARTESIAN_POINT('',(5.900198406844E-02,54.481139104514));
#4780 = CARTESIAN_POINT('',(5.900547983025E-02,54.597539848076));
#4781 = CARTESIAN_POINT('',(5.900840140558E-02,54.713885158697));
#4782 = CARTESIAN_POINT('',(5.900910633557E-02,54.830193437938));
#4783 = CARTESIAN_POINT('',(5.900516808728E-02,54.94650157507));
#4784 = CARTESIAN_POINT('',(5.900258208379E-02,55.06284694486));
#4785 = CARTESIAN_POINT('',(5.90026095867E-02,55.179246345314));
#4786 = CARTESIAN_POINT('',(5.900357081564E-02,55.346253223122));
#4787 = CARTESIAN_POINT('',(5.900373993403E-02,55.396960685438));
#4788 = CARTESIAN_POINT('',(5.900462027713E-02,55.447666484216));
#4789 = CARTESIAN_POINT('',(5.900478498771E-02,55.498367894276));
#4790 = CARTESIAN_POINT('',(5.900372396908E-02,55.549065248036));
#4791 = CARTESIAN_POINT('',(5.900270580603E-02,55.599760620282));
#4792 = CARTESIAN_POINT('',(5.900332406149E-02,55.650456624216));
#4793 = CARTESIAN_POINT('',(5.900372794897E-02,55.701155318787));
#4794 = ( GEOMETRIC_REPRESENTATION_CONTEXT(2) 
PARAMETRIC_REPRESENTATION_CONTEXT() REPRESENTATION_CONTEXT('2D SPACE',''
  ) );
#4795 = PCURVE('',#3761,#4796);
#4796 = DEFINITIONAL_REPRESENTATION('',(#4797),#4863);
#4797 = B_SPLINE_CURVE_WITH_KNOTS('',8,(#4798,#4799,#4800,#4801,#4802,
    #4803,#4804,#4805,#4806,#4807,#4808,#4809,#4810,#4811,#4812,#4813,
    #4814,#4815,#4816,#4817,#4818,#4819,#4820,#4821,#4822,#4823,#4824,
    #4825,#4826,#4827,#4828,#4829,#4830,#4831,#4832,#4833,#4834,#4835,
    #4836,#4837,#4838,#4839,#4840,#4841,#4842,#4843,#4844,#4845,#4846,
    #4847,#4848,#4849,#4850,#4851,#4852,#4853,#4854,#4855,#4856,#4857,
    #4858,#4859,#4860,#4861,#4862),.UNSPECIFIED.,.F.,.F.,(9,7,7,7,7,7,7,
    7,7,9),(0.,0.135378469763,0.279706695009,0.383729884276,
    0.449741460383,0.570090659005,0.691813052015,0.808060958864,
    0.941728883414,1.),.UNSPECIFIED.);
#4798 = CARTESIAN_POINT('',(0.,-19.95132491736));
#4799 = CARTESIAN_POINT('',(-0.106313298085,-20.00208740098));
#4800 = CARTESIAN_POINT('',(-0.212721502059,-20.05289590085));
#4801 = CARTESIAN_POINT('',(-0.319077086455,-20.10367923124));
#4802 = CARTESIAN_POINT('',(-0.425397118702,-20.15444431121));
#4803 = CARTESIAN_POINT('',(-0.531716422388,-20.20520681804));
#4804 = CARTESIAN_POINT('',(-0.638070083867,-20.25598463929));
#4805 = CARTESIAN_POINT('',(-0.74447672855,-20.30678785552));
#4806 = CARTESIAN_POINT('',(-0.964136951852,-20.41166486251));
#4807 = CARTESIAN_POINT('',(-1.07760848493,-20.46584282347));
#4808 = CARTESIAN_POINT('',(-1.191005511604,-20.51998681396));
#4809 = CARTESIAN_POINT('',(-1.304357358098,-20.57411107098));
#4810 = CARTESIAN_POINT('',(-1.417709888503,-20.62823552086));
#4811 = CARTESIAN_POINT('',(-1.531108089276,-20.68237936629));
#4812 = CARTESIAN_POINT('',(-1.644580437346,-20.73655765291));
#4813 = CARTESIAN_POINT('',(-1.839613083625,-20.82967755556));
#4814 = CARTESIAN_POINT('',(-1.921322537325,-20.86868998981));
#4815 = CARTESIAN_POINT('',(-2.003016877209,-20.90769808368));
#4816 = CARTESIAN_POINT('',(-2.084699515432,-20.94669418474));
#4817 = CARTESIAN_POINT('',(-2.166382381239,-20.9857035737));
#4818 = CARTESIAN_POINT('',(-2.248077470606,-21.02470270573));
#4819 = CARTESIAN_POINT('',(-2.32978695228,-21.06371795179));
#4820 = CARTESIAN_POINT('',(-2.463310445863,-21.12747149031));
#4821 = CARTESIAN_POINT('',(-2.515136850259,-21.15221687002));
#4822 = CARTESIAN_POINT('',(-2.566958083514,-21.17695932515));
#4823 = CARTESIAN_POINT('',(-2.618779238368,-21.2017015706));
#4824 = CARTESIAN_POINT('',(-2.67060422516,-21.2264458058));
#4825 = CARTESIAN_POINT('',(-2.722434448803,-21.25119283609));
#4826 = CARTESIAN_POINT('',(-2.77426698915,-21.2759411965));
#4827 = CARTESIAN_POINT('',(-2.920577724417,-21.34580034634));
#4828 = CARTESIAN_POINT('',(-3.015121446337,-21.39094281152));
#4829 = CARTESIAN_POINT('',(-3.109639336338,-21.4360730538));
#4830 = CARTESIAN_POINT('',(-3.204135713723,-21.48119181998));
#4831 = CARTESIAN_POINT('',(-3.298631062076,-21.52630851213));
#4832 = CARTESIAN_POINT('',(-3.393146460077,-21.57143436143));
#4833 = CARTESIAN_POINT('',(-3.487690228103,-21.61657410878));
#4834 = CARTESIAN_POINT('',(-3.67775650761,-21.70732243664));
#4835 = CARTESIAN_POINT('',(-3.77337698524,-21.75297780749));
#4836 = CARTESIAN_POINT('',(-3.868968325053,-21.79862044316));
#4837 = CARTESIAN_POINT('',(-3.964540803471,-21.84425521298));
#4838 = CARTESIAN_POINT('',(-4.060116583384,-21.88989171989));
#4839 = CARTESIAN_POINT('',(-4.155716764454,-21.93553900323));
#4840 = CARTESIAN_POINT('',(-4.251345186039,-21.98119863633));
#4841 = CARTESIAN_POINT('',(-4.438179843611,-22.07040462253));
#4842 = CARTESIAN_POINT('',(-4.52950159577,-22.11400621221));
#4843 = CARTESIAN_POINT('',(-4.620804085527,-22.15759793746));
#4844 = CARTESIAN_POINT('',(-4.71208871923,-22.20118104279));
#4845 = CARTESIAN_POINT('',(-4.803372145418,-22.24476439382));
#4846 = CARTESIAN_POINT('',(-4.894671772766,-22.28835665512));
#4847 = CARTESIAN_POINT('',(-4.985993523792,-22.331960313));
#4848 = CARTESIAN_POINT('',(-5.182225780972,-22.42565663481));
#4849 = CARTESIAN_POINT('',(-5.287267692326,-22.47581216114));
#4850 = CARTESIAN_POINT('',(-5.392259676181,-22.52594349984));
#4851 = CARTESIAN_POINT('',(-5.497218168627,-22.57605771268));
#4852 = CARTESIAN_POINT('',(-5.602176118687,-22.62616940997));
#4853 = CARTESIAN_POINT('',(-5.707166975072,-22.67629787732));
#4854 = CARTESIAN_POINT('',(-5.812206728572,-22.72645100721));
#4855 = CARTESIAN_POINT('',(-5.962915739039,-22.79840990535));
#4856 = CARTESIAN_POINT('',(-6.008674814487,-22.82025835827));
#4857 = CARTESIAN_POINT('',(-6.054432547913,-22.84210646891));
#4858 = CARTESIAN_POINT('',(-6.100186511814,-22.86395230471));
#4859 = CARTESIAN_POINT('',(-6.145936859695,-22.88579573966));
#4860 = CARTESIAN_POINT('',(-6.191685222935,-22.90763834461));
#4861 = CARTESIAN_POINT('',(-6.237433895598,-22.92948209352));
#4862 = CARTESIAN_POINT('',(-6.28318530718,-22.95132688555));
#4863 = ( GEOMETRIC_REPRESENTATION_CONTEXT(2) 
PARAMETRIC_REPRESENTATION_CONTEXT() REPRESENTATION_CONTEXT('2D SPACE',''
  ) );
#4864 = ORIENTED_EDGE('',*,*,#4865,.F.);
#4865 = EDGE_CURVE('',#4866,#4657,#4868,.T.);
#4866 = VERTEX_POINT('',#4867);
#4867 = CARTESIAN_POINT('',(10.376202,54.548672240161,1.881975437694E-15
    ));
#4868 = SURFACE_CURVE('',#4869,(#4942,#5018),.PCURVE_S1.);
#4869 = B_SPLINE_CURVE_WITH_KNOTS('',8,(#4870,#4871,#4872,#4873,#4874,
    #4875,#4876,#4877,#4878,#4879,#4880,#4881,#4882,#4883,#4884,#4885,
    #4886,#4887,#4888,#4889,#4890,#4891,#4892,#4893,#4894,#4895,#4896,
    #4897,#4898,#4899,#4900,#4901,#4902,#4903,#4904,#4905,#4906,#4907,
    #4908,#4909,#4910,#4911,#4912,#4913,#4914,#4915,#4916,#4917,#4918,
    #4919,#4920,#4921,#4922,#4923,#4924,#4925,#4926,#4927,#4928,#4929,
    #4930,#4931,#4932,#4933,#4934,#4935,#4936,#4937,#4938,#4939,#4940,
    #4941),.UNSPECIFIED.,.F.,.F.,(9,7,7,7,7,7,7,7,7,7,9),(0.,
    5.204891969306E-02,0.152246576527,0.271293710973,0.404281874591,
    0.52819669564,0.644294484046,0.719618098685,0.825821045245,
    0.874529861968,1.),.UNSPECIFIED.);
#4870 = CARTESIAN_POINT('',(10.376202,54.548672240161,1.07637596347E-14)
  );
#4871 = CARTESIAN_POINT('',(10.376202,54.529162038281,0.423985212399));
#4872 = CARTESIAN_POINT('',(10.356402363995,54.509646838997,
    0.848081461993));
#4873 = CARTESIAN_POINT('',(10.316785408966,54.490131531075,
    1.27110412384));
#4874 = CARTESIAN_POINT('',(10.257430418716,54.470618551115,
    1.691919771996));
#4875 = CARTESIAN_POINT('',(10.178494606073,54.451108424018,
    2.109444274161));
#4876 = CARTESIAN_POINT('',(10.08019684134,54.431600106084,
    2.522640913016));
#4877 = CARTESIAN_POINT('',(9.962804147005,54.412091130735,
    2.930518534232));
#4878 = CARTESIAN_POINT('',(9.564459199186,54.355012620114,
    4.105258157411));
#4879 = CARTESIAN_POINT('',(9.232732418991,54.317441169001,
    4.854955409971));
#4880 = CARTESIAN_POINT('',(8.833962866467,54.279873519584,
    5.573637848652));
#4881 = CARTESIAN_POINT('',(8.371626912172,54.242316721273,
    6.254378268358));
#4882 = CARTESIAN_POINT('',(7.849938178895,54.204748371641,
    6.890778564425));
#4883 = CARTESIAN_POINT('',(7.273834104185,54.167188100092,
    7.476984737218));
#4884 = CARTESIAN_POINT('',(6.648976351324,54.129614539694,
    8.007690838219));
#4885 = CARTESIAN_POINT('',(5.189419947938,54.047417107,9.037491178956)
  );
#4886 = CARTESIAN_POINT('',(4.336717054825,54.00276020429,9.512309732961
    ));
#4887 = CARTESIAN_POINT('',(3.434939331066,53.958118731542,
    9.894692319873));
#4888 = CARTESIAN_POINT('',(2.495911394281,53.913484825692,
    10.179007221577));
#4889 = CARTESIAN_POINT('',(1.531888176178,53.868850312709,
    10.361317976847));
#4890 = CARTESIAN_POINT('',(0.555549745378,53.824206409883,
    10.439463138852));
#4891 = CARTESIAN_POINT('',(-0.420057578623,53.779550102973,
    10.412972659529));
#4892 = CARTESIAN_POINT('',(-2.455347306365,53.685054442127,
    10.139575148175));
#4893 = CARTESIAN_POINT('',(-3.512963487584,53.635152497265,
    9.86702225391));
#4894 = CARTESIAN_POINT('',(-4.534972815819,53.585274161933,
    9.468388071234));
#4895 = CARTESIAN_POINT('',(-5.504067458648,53.535411674424,
    8.949583499359));
#4896 = CARTESIAN_POINT('',(-6.404258047558,53.485547833883,
    8.318758589931));
#4897 = CARTESIAN_POINT('',(-7.221068608116,53.435667135734,
    7.586509419176));
#4898 = CARTESIAN_POINT('',(-7.941430633393,53.385763009707,
    6.765607094204));
#4899 = CARTESIAN_POINT('',(-9.126081461689,53.289436612021,
    5.039805579133));
#4900 = CARTESIAN_POINT('',(-9.605258193399,53.242946557932,
    4.14333667373));
#4901 = CARTESIAN_POINT('',(-9.983225915862,53.19647314716,
    3.195491444631));
#4902 = CARTESIAN_POINT('',(-10.25392520613,53.150012887921,
    2.209730113942));
#4903 = CARTESIAN_POINT('',(-10.41326014473,53.103554323686,
    1.199974188889));
#4904 = CARTESIAN_POINT('',(-10.45923318911,53.057084745709,
    0.180594946692));
#4905 = CARTESIAN_POINT('',(-10.39182574761,53.010598882666,
    -0.833653814712));
#4906 = CARTESIAN_POINT('',(-10.04737659855,52.920610359142,
    -2.758745972031));
#4907 = CARTESIAN_POINT('',(-9.783675214782,52.877064704271,
    -3.67292867176));
#4908 = CARTESIAN_POINT('',(-9.424979272221,52.83352963866,
    -4.557684535815));
#4909 = CARTESIAN_POINT('',(-8.975325791042,52.790001054644,
    -5.401630422849));
#4910 = CARTESIAN_POINT('',(-8.44012538168,52.746470341681,
    -6.19414302139));
#4911 = CARTESIAN_POINT('',(-7.826211342062,52.702930070742,
    -6.925425703437));
#4912 = CARTESIAN_POINT('',(-7.141797805339,52.659379386633,
    -7.586503438629));
#4913 = CARTESIAN_POINT('',(-5.913845674664,52.587613789988,
    -8.548018783234));
#4914 = CARTESIAN_POINT('',(-5.404996618988,52.559369852838,
    -8.893772903754));
#4915 = CARTESIAN_POINT('',(-4.873125474548,52.531125440916,
    -9.204837121268));
#4916 = CARTESIAN_POINT('',(-4.32101765009,52.502881163471,
    -9.479435173199));
#4917 = CARTESIAN_POINT('',(-3.751590965489,52.474636044864,
    -9.716070470349));
#4918 = CARTESIAN_POINT('',(-3.167887350243,52.446389277214,
    -9.913515661135));
#4919 = CARTESIAN_POINT('',(-2.573076896303,52.418141954471,
    -10.0708271131));
#4920 = CARTESIAN_POINT('',(-1.12083135669,52.350077179269,
    -10.3517247778));
#4921 = CARTESIAN_POINT('',(-0.25525587788,52.310241867009,
    -10.43513260791));
#4922 = CARTESIAN_POINT('',(0.616843139258,52.270421704094,
    -10.43569500287));
#4923 = CARTESIAN_POINT('',(1.48620662314,52.230594182881,
    -10.35300746743));
#4924 = CARTESIAN_POINT('',(2.343726730569,52.190775191741,
    -10.18779570585));
#4925 = CARTESIAN_POINT('',(3.180451298914,52.150949834013,
    -9.941925673951));
#4926 = CARTESIAN_POINT('',(3.98761074239,52.111115771326,
    -9.618389858046));
#4927 = CARTESIAN_POINT('',(5.109447510382,52.053030647605,
    -9.039725878495));
#4928 = CARTESIAN_POINT('',(5.454230027355,52.034766976426,
    -8.842357818844));
#4929 = CARTESIAN_POINT('',(5.790281139994,52.016502746976,
    -8.629970959307));
#4930 = CARTESIAN_POINT('',(6.116847260398,51.998237538277,
    -8.403012112815));
#4931 = CARTESIAN_POINT('',(6.433196994889,51.979971168005,
    -8.161974856554));
#4932 = CARTESIAN_POINT('',(6.738622690037,51.961703850772,
    -7.907401578219));
#4933 = CARTESIAN_POINT('',(7.032443173481,51.943436414238,
    -7.639887340071));
#4934 = CARTESIAN_POINT('',(8.039296067991,51.878119181312,
    -6.639337855708));
#4935 = CARTESIAN_POINT('',(8.683876833105,51.831038511322,
    -5.836446268341));
#4936 = CARTESIAN_POINT('',(9.23611610395,51.783975409318,-4.9626104964)
  );
#4937 = CARTESIAN_POINT('',(9.687258684917,51.736925037521,
    -4.030423035219));
#4938 = CARTESIAN_POINT('',(10.030481268306,51.689873730623,
    -3.053330730189));
#4939 = CARTESIAN_POINT('',(10.261051141974,51.642808905711,
    -2.045652170063));
#4940 = CARTESIAN_POINT('',(10.376202,51.595726574619,-1.02248405928));
#4941 = CARTESIAN_POINT('',(10.376202,51.548675082633,-1.02194558463E-14
    ));
#4942 = PCURVE('',#1157,#4943);
#4943 = DEFINITIONAL_REPRESENTATION('',(#4944),#5017);
#4944 = B_SPLINE_CURVE_WITH_KNOTS('',8,(#4945,#4946,#4947,#4948,#4949,
    #4950,#4951,#4952,#4953,#4954,#4955,#4956,#4957,#4958,#4959,#4960,
    #4961,#4962,#4963,#4964,#4965,#4966,#4967,#4968,#4969,#4970,#4971,
    #4972,#4973,#4974,#4975,#4976,#4977,#4978,#4979,#4980,#4981,#4982,
    #4983,#4984,#4985,#4986,#4987,#4988,#4989,#4990,#4991,#4992,#4993,
    #4994,#4995,#4996,#4997,#4998,#4999,#5000,#5001,#5002,#5003,#5004,
    #5005,#5006,#5007,#5008,#5009,#5010,#5011,#5012,#5013,#5014,#5015,
    #5016),.UNSPECIFIED.,.F.,.F.,(9,7,7,7,7,7,7,7,7,7,9),(0.,
    5.204891969306E-02,0.152246576527,0.271293710973,0.404281874591,
    0.52819669564,0.644294484046,0.719618098685,0.825821045245,
    0.874529861968,1.),.UNSPECIFIED.);
#4945 = CARTESIAN_POINT('',(5.900544323157E-02,41.775866294808));
#4946 = CARTESIAN_POINT('',(5.900620175386E-02,41.821146203533));
#4947 = CARTESIAN_POINT('',(5.900674342384E-02,41.866437977097));
#4948 = CARTESIAN_POINT('',(5.900701176077E-02,41.911730340407));
#4949 = CARTESIAN_POINT('',(5.900698083599E-02,41.957017672308));
#4950 = CARTESIAN_POINT('',(5.900667198485E-02,42.002298730639));
#4951 = CARTESIAN_POINT('',(5.900615412248E-02,42.047575855364));
#4952 = CARTESIAN_POINT('',(5.900552766354E-02,42.092854649789));
#4953 = CARTESIAN_POINT('',(5.900366843939E-02,42.225329441852));
#4954 = CARTESIAN_POINT('',(5.900191570026E-02,42.312530656821));
#4955 = CARTESIAN_POINT('',(5.900381113338E-02,42.399718009165));
#4956 = CARTESIAN_POINT('',(5.899888842427E-02,42.486890326302));
#4957 = CARTESIAN_POINT('',(5.90089946465E-02,42.574068024297));
#4958 = CARTESIAN_POINT('',(5.900270856916E-02,42.661250564561));
#4959 = CARTESIAN_POINT('',(5.900269203037E-02,42.748453092645));
#4960 = CARTESIAN_POINT('',(5.900473320896E-02,42.939220303827));
#4961 = CARTESIAN_POINT('',(5.900625920724E-02,43.042862005947));
#4962 = CARTESIAN_POINT('',(5.900143550516E-02,43.146475806392));
#4963 = CARTESIAN_POINT('',(5.90010167053E-02,43.250066533787));
#4964 = CARTESIAN_POINT('',(5.900300779996E-02,43.353655597351));
#4965 = CARTESIAN_POINT('',(5.900543349184E-02,43.457265838107));
#4966 = CARTESIAN_POINT('',(5.900671884211E-02,43.560906226109));
#4967 = CARTESIAN_POINT('',(5.900655302979E-02,43.78021956737));
#4968 = CARTESIAN_POINT('',(5.900475646174E-02,43.896038207432));
#4969 = CARTESIAN_POINT('',(5.900089303724E-02,44.011804612002));
#4970 = CARTESIAN_POINT('',(5.899632391332E-02,44.127535145477));
#4971 = CARTESIAN_POINT('',(5.899481553584E-02,44.243265081098));
#4972 = CARTESIAN_POINT('',(5.899651509133E-02,44.359030205962));
#4973 = CARTESIAN_POINT('',(5.89999375754E-02,44.474847583644));
#4974 = CARTESIAN_POINT('',(5.900677808621E-02,44.698401358761));
#4975 = CARTESIAN_POINT('',(5.901018450834E-02,44.806295086337));
#4976 = CARTESIAN_POINT('',(5.901240567233E-02,44.914151634607));
#4977 = CARTESIAN_POINT('',(5.901205150202E-02,45.021980817697));
#4978 = CARTESIAN_POINT('',(5.900880823197E-02,45.129809616348));
#4979 = CARTESIAN_POINT('',(5.900456498302E-02,45.237665207214));
#4980 = CARTESIAN_POINT('',(5.900095593161E-02,45.345557817578));
#4981 = CARTESIAN_POINT('',(5.899674943059E-02,45.554415684167));
#4982 = CARTESIAN_POINT('',(5.899597459722E-02,45.655480942867));
#4983 = CARTESIAN_POINT('',(5.899711139055E-02,45.756519278838));
#4984 = CARTESIAN_POINT('',(5.900017305831E-02,45.857540208141));
#4985 = CARTESIAN_POINT('',(5.900390615304E-02,45.958565253869));
#4986 = CARTESIAN_POINT('',(5.900627887037E-02,46.059614152191));
#4987 = CARTESIAN_POINT('',(5.900697556172E-02,46.160689270958));
#4988 = CARTESIAN_POINT('',(5.900626275256E-02,46.327249575776));
#4989 = CARTESIAN_POINT('',(5.900551873708E-02,46.392801311282));
#4990 = CARTESIAN_POINT('',(5.900441133001E-02,46.458354591781));
#4991 = CARTESIAN_POINT('',(5.900333781358E-02,46.523907514888));
#4992 = CARTESIAN_POINT('',(5.900269683983E-02,46.58946185665));
#4993 = CARTESIAN_POINT('',(5.900267944026E-02,46.655019261128));
#4994 = CARTESIAN_POINT('',(5.900314682149E-02,46.720577364887));
#4995 = CARTESIAN_POINT('',(5.900422678355E-02,46.878546314126));
#4996 = CARTESIAN_POINT('',(5.900691661009E-02,46.970996050224));
#4997 = CARTESIAN_POINT('',(5.899779033354E-02,47.063425284394));
#4998 = CARTESIAN_POINT('',(5.900488128086E-02,47.155851410885));
#4999 = CARTESIAN_POINT('',(5.900758841202E-02,47.248263410369));
#5000 = CARTESIAN_POINT('',(5.900236768277E-02,47.340699721195));
#5001 = CARTESIAN_POINT('',(5.900277693508E-02,47.433149353573));
#5002 = CARTESIAN_POINT('',(5.900318345971E-02,47.567957509202));
#5003 = CARTESIAN_POINT('',(5.900348925089E-02,47.610344937063));
#5004 = CARTESIAN_POINT('',(5.900397034957E-02,47.652733443921));
#5005 = CARTESIAN_POINT('',(5.90045682261E-02,47.695124079913));
#5006 = CARTESIAN_POINT('',(5.900519567671E-02,47.737517376448));
#5007 = CARTESIAN_POINT('',(5.900576049675E-02,47.779912949599));
#5008 = CARTESIAN_POINT('',(5.900618563218E-02,47.822308973711));
#5009 = CARTESIAN_POINT('',(5.900704448711E-02,47.973901453369));
#5010 = CARTESIAN_POINT('',(5.900643086064E-02,48.083170865001));
#5011 = CARTESIAN_POINT('',(5.900379780095E-02,48.19240200713));
#5012 = CARTESIAN_POINT('',(5.899943517404E-02,48.301605742798));
#5013 = CARTESIAN_POINT('',(5.899625787359E-02,48.410810183148));
#5014 = CARTESIAN_POINT('',(5.89956636279E-02,48.520042803189));
#5015 = CARTESIAN_POINT('',(5.899725540415E-02,48.629313348349));
#5016 = CARTESIAN_POINT('',(5.899998065259E-02,48.738510915967));
#5017 = ( GEOMETRIC_REPRESENTATION_CONTEXT(2) 
PARAMETRIC_REPRESENTATION_CONTEXT() REPRESENTATION_CONTEXT('2D SPACE',''
  ) );
#5018 = PCURVE('',#3519,#5019);
#5019 = DEFINITIONAL_REPRESENTATION('',(#5020),#5093);
#5020 = B_SPLINE_CURVE_WITH_KNOTS('',8,(#5021,#5022,#5023,#5024,#5025,
    #5026,#5027,#5028,#5029,#5030,#5031,#5032,#5033,#5034,#5035,#5036,
    #5037,#5038,#5039,#5040,#5041,#5042,#5043,#5044,#5045,#5046,#5047,
    #5048,#5049,#5050,#5051,#5052,#5053,#5054,#5055,#5056,#5057,#5058,
    #5059,#5060,#5061,#5062,#5063,#5064,#5065,#5066,#5067,#5068,#5069,
    #5070,#5071,#5072,#5073,#5074,#5075,#5076,#5077,#5078,#5079,#5080,
    #5081,#5082,#5083,#5084,#5085,#5086,#5087,#5088,#5089,#5090,#5091,
    #5092),.UNSPECIFIED.,.F.,.F.,(9,7,7,7,7,7,7,7,7,7,9),(0.,
    5.204891969306E-02,0.152246576527,0.271293710973,0.404281874591,
    0.52819669564,0.644294484046,0.719618098685,0.825821045245,
    0.874529861968,1.),.UNSPECIFIED.);
#5021 = CARTESIAN_POINT('',(0.,-16.95132775983));
#5022 = CARTESIAN_POINT('',(-4.086131056423E-02,-16.97083796171));
#5023 = CARTESIAN_POINT('',(-8.173331770063E-02,-16.990353161));
#5024 = CARTESIAN_POINT('',(-0.122605835882,-17.00986846892));
#5025 = CARTESIAN_POINT('',(-0.163473780549,-17.02938144888));
#5026 = CARTESIAN_POINT('',(-0.20433602064,-17.04889157598));
#5027 = CARTESIAN_POINT('',(-0.245194662121,-17.06839989391));
#5028 = CARTESIAN_POINT('',(-0.286054762509,-17.08790886926));
#5029 = CARTESIAN_POINT('',(-0.405601413195,-17.14498737988));
#5030 = CARTESIAN_POINT('',(-0.48429273921,-17.18255883099));
#5031 = CARTESIAN_POINT('',(-0.562970435519,-17.22012648041));
#5032 = CARTESIAN_POINT('',(-0.641637606909,-17.25768327872));
#5033 = CARTESIAN_POINT('',(-0.720304916673,-17.29525162835));
#5034 = CARTESIAN_POINT('',(-0.798983270572,-17.3328118999));
#5035 = CARTESIAN_POINT('',(-0.877675065763,-17.3703854603));
#5036 = CARTESIAN_POINT('',(-1.049826617138,-17.452582893));
#5037 = CARTESIAN_POINT('',(-1.143355321994,-17.49723979571));
#5038 = CARTESIAN_POINT('',(-1.236857699895,-17.54188126845));
#5039 = CARTESIAN_POINT('',(-1.330338588354,-17.5865151743));
#5040 = CARTESIAN_POINT('',(-1.423818094332,-17.63114968729));
#5041 = CARTESIAN_POINT('',(-1.517316999888,-17.67579359011));
#5042 = CARTESIAN_POINT('',(-1.61084340765,-17.72044989702));
#5043 = CARTESIAN_POINT('',(-1.808754953491,-17.81494555787));
#5044 = CARTESIAN_POINT('',(-1.913271607747,-17.86484750273));
#5045 = CARTESIAN_POINT('',(-2.017741213212,-17.91472583806));
#5046 = CARTESIAN_POINT('',(-2.122178235951,-17.96458832557));
#5047 = CARTESIAN_POINT('',(-2.226614434259,-18.01445216611));
#5048 = CARTESIAN_POINT('',(-2.331082303515,-18.06433286426));
#5049 = CARTESIAN_POINT('',(-2.435597339702,-18.11423699029));
#5050 = CARTESIAN_POINT('',(-2.637335142062,-18.21056338797));
#5051 = CARTESIAN_POINT('',(-2.734699877404,-18.25705344206));
#5052 = CARTESIAN_POINT('',(-2.832031138901,-18.30352685283));
#5053 = CARTESIAN_POINT('',(-2.929337762534,-18.34998711208));
#5054 = CARTESIAN_POINT('',(-3.026643980266,-18.39644567631));
#5055 = CARTESIAN_POINT('',(-3.123974265654,-18.44291525429));
#5056 = CARTESIAN_POINT('',(-3.221337905915,-18.48940111733));
#5057 = CARTESIAN_POINT('',(-3.409813887433,-18.57938964085));
#5058 = CARTESIAN_POINT('',(-3.501016470132,-18.62293529572));
#5059 = CARTESIAN_POINT('',(-3.592194830567,-18.66647036133));
#5060 = CARTESIAN_POINT('',(-3.683357621181,-18.70999894535));
#5061 = CARTESIAN_POINT('',(-3.774524307263,-18.75352965831));
#5062 = CARTESIAN_POINT('',(-3.865712556906,-18.79706992925));
#5063 = CARTESIAN_POINT('',(-3.956924322344,-18.84062061336));
#5064 = CARTESIAN_POINT('',(-4.107230604553,-18.91238621001));
#5065 = CARTESIAN_POINT('',(-4.16638529411,-18.94063014716));
#5066 = CARTESIAN_POINT('',(-4.225541278419,-18.96887455908));
#5067 = CARTESIAN_POINT('',(-4.284696837024,-18.99711883652));
#5068 = CARTESIAN_POINT('',(-4.343853617666,-19.02536395513));
#5069 = CARTESIAN_POINT('',(-4.403013198066,-19.05361072278));
#5070 = CARTESIAN_POINT('',(-4.462173549093,-19.08185804552));
#5071 = CARTESIAN_POINT('',(-4.604726877324,-19.14992282073));
#5072 = CARTESIAN_POINT('',(-4.68815467379,-19.18975813299));
#5073 = CARTESIAN_POINT('',(-4.771567636293,-19.2295782959));
#5074 = CARTESIAN_POINT('',(-4.854968037486,-19.26940581711));
#5075 = CARTESIAN_POINT('',(-4.938368741915,-19.30922480826));
#5076 = CARTESIAN_POINT('',(-5.021781856473,-19.34905016598));
#5077 = CARTESIAN_POINT('',(-5.105209882946,-19.38888422867));
#5078 = CARTESIAN_POINT('',(-5.226862054042,-19.44696935239));
#5079 = CARTESIAN_POINT('',(-5.26511285659,-19.46523302357));
#5080 = CARTESIAN_POINT('',(-5.303364635504,-19.48349725302));
#5081 = CARTESIAN_POINT('',(-5.341618357289,-19.50176246172));
#5082 = CARTESIAN_POINT('',(-5.379874514645,-19.52002883199));
#5083 = CARTESIAN_POINT('',(-5.418132767229,-19.53829614922));
#5084 = CARTESIAN_POINT('',(-5.456391467417,-19.55656358576));
#5085 = CARTESIAN_POINT('',(-5.593190542128,-19.62188081868));
#5086 = CARTESIAN_POINT('',(-5.691796962137,-19.66896148867));
#5087 = CARTESIAN_POINT('',(-5.790369033882,-19.71602459068));
#5088 = CARTESIAN_POINT('',(-5.888916311872,-19.76307496247));
#5089 = CARTESIAN_POINT('',(-5.987463981229,-19.81012626937));
#5090 = CARTESIAN_POINT('',(-6.086036930511,-19.85719109428));
#5091 = CARTESIAN_POINT('',(-6.184644043307,-19.90427342538));
#5092 = CARTESIAN_POINT('',(-6.28318530718,-19.95132491736));
#5093 = ( GEOMETRIC_REPRESENTATION_CONTEXT(2) 
PARAMETRIC_REPRESENTATION_CONTEXT() REPRESENTATION_CONTEXT('2D SPACE',''
  ) );
#5094 = ORIENTED_EDGE('',*,*,#5095,.F.);
#5095 = EDGE_CURVE('',#5096,#4866,#5098,.T.);
#5096 = VERTEX_POINT('',#5097);
#5097 = CARTESIAN_POINT('',(10.376202,57.548672984634,1.548908447653E-15
    ));
#5098 = SURFACE_CURVE('',#5099,(#5165,#5234),.PCURVE_S1.);
#5099 = B_SPLINE_CURVE_WITH_KNOTS('',8,(#5100,#5101,#5102,#5103,#5104,
    #5105,#5106,#5107,#5108,#5109,#5110,#5111,#5112,#5113,#5114,#5115,
    #5116,#5117,#5118,#5119,#5120,#5121,#5122,#5123,#5124,#5125,#5126,
    #5127,#5128,#5129,#5130,#5131,#5132,#5133,#5134,#5135,#5136,#5137,
    #5138,#5139,#5140,#5141,#5142,#5143,#5144,#5145,#5146,#5147,#5148,
    #5149,#5150,#5151,#5152,#5153,#5154,#5155,#5156,#5157,#5158,#5159,
    #5160,#5161,#5162,#5163,#5164),.UNSPECIFIED.,.F.,.F.,(9,7,7,7,7,7,7,
    7,7,9),(0.,0.128697521577,0.270590744719,0.3910018636,0.508023333164
    ,0.596669599348,0.658939902002,0.739758636591,0.857026839068,1.),
  .UNSPECIFIED.);
#5100 = CARTESIAN_POINT('',(10.376202,57.548672984634,1.220704948405E-14
    ));
#5101 = CARTESIAN_POINT('',(10.376202,57.500427050542,1.048455171252));
#5102 = CARTESIAN_POINT('',(10.255127227052,57.45214597275,
    2.097667267364));
#5103 = CARTESIAN_POINT('',(10.01267301171,57.403883973574,
    3.130154852855));
#5104 = CARTESIAN_POINT('',(9.651919187572,57.35563741704,4.12965071159)
  );
#5105 = CARTESIAN_POINT('',(9.178087030895,57.307392116472,
    5.080765818138));
#5106 = CARTESIAN_POINT('',(8.598708834096,57.259133188863,
    5.969093631742));
#5107 = CARTESIAN_POINT('',(7.923406441406,57.210853832696,6.78118861438
    ));
#5108 = CARTESIAN_POINT('',(6.328892001251,57.109414028841,
    8.303433289548));
#5109 = CARTESIAN_POINT('',(5.390222748808,57.056162364359,
    8.996070267037));
#5110 = CARTESIAN_POINT('',(4.365866856308,57.002941220622,
    9.566264124241));
#5111 = CARTESIAN_POINT('',(3.274793131647,56.94973978943,
    10.002414424018));
#5112 = CARTESIAN_POINT('',(2.13704636812,56.89654067199,10.295976900541
    ));
#5113 = CARTESIAN_POINT('',(0.973837281984,56.843323936676,
    10.441998506051));
#5114 = CARTESIAN_POINT('',(-0.192694500644,56.790076350431,
    10.438620192934));
#5115 = CARTESIAN_POINT('',(-2.311826336283,56.691745093182,
    10.162842801627));
#5116 = CARTESIAN_POINT('',(-3.271464848592,56.646581622773,
    9.931069516448));
#5117 = CARTESIAN_POINT('',(-4.203843264224,56.601431594817,
    9.595753333605));
#5118 = CARTESIAN_POINT('',(-5.096038504423,56.556291177049,
    9.160918470797));
#5119 = CARTESIAN_POINT('',(-5.935987820859,56.511149992997,
    8.632190390303));
#5120 = CARTESIAN_POINT('',(-6.712561755714,56.465998497998,
    8.016857271307));
#5121 = CARTESIAN_POINT('',(-7.415549112823,56.420833504406,
    7.323768971245));
#5122 = CARTESIAN_POINT('',(-8.639262209351,56.331819312045,
    5.825606217126));
#5123 = CARTESIAN_POINT('',(-9.165152077378,56.287925957611,
    5.023510638654));
#5124 = CARTESIAN_POINT('',(-9.605451465103,56.244044650987,
    4.167660355115));
#5125 = CARTESIAN_POINT('',(-9.953993113735,56.200173033871,
    3.268848482349));
#5126 = CARTESIAN_POINT('',(-10.20616467388,56.156301736229,
    2.338406448565));
#5127 = CARTESIAN_POINT('',(-10.35897822018,56.112420172777,
    1.38819023863));
#5128 = CARTESIAN_POINT('',(-10.41101150163,56.068528435837,
    0.430525889209));
#5129 = CARTESIAN_POINT('',(-10.32677233003,55.991425622105,
    -1.242951733877));
#5130 = CARTESIAN_POINT('',(-10.23308515087,55.958191331252,
    -1.961410513804));
#5131 = CARTESIAN_POINT('',(-10.08228032499,55.92496187118,
    -2.671570338737));
#5132 = CARTESIAN_POINT('',(-9.875263620681,55.891727640876,
    -3.368164894223));
#5133 = CARTESIAN_POINT('',(-9.61347441158,55.858504081496,
    -4.046094916408));
#5134 = CARTESIAN_POINT('',(-9.298882385528,55.82526949356,
    -4.700431563654));
#5135 = CARTESIAN_POINT('',(-8.933997589872,55.792033323264,
    -5.326426258614));
#5136 = CARTESIAN_POINT('',(-8.232573611198,55.73545684,-6.336218355606)
  );
#5137 = CARTESIAN_POINT('',(-7.91985746933,55.712110998071,
    -6.736726723242));
#5138 = CARTESIAN_POINT('',(-7.58490007993,55.688764226185,
    -7.119555818069));
#5139 = CARTESIAN_POINT('',(-7.228871566311,55.665416519571,
    -7.483272009758));
#5140 = CARTESIAN_POINT('',(-6.853047823096,55.642067668794,
    -7.826535633201));
#5141 = CARTESIAN_POINT('',(-6.458810168694,55.618717830596,
    -8.148101794094));
#5142 = CARTESIAN_POINT('',(-6.047651524258,55.595368211645,
    -8.446827578241));
#5143 = CARTESIAN_POINT('',(-5.067696515771,55.541721351133,
    -9.078415627022));
#5144 = CARTESIAN_POINT('',(-4.488226685352,55.511415538372,
    -9.39506934626));
#5145 = CARTESIAN_POINT('',(-3.886263320134,55.481109887612,
    -9.669364660715));
#5146 = CARTESIAN_POINT('',(-3.265449198419,55.450805152546,
    -9.899461801063));
#5147 = CARTESIAN_POINT('',(-2.629559985309,55.420499697413,
    -10.08390677687));
#5148 = CARTESIAN_POINT('',(-1.982492900528,55.390191875498,
    -10.22161380103));
#5149 = CARTESIAN_POINT('',(-1.328270253341,55.359882468527,
    -10.311886752));
#5150 = CARTESIAN_POINT('',(0.282559138158,55.285604141505,
    -10.4162821184));
#5151 = CARTESIAN_POINT('',(1.243158184327,55.241608219487,
    -10.37774360356));
#5152 = CARTESIAN_POINT('',(2.197703464688,55.197622474621,
    -10.23784377015));
#5153 = CARTESIAN_POINT('',(3.133764456882,55.153644288512,
    -9.997846631129));
#5154 = CARTESIAN_POINT('',(4.039360403183,55.109665802774,
    -9.660594478993));
#5155 = CARTESIAN_POINT('',(4.903011525635,55.065679289272,
    -9.230578511966));
#5156 = CARTESIAN_POINT('',(5.713743610149,55.021683781799,
    -8.713883013118));
#5157 = CARTESIAN_POINT('',(7.372952178143,54.924108941988,
    -7.393399048028));
#5158 = CARTESIAN_POINT('',(8.192454122635,54.870442554161,
    -6.550148190935));
#5159 = CARTESIAN_POINT('',(8.900402123825,54.816810346189,
    -5.60387197172));
#5160 = CARTESIAN_POINT('',(9.482437280342,54.76319863598,
    -4.572246111759));
#5161 = CARTESIAN_POINT('',(9.927163018357,54.709585252575,
    -3.474439164794));
#5162 = CARTESIAN_POINT('',(10.226708159179,54.655950442345,
    -2.331296852316));
#5163 = CARTESIAN_POINT('',(10.376202,54.60228216168,-1.165021976774));
#5164 = CARTESIAN_POINT('',(10.376202,54.548672240161,1.07637596347E-14)
  );
#5165 = PCURVE('',#1157,#5166);
#5166 = DEFINITIONAL_REPRESENTATION('',(#5167),#5233);
#5167 = B_SPLINE_CURVE_WITH_KNOTS('',8,(#5168,#5169,#5170,#5171,#5172,
    #5173,#5174,#5175,#5176,#5177,#5178,#5179,#5180,#5181,#5182,#5183,
    #5184,#5185,#5186,#5187,#5188,#5189,#5190,#5191,#5192,#5193,#5194,
    #5195,#5196,#5197,#5198,#5199,#5200,#5201,#5202,#5203,#5204,#5205,
    #5206,#5207,#5208,#5209,#5210,#5211,#5212,#5213,#5214,#5215,#5216,
    #5217,#5218,#5219,#5220,#5221,#5222,#5223,#5224,#5225,#5226,#5227,
    #5228,#5229,#5230,#5231,#5232),.UNSPECIFIED.,.F.,.F.,(9,7,7,7,7,7,7,
    7,7,9),(0.,0.128697521577,0.270590744719,0.3910018636,0.508023333164
    ,0.596669599348,0.658939902002,0.739758636591,0.857026839068,1.),
  .UNSPECIFIED.);
#5168 = CARTESIAN_POINT('',(5.900380253248E-02,34.81322227079));
#5169 = CARTESIAN_POINT('',(5.900510371957E-02,34.925193842244));
#5170 = CARTESIAN_POINT('',(5.900714624425E-02,35.037245984572));
#5171 = CARTESIAN_POINT('',(5.900868671656E-02,35.149254393771));
#5172 = CARTESIAN_POINT('',(5.900702049105E-02,35.261230902835));
#5173 = CARTESIAN_POINT('',(5.90027735167E-02,35.373207699284));
#5174 = CARTESIAN_POINT('',(5.899909043896E-02,35.485215459229));
#5175 = CARTESIAN_POINT('',(5.899719732609E-02,35.597268452216));
#5176 = CARTESIAN_POINT('',(5.899734324507E-02,35.832698062406));
#5177 = CARTESIAN_POINT('',(5.899980185719E-02,35.95628586956));
#5178 = CARTESIAN_POINT('',(5.900477733E-02,36.079799747575));
#5179 = CARTESIAN_POINT('',(5.901067650762E-02,36.203266723656));
#5180 = CARTESIAN_POINT('',(5.901318273302E-02,36.326732486544));
#5181 = CARTESIAN_POINT('',(5.901163677464E-02,36.450244113631));
#5182 = CARTESIAN_POINT('',(5.900800438521E-02,36.573829906147));
#5183 = CARTESIAN_POINT('',(5.900098608349E-02,36.802053714801));
#5184 = CARTESIAN_POINT('',(5.899764352242E-02,36.906876881851));
#5185 = CARTESIAN_POINT('',(5.899537508013E-02,37.011667534026));
#5186 = CARTESIAN_POINT('',(5.899539629086E-02,37.116433072044));
#5187 = CARTESIAN_POINT('',(5.899808991187E-02,37.221197106719));
#5188 = CARTESIAN_POINT('',(5.900156843219E-02,37.325984108877));
#5189 = CARTESIAN_POINT('',(5.900429291428E-02,37.430803364053));
#5190 = CARTESIAN_POINT('',(5.900716096936E-02,37.63739123117));
#5191 = CARTESIAN_POINT('',(5.900738166938E-02,37.739262228682));
#5192 = CARTESIAN_POINT('',(5.900588829427E-02,37.841107362943));
#5193 = CARTESIAN_POINT('',(5.900328664879E-02,37.942931359586));
#5194 = CARTESIAN_POINT('',(5.900107043697E-02,38.044754131691));
#5195 = CARTESIAN_POINT('',(5.900295959096E-02,38.146595681387));
#5196 = CARTESIAN_POINT('',(5.900415699213E-02,38.248461732226));
#5197 = CARTESIAN_POINT('',(5.900411464604E-02,38.42740832629));
#5198 = CARTESIAN_POINT('',(5.900373630984E-02,38.504541693442));
#5199 = CARTESIAN_POINT('',(5.899809020689E-02,38.5816702522));
#5200 = CARTESIAN_POINT('',(5.901227685793E-02,38.658785599617));
#5201 = CARTESIAN_POINT('',(5.900048215747E-02,38.735908052437));
#5202 = CARTESIAN_POINT('',(5.900405729711E-02,38.813037197771));
#5203 = CARTESIAN_POINT('',(5.900282310946E-02,38.89017591685));
#5204 = CARTESIAN_POINT('',(5.900321889612E-02,39.02148271083));
#5205 = CARTESIAN_POINT('',(5.900367194328E-02,39.075665069401));
#5206 = CARTESIAN_POINT('',(5.9004413787E-02,39.129849229815));
#5207 = CARTESIAN_POINT('',(5.900528343281E-02,39.184035403521));
#5208 = CARTESIAN_POINT('',(5.900606924905E-02,39.238224338811));
#5209 = CARTESIAN_POINT('',(5.900658867669E-02,39.292415897562));
#5210 = CARTESIAN_POINT('',(5.900673823527E-02,39.346607406799));
#5211 = CARTESIAN_POINT('',(5.900622256928E-02,39.471116044));
#5212 = CARTESIAN_POINT('',(5.900530392729E-02,39.541453379182));
#5213 = CARTESIAN_POINT('',(5.90037082524E-02,39.611791177402));
#5214 = CARTESIAN_POINT('',(5.900169976465E-02,39.682127361816));
#5215 = CARTESIAN_POINT('',(5.8999698167E-02,39.752465209231));
#5216 = CARTESIAN_POINT('',(5.899812968109E-02,39.822808014156));
#5217 = CARTESIAN_POINT('',(5.899728750239E-02,39.893153599632));
#5218 = CARTESIAN_POINT('',(5.899707713832E-02,40.065545059197));
#5219 = CARTESIAN_POINT('',(5.899855843507E-02,40.167652550862));
#5220 = CARTESIAN_POINT('',(5.90018096177E-02,40.269734232529));
#5221 = CARTESIAN_POINT('',(5.900615792271E-02,40.371797012529));
#5222 = CARTESIAN_POINT('',(5.900977796044E-02,40.473861385163));
#5223 = CARTESIAN_POINT('',(5.901137137546E-02,40.575946893733));
#5224 = CARTESIAN_POINT('',(5.901092710528E-02,40.678055798007));
#5225 = CARTESIAN_POINT('',(5.900684872096E-02,40.904520481109));
#5226 = CARTESIAN_POINT('',(5.900252797319E-02,41.029079156475));
#5227 = CARTESIAN_POINT('',(5.899734413923E-02,41.153559582166));
#5228 = CARTESIAN_POINT('',(5.899381468412E-02,41.277990399451));
#5229 = CARTESIAN_POINT('',(5.899542028868E-02,41.402418754351));
#5230 = CARTESIAN_POINT('',(5.899963869289E-02,41.526893574525));
#5231 = CARTESIAN_POINT('',(5.900335897225E-02,41.65144665179));
#5232 = CARTESIAN_POINT('',(5.900544323157E-02,41.775866294808));
#5233 = ( GEOMETRIC_REPRESENTATION_CONTEXT(2) 
PARAMETRIC_REPRESENTATION_CONTEXT() REPRESENTATION_CONTEXT('2D SPACE',''
  ) );
#5234 = PCURVE('',#3298,#5235);
#5235 = DEFINITIONAL_REPRESENTATION('',(#5236),#5302);
#5236 = B_SPLINE_CURVE_WITH_KNOTS('',8,(#5237,#5238,#5239,#5240,#5241,
    #5242,#5243,#5244,#5245,#5246,#5247,#5248,#5249,#5250,#5251,#5252,
    #5253,#5254,#5255,#5256,#5257,#5258,#5259,#5260,#5261,#5262,#5263,
    #5264,#5265,#5266,#5267,#5268,#5269,#5270,#5271,#5272,#5273,#5274,
    #5275,#5276,#5277,#5278,#5279,#5280,#5281,#5282,#5283,#5284,#5285,
    #5286,#5287,#5288,#5289,#5290,#5291,#5292,#5293,#5294,#5295,#5296,
    #5297,#5298,#5299,#5300,#5301),.UNSPECIFIED.,.F.,.F.,(9,7,7,7,7,7,7,
    7,7,9),(0.,0.128697521577,0.270590744719,0.3910018636,0.508023333164
    ,0.596669599348,0.658939902002,0.739758636591,0.857026839068,1.),
  .UNSPECIFIED.);
#5237 = CARTESIAN_POINT('',(0.,-13.95132701536));
#5238 = CARTESIAN_POINT('',(-0.101044213601,-13.99957294945));
#5239 = CARTESIAN_POINT('',(-0.202161273746,-14.04785402725));
#5240 = CARTESIAN_POINT('',(-0.303239270713,-14.09611602642));
#5241 = CARTESIAN_POINT('',(-0.404288859651,-14.14436258296));
#5242 = CARTESIAN_POINT('',(-0.505338643178,-14.19260788352));
#5243 = CARTESIAN_POINT('',(-0.60641619438,-14.24086681113));
#5244 = CARTESIAN_POINT('',(-0.707534396547,-14.2891461673));
#5245 = CARTESIAN_POINT('',(-0.919989194012,-14.39058597115));
#5246 = CARTESIAN_POINT('',(-1.03151634884,-14.44383763564));
#5247 = CARTESIAN_POINT('',(-1.142976757199,-14.49705877937));
#5248 = CARTESIAN_POINT('',(-1.254394985619,-14.55026021056));
#5249 = CARTESIAN_POINT('',(-1.365812303701,-14.60345932801));
#5250 = CARTESIAN_POINT('',(-1.477270965351,-14.65667606332));
#5251 = CARTESIAN_POINT('',(-1.588796458573,-14.70992364956));
#5252 = CARTESIAN_POINT('',(-1.794748589611,-14.80825490681));
#5253 = CARTESIAN_POINT('',(-1.889342329171,-14.85341837722));
#5254 = CARTESIAN_POINT('',(-1.98390669909,-14.89856840518));
#5255 = CARTESIAN_POINT('',(-2.07844844337,-14.94370882295));
#5256 = CARTESIAN_POINT('',(-2.172988997141,-14.988850007));
#5257 = CARTESIAN_POINT('',(-2.267550471168,-15.034001502));
#5258 = CARTESIAN_POINT('',(-2.362141099655,-15.07916649559));
#5259 = CARTESIAN_POINT('',(-2.548569238858,-15.16818068795));
#5260 = CARTESIAN_POINT('',(-2.640499148922,-15.21207404238));
#5261 = CARTESIAN_POINT('',(-2.732405511675,-15.25595534901));
#5262 = CARTESIAN_POINT('',(-2.824292482978,-15.29982696613));
#5263 = CARTESIAN_POINT('',(-2.91617800611,-15.34369826377));
#5264 = CARTESIAN_POINT('',(-3.00808055886,-15.38757982722));
#5265 = CARTESIAN_POINT('',(-3.100006002558,-15.43147156416));
#5266 = CARTESIAN_POINT('',(-3.261490569716,-15.50857437789));
#5267 = CARTESIAN_POINT('',(-3.33109795218,-15.54180866874));
#5268 = CARTESIAN_POINT('',(-3.400697122954,-15.57503812882));
#5269 = CARTESIAN_POINT('',(-3.47029079411,-15.60827235912));
#5270 = CARTESIAN_POINT('',(-3.539885917167,-15.6414959185));
#5271 = CARTESIAN_POINT('',(-3.60948864221,-15.67473050644));
#5272 = CARTESIAN_POINT('',(-3.67909938046,-15.70796667673));
#5273 = CARTESIAN_POINT('',(-3.797591889279,-15.76454316));
#5274 = CARTESIAN_POINT('',(-3.846486538463,-15.78788900192));
#5275 = CARTESIAN_POINT('',(-3.895382828103,-15.81123577381));
#5276 = CARTESIAN_POINT('',(-3.944280986178,-15.83458348042));
#5277 = CARTESIAN_POINT('',(-3.993181708135,-15.8579323312));
#5278 = CARTESIAN_POINT('',(-4.042084870333,-15.8812821694));
#5279 = CARTESIAN_POINT('',(-4.09098804753,-15.90463178835));
#5280 = CARTESIAN_POINT('',(-4.203346489025,-15.95827864886));
#5281 = CARTESIAN_POINT('',(-4.266820018795,-15.98858446162));
#5282 = CARTESIAN_POINT('',(-4.330294006097,-16.01889011238));
#5283 = CARTESIAN_POINT('',(-4.393766526581,-16.04919484745));
#5284 = CARTESIAN_POINT('',(-4.457240498876,-16.07950030258));
#5285 = CARTESIAN_POINT('',(-4.520718881776,-16.1098081245));
#5286 = CARTESIAN_POINT('',(-4.584199718894,-16.14011753147));
#5287 = CARTESIAN_POINT('',(-4.739768075997,-16.21439585849));
#5288 = CARTESIAN_POINT('',(-4.831911155996,-16.25839178051));
#5289 = CARTESIAN_POINT('',(-4.924030905594,-16.30237752538));
#5290 = CARTESIAN_POINT('',(-5.016133646021,-16.34635571148));
#5291 = CARTESIAN_POINT('',(-5.108237930025,-16.39033419722));
#5292 = CARTESIAN_POINT('',(-5.20036133745,-16.43432071072));
#5293 = CARTESIAN_POINT('',(-5.292505850108,-16.4783162182));
#5294 = CARTESIAN_POINT('',(-5.49687068646,-16.57589105801));
#5295 = CARTESIAN_POINT('',(-5.609274088344,-16.62955744583));
#5296 = CARTESIAN_POINT('',(-5.72160677274,-16.68318965381));
#5297 = CARTESIAN_POINT('',(-5.833894583012,-16.73680136401));
#5298 = CARTESIAN_POINT('',(-5.946180287449,-16.79041474742));
#5299 = CARTESIAN_POINT('',(-6.058508282626,-16.84404955765));
#5300 = CARTESIAN_POINT('',(-6.170907040356,-16.89771783832));
#5301 = CARTESIAN_POINT('',(-6.28318530718,-16.95132775983));
#5302 = ( GEOMETRIC_REPRESENTATION_CONTEXT(2) 
PARAMETRIC_REPRESENTATION_CONTEXT() REPRESENTATION_CONTEXT('2D SPACE',''
  ) );
#5303 = ORIENTED_EDGE('',*,*,#5304,.F.);
#5304 = EDGE_CURVE('',#5305,#5096,#5307,.T.);
#5305 = VERTEX_POINT('',#5306);
#5306 = CARTESIAN_POINT('',(10.376202,60.548669563408,1.215841920098E-15
    ));
#5307 = SURFACE_CURVE('',#5308,(#5381,#5457),.PCURVE_S1.);
#5308 = B_SPLINE_CURVE_WITH_KNOTS('',8,(#5309,#5310,#5311,#5312,#5313,
    #5314,#5315,#5316,#5317,#5318,#5319,#5320,#5321,#5322,#5323,#5324,
    #5325,#5326,#5327,#5328,#5329,#5330,#5331,#5332,#5333,#5334,#5335,
    #5336,#5337,#5338,#5339,#5340,#5341,#5342,#5343,#5344,#5345,#5346,
    #5347,#5348,#5349,#5350,#5351,#5352,#5353,#5354,#5355,#5356,#5357,
    #5358,#5359,#5360,#5361,#5362,#5363,#5364,#5365,#5366,#5367,#5368,
    #5369,#5370,#5371,#5372,#5373,#5374,#5375,#5376,#5377,#5378,#5379,
    #5380),.UNSPECIFIED.,.F.,.F.,(9,7,7,7,7,7,7,7,7,7,9),(0.,
    0.128099408529,0.254366699519,0.319659773632,0.436617377538,
    0.533075574632,0.629054882372,0.765868891488,0.892116620681,
    0.925170289348,1.),.UNSPECIFIED.);
#5309 = CARTESIAN_POINT('',(10.376202,60.548669563408,
    -2.336871758702E-15));
#5310 = CARTESIAN_POINT('',(10.376202,60.500637711724,1.043827979306));
#5311 = CARTESIAN_POINT('',(10.256193514352,60.452570304477,
    2.088452949169));
#5312 = CARTESIAN_POINT('',(10.015857432836,60.404521538369,
    3.116589143376));
#5313 = CARTESIAN_POINT('',(9.658220427999,60.35648664181,4.112156034818
    ));
#5314 = CARTESIAN_POINT('',(9.188429570186,60.308451593591,
    5.059943157544));
#5315 = CARTESIAN_POINT('',(8.613900349849,60.260403032241,
    5.945723276471));
#5316 = CARTESIAN_POINT('',(7.944099530822,60.212335509438,
    6.756219587704));
#5317 = CARTESIAN_POINT('',(6.449917572636,60.116952287006,
    8.192852835013));
#5318 = CARTESIAN_POINT('',(5.626917881116,60.069574050895,
    8.822389996023));
#5319 = CARTESIAN_POINT('',(4.734318834096,60.02221426373,9.356724962063
    ));
#5320 = CARTESIAN_POINT('',(3.785167406163,59.9748685618,9.78725777928)
  );
#5321 = CARTESIAN_POINT('',(2.793328377064,59.927524850262,
    10.107388794307));
#5322 = CARTESIAN_POINT('',(1.773497619172,59.880167719927,
    10.312680174387));
#5323 = CARTESIAN_POINT('',(0.741099010874,59.832791687194,
    10.400725047346));
#5324 = CARTESIAN_POINT('',(-0.819326352703,59.760959911994,
    10.357479128615));
#5325 = CARTESIAN_POINT('',(-1.350359898272,59.736475132924,
    10.311568533172));
#5326 = CARTESIAN_POINT('',(-1.878371191876,59.71199038453,
    10.234542620016));
#5327 = CARTESIAN_POINT('',(-2.401224295797,59.687509434281,
    10.126647401227));
#5328 = CARTESIAN_POINT('',(-2.916830097299,59.66302999921,
    9.988298627261));
#5329 = CARTESIAN_POINT('',(-3.423146093068,59.63854887136,
    9.820072371465));
#5330 = CARTESIAN_POINT('',(-3.918178800828,59.614067833372,
    9.622706267051));
#5331 = CARTESIAN_POINT('',(-5.263037105937,59.545735924318,
    8.99300634692));
#5332 = CARTESIAN_POINT('',(-6.084056284314,59.501865615668,
    8.498134460534));
#5333 = CARTESIAN_POINT('',(-6.851263914168,59.458007847065,
    7.917838723736));
#5334 = CARTESIAN_POINT('',(-7.554458843829,59.414156831985,
    7.259152949928));
#5335 = CARTESIAN_POINT('',(-8.184598642833,59.370305226423,
    6.530263947735));
#5336 = CARTESIAN_POINT('',(-8.733864682319,59.326444752184,
    5.740532977399));
#5337 = CARTESIAN_POINT('',(-9.195632903846,59.282572550487,
    4.900419673617));
#5338 = CARTESIAN_POINT('',(-9.869673935798,59.202554464863,
    3.297399998245));
#5339 = CARTESIAN_POINT('',(-10.11167628919,59.166380230825,
    2.546327086612));
#5340 = CARTESIAN_POINT('',(-10.28821101697,59.130209672372,
    1.775272182522));
#5341 = CARTESIAN_POINT('',(-10.39743973371,59.094043464277,
    0.990924975237));
#5342 = CARTESIAN_POINT('',(-10.43833551843,59.057876826975,
    0.200065672766));
#5343 = CARTESIAN_POINT('',(-10.41062638006,59.02170515602,
    -0.590453909835));
#5344 = CARTESIAN_POINT('',(-10.3148539156,58.985529521187,
    -1.373718181069));
#5345 = CARTESIAN_POINT('',(-9.99104621633,58.913374111216,
    -2.907952852262));
#5346 = CARTESIAN_POINT('',(-9.763595877697,58.877378083274,
    -3.659415576579));
#5347 = CARTESIAN_POINT('',(-9.471600814686,58.841385165761,
    -4.390247273106));
#5348 = CARTESIAN_POINT('',(-9.117319247792,58.805396533421,
    -5.09400625081));
#5349 = CARTESIAN_POINT('',(-8.703713604873,58.76940826685,
    -5.764623981116));
#5350 = CARTESIAN_POINT('',(-8.234398451091,58.733416447134,
    -6.396390362818));
#5351 = CARTESIAN_POINT('',(-7.713685692336,58.697422399651,
    -6.983994820781));
#5352 = CARTESIAN_POINT('',(-6.338554057336,58.61014413429,
    -8.290412827448));
#5353 = CARTESIAN_POINT('',(-5.435368952609,58.558804075604,
    -8.959680520855));
#5354 = CARTESIAN_POINT('',(-4.452255336677,58.507490969223,
    -9.515493906235));
#5355 = CARTESIAN_POINT('',(-3.40612430591,58.45619464152,
    -9.947333833009));
#5356 = CARTESIAN_POINT('',(-2.314866603549,58.404896291365,
    -10.24736729359));
#5357 = CARTESIAN_POINT('',(-1.197417615099,58.353579406844,
    -10.41082331802));
#5358 = CARTESIAN_POINT('',(-7.357662137625E-02,58.302235979177,
    -10.43565106295));
#5359 = CARTESIAN_POINT('',(2.059120392012,58.203604487364,
    -10.22172775688));
#5360 = CARTESIAN_POINT('',(3.071700493142,58.156238029689,
    -10.00303003711));
#5361 = CARTESIAN_POINT('',(4.056923295387,58.108889459847,
    -9.669670264471));
#5362 = CARTESIAN_POINT('',(4.999772947807,58.061554459306,
    -9.226006032252));
#5363 = CARTESIAN_POINT('',(5.886229591289,58.014220416683,
    -8.678321425995));
#5364 = CARTESIAN_POINT('',(6.703391489785,57.966872038409,
    -8.034941589371));
#5365 = CARTESIAN_POINT('',(7.439435646809,57.919507995015,
    -7.306055723188));
#5366 = CARTESIAN_POINT('',(8.253091186265,57.859782813733,-6.2948060331
    ));
#5367 = CARTESIAN_POINT('',(8.415654493205,57.847393264261,
    -6.080021375415));
#5368 = CARTESIAN_POINT('',(8.571817619896,57.835004414316,
    -5.860458127752));
#5369 = CARTESIAN_POINT('',(8.721433107634,57.822614843358,
    -5.636315195513));
#5370 = CARTESIAN_POINT('',(8.864347707861,57.810224011858,
    -5.407812284399));
#5371 = CARTESIAN_POINT('',(9.000407083695,57.797832350903,
    -5.175192257938));
#5372 = CARTESIAN_POINT('',(9.129460511453,57.78544135179,
    -4.938723495014));
#5373 = CARTESIAN_POINT('',(9.527344665216,57.745009333886,
    -4.15532170192));
#5374 = CARTESIAN_POINT('',(9.76689077797,57.716961035579,
    -3.593333130275));
#5375 = CARTESIAN_POINT('',(9.968495175428,57.688912919877,
    -3.015659779425));
#5376 = CARTESIAN_POINT('',(10.130976763285,57.660865286687,
    -2.425312568828));
#5377 = CARTESIAN_POINT('',(10.253445417946,57.632816955464,
    -1.825378394652));
#5378 = CARTESIAN_POINT('',(10.335291562694,57.604767260743,
    -1.219014966434));
#5379 = CARTESIAN_POINT('',(10.376202,57.576717664398,-0.609452176198));
#5380 = CARTESIAN_POINT('',(10.376202,57.548672984634,1.220704948405E-14
    ));
#5381 = PCURVE('',#1157,#5382);
#5382 = DEFINITIONAL_REPRESENTATION('',(#5383),#5456);
#5383 = B_SPLINE_CURVE_WITH_KNOTS('',8,(#5384,#5385,#5386,#5387,#5388,
    #5389,#5390,#5391,#5392,#5393,#5394,#5395,#5396,#5397,#5398,#5399,
    #5400,#5401,#5402,#5403,#5404,#5405,#5406,#5407,#5408,#5409,#5410,
    #5411,#5412,#5413,#5414,#5415,#5416,#5417,#5418,#5419,#5420,#5421,
    #5422,#5423,#5424,#5425,#5426,#5427,#5428,#5429,#5430,#5431,#5432,
    #5433,#5434,#5435,#5436,#5437,#5438,#5439,#5440,#5441,#5442,#5443,
    #5444,#5445,#5446,#5447,#5448,#5449,#5450,#5451,#5452,#5453,#5454,
    #5455),.UNSPECIFIED.,.F.,.F.,(9,7,7,7,7,7,7,7,7,7,9),(0.,
    0.128099408529,0.254366699519,0.319659773632,0.436617377538,
    0.533075574632,0.629054882372,0.765868891488,0.892116620681,
    0.925170289348,1.),.UNSPECIFIED.);
#5384 = CARTESIAN_POINT('',(5.901026366023E-02,27.850577759241));
#5385 = CARTESIAN_POINT('',(5.900975179759E-02,27.962054619255));
#5386 = CARTESIAN_POINT('',(5.900720207979E-02,28.073616500372));
#5387 = CARTESIAN_POINT('',(5.900284470019E-02,28.185137338947));
#5388 = CARTESIAN_POINT('',(5.899800661966E-02,28.296626582653));
#5389 = CARTESIAN_POINT('',(5.899536917214E-02,28.408113478314));
#5390 = CARTESIAN_POINT('',(5.899579398183E-02,28.519627976994));
#5391 = CARTESIAN_POINT('',(5.899802733125E-02,28.631184262956));
#5392 = CARTESIAN_POINT('',(5.900331922251E-02,28.852550927237));
#5393 = CARTESIAN_POINT('',(5.900637655531E-02,28.962506446795));
#5394 = CARTESIAN_POINT('',(5.900844432678E-02,29.072420361581));
#5395 = CARTESIAN_POINT('',(5.900827242591E-02,29.182304330201));
#5396 = CARTESIAN_POINT('',(5.900471256221E-02,29.292187832259));
#5397 = CARTESIAN_POINT('',(5.900257612267E-02,29.402100707249));
#5398 = CARTESIAN_POINT('',(5.900264781381E-02,29.512054743465));
#5399 = CARTESIAN_POINT('',(5.900361540353E-02,29.678766576505));
#5400 = CARTESIAN_POINT('',(5.900364868255E-02,29.735592812933));
#5401 = CARTESIAN_POINT('',(5.900541158263E-02,29.792416835644));
#5402 = CARTESIAN_POINT('',(5.900448284738E-02,29.849235401189));
#5403 = CARTESIAN_POINT('',(5.900252349714E-02,29.906051716724));
#5404 = CARTESIAN_POINT('',(5.900287186209E-02,29.962869080624));
#5405 = CARTESIAN_POINT('',(5.900380307186E-02,30.019685551381));
#5406 = CARTESIAN_POINT('',(5.900449818298E-02,30.178275010544));
#5407 = CARTESIAN_POINT('',(5.900376192026E-02,30.280093723983));
#5408 = CARTESIAN_POINT('',(5.900094797645E-02,30.3818858511));
#5409 = CARTESIAN_POINT('',(5.90024149007E-02,30.483657012204));
#5410 = CARTESIAN_POINT('',(5.900494280837E-02,30.585428240419));
#5411 = CARTESIAN_POINT('',(5.900683186409E-02,30.687220852469));
#5412 = CARTESIAN_POINT('',(5.900715258233E-02,30.789042629188));
#5413 = CARTESIAN_POINT('',(5.900538431534E-02,30.974757304562));
#5414 = CARTESIAN_POINT('',(5.900371939584E-02,31.058715474577));
#5415 = CARTESIAN_POINT('',(5.900124572571E-02,31.142666115654));
#5416 = CARTESIAN_POINT('',(5.899869765411E-02,31.226606752611));
#5417 = CARTESIAN_POINT('',(5.899688922777E-02,31.31054747108));
#5418 = CARTESIAN_POINT('',(5.89963297905E-02,31.394498327318));
#5419 = CARTESIAN_POINT('',(5.899705287407E-02,31.478456796778));
#5420 = CARTESIAN_POINT('',(5.900025591607E-02,31.645916993928));
#5421 = CARTESIAN_POINT('',(5.900272801986E-02,31.729456452195));
#5422 = CARTESIAN_POINT('',(5.900577666435E-02,31.812987977297));
#5423 = CARTESIAN_POINT('',(5.900864392548E-02,31.896509779605));
#5424 = CARTESIAN_POINT('',(5.901059270935E-02,31.980031867388));
#5425 = CARTESIAN_POINT('',(5.901120755138E-02,32.063563851025));
#5426 = CARTESIAN_POINT('',(5.901051548789E-02,32.14710262284));
#5427 = CARTESIAN_POINT('',(5.900666268533E-02,32.349669898545));
#5428 = CARTESIAN_POINT('',(5.900255366899E-02,32.468829177889));
#5429 = CARTESIAN_POINT('',(5.899771677786E-02,32.587926813613));
#5430 = CARTESIAN_POINT('',(5.899434945546E-02,32.706983700012));
#5431 = CARTESIAN_POINT('',(5.899529742857E-02,32.826039947599));
#5432 = CARTESIAN_POINT('',(5.899888499447E-02,32.94513592147));
#5433 = CARTESIAN_POINT('',(5.900247579273E-02,33.0642934599));
#5434 = CARTESIAN_POINT('',(5.900697852103E-02,33.293199802739));
#5435 = CARTESIAN_POINT('',(5.900808728423E-02,33.403130308214));
#5436 = CARTESIAN_POINT('',(5.900704858313E-02,33.513021953916));
#5437 = CARTESIAN_POINT('',(5.900410908707E-02,33.622884493952));
#5438 = CARTESIAN_POINT('',(5.900047729495E-02,33.732745755578));
#5439 = CARTESIAN_POINT('',(5.900245362662E-02,33.842633510751));
#5440 = CARTESIAN_POINT('',(5.900382740724E-02,33.952558451448));
#5441 = CARTESIAN_POINT('',(5.900389293223E-02,34.09117347085));
#5442 = CARTESIAN_POINT('',(5.900388618472E-02,34.119928169685));
#5443 = CARTESIAN_POINT('',(5.900364662241E-02,34.148681481107));
#5444 = CARTESIAN_POINT('',(5.900327792493E-02,34.177436556077));
#5445 = CARTESIAN_POINT('',(5.900302380235E-02,34.20619435892));
#5446 = CARTESIAN_POINT('',(5.900309187458E-02,34.234953666704));
#5447 = CARTESIAN_POINT('',(5.90034775508E-02,34.263711068612));
#5448 = CARTESIAN_POINT('',(5.900449052381E-02,34.357547430431));
#5449 = CARTESIAN_POINT('',(5.900506359512E-02,34.422643507988));
#5450 = CARTESIAN_POINT('',(5.900436965773E-02,34.487740821419));
#5451 = CARTESIAN_POINT('',(5.900319447387E-02,34.552837635896));
#5452 = CARTESIAN_POINT('',(5.900250209461E-02,34.617935467547));
#5453 = CARTESIAN_POINT('',(5.900257597903E-02,34.683035495747));
#5454 = CARTESIAN_POINT('',(5.900304617081E-02,34.748134778481));
#5455 = CARTESIAN_POINT('',(5.900380253248E-02,34.81322227079));
#5456 = ( GEOMETRIC_REPRESENTATION_CONTEXT(2) 
PARAMETRIC_REPRESENTATION_CONTEXT() REPRESENTATION_CONTEXT('2D SPACE',''
  ) );
#5457 = PCURVE('',#3056,#5458);
#5458 = DEFINITIONAL_REPRESENTATION('',(#5459),#5532);
#5459 = B_SPLINE_CURVE_WITH_KNOTS('',8,(#5460,#5461,#5462,#5463,#5464,
    #5465,#5466,#5467,#5468,#5469,#5470,#5471,#5472,#5473,#5474,#5475,
    #5476,#5477,#5478,#5479,#5480,#5481,#5482,#5483,#5484,#5485,#5486,
    #5487,#5488,#5489,#5490,#5491,#5492,#5493,#5494,#5495,#5496,#5497,
    #5498,#5499,#5500,#5501,#5502,#5503,#5504,#5505,#5506,#5507,#5508,
    #5509,#5510,#5511,#5512,#5513,#5514,#5515,#5516,#5517,#5518,#5519,
    #5520,#5521,#5522,#5523,#5524,#5525,#5526,#5527,#5528,#5529,#5530,
    #5531),.UNSPECIFIED.,.F.,.F.,(9,7,7,7,7,7,7,7,7,7,9),(0.,
    0.128099408529,0.254366699519,0.319659773632,0.436617377538,
    0.533075574632,0.629054882372,0.765868891488,0.892116620681,
    0.925170289348,1.),.UNSPECIFIED.);
#5460 = CARTESIAN_POINT('',(0.,-10.95133043659));
#5461 = CARTESIAN_POINT('',(-0.100598270861,-10.99936228827));
#5462 = CARTESIAN_POINT('',(-0.201273255437,-11.04742969552));
#5463 = CARTESIAN_POINT('',(-0.301911138636,-11.09547846163));
#5464 = CARTESIAN_POINT('',(-0.40252040129,-11.14351335819));
#5465 = CARTESIAN_POINT('',(-0.503127482647,-11.1915484064));
#5466 = CARTESIAN_POINT('',(-0.603759605228,-11.23959696775));
#5467 = CARTESIAN_POINT('',(-0.704429611061,-11.28766449056));
#5468 = CARTESIAN_POINT('',(-0.904194302131,-11.38304771299));
#5469 = CARTESIAN_POINT('',(-1.00341996212,-11.4304259491));
#5470 = CARTESIAN_POINT('',(-1.102608114798,-11.47778573627));
#5471 = CARTESIAN_POINT('',(-1.201769112204,-11.5251314382));
#5472 = CARTESIAN_POINT('',(-1.300929282656,-11.57247514973));
#5473 = CARTESIAN_POINT('',(-1.400115424854,-11.61983228007));
#5474 = CARTESIAN_POINT('',(-1.499338855434,-11.6672083128));
#5475 = CARTESIAN_POINT('',(-1.649781619681,-11.739040088));
#5476 = CARTESIAN_POINT('',(-1.701062580814,-11.76352486707));
#5477 = CARTESIAN_POINT('',(-1.752340923113,-11.78800961547));
#5478 = CARTESIAN_POINT('',(-1.803615766591,-11.81249056571));
#5479 = CARTESIAN_POINT('',(-1.854888227704,-11.83697000079));
#5480 = CARTESIAN_POINT('',(-1.906160082364,-11.86145112864));
#5481 = CARTESIAN_POINT('',(-1.957432605395,-11.88593216662));
#5482 = CARTESIAN_POINT('',(-2.100546635376,-11.95426407568));
#5483 = CARTESIAN_POINT('',(-2.19242961308,-11.99813438433));
#5484 = CARTESIAN_POINT('',(-2.284287693371,-12.04199215293));
#5485 = CARTESIAN_POINT('',(-2.376126602444,-12.08584316801));
#5486 = CARTESIAN_POINT('',(-2.467965852892,-12.12969477357));
#5487 = CARTESIAN_POINT('',(-2.559824716872,-12.17355524781));
#5488 = CARTESIAN_POINT('',(-2.651710140175,-12.21742744951));
#5489 = CARTESIAN_POINT('',(-2.819301922307,-12.29744553513));
#5490 = CARTESIAN_POINT('',(-2.895067147275,-12.33361976917));
#5491 = CARTESIAN_POINT('',(-2.970825586966,-12.36979032762));
#5492 = CARTESIAN_POINT('',(-3.046574931089,-12.40595653572));
#5493 = CARTESIAN_POINT('',(-3.122324243914,-12.44212317302));
#5494 = CARTESIAN_POINT('',(-3.198082615471,-12.47829484398));
#5495 = CARTESIAN_POINT('',(-3.273847815249,-12.51447047881));
#5496 = CARTESIAN_POINT('',(-3.424966017101,-12.58662588878));
#5497 = CARTESIAN_POINT('',(-3.500353068523,-12.62262191672));
#5498 = CARTESIAN_POINT('',(-3.575732982321,-12.65861483423));
#5499 = CARTESIAN_POINT('',(-3.651104169347,-12.69460346657));
#5500 = CARTESIAN_POINT('',(-3.726475661431,-12.73059173315));
#5501 = CARTESIAN_POINT('',(-3.801856105486,-12.76658355286));
#5502 = CARTESIAN_POINT('',(-3.877242661933,-12.80257760034));
#5503 = CARTESIAN_POINT('',(-4.060042144429,-12.88985586571));
#5504 = CARTESIAN_POINT('',(-4.167573056315,-12.94119592439));
#5505 = CARTESIAN_POINT('',(-4.275048246208,-12.99250903077));
#5506 = CARTESIAN_POINT('',(-4.382486573908,-13.04380535848));
#5507 = CARTESIAN_POINT('',(-4.489924414348,-13.09510370863));
#5508 = CARTESIAN_POINT('',(-4.5973984034,-13.14642059315));
#5509 = CARTESIAN_POINT('',(-4.704928105421,-13.19776402082));
#5510 = CARTESIAN_POINT('',(-4.911496858321,-13.29639551263));
#5511 = CARTESIAN_POINT('',(-5.010699883934,-13.34376197031));
#5512 = CARTESIAN_POINT('',(-5.109867661842,-13.39111054015));
#5513 = CARTESIAN_POINT('',(-5.209008820487,-13.43844554069));
#5514 = CARTESIAN_POINT('',(-5.308148318685,-13.48577958331));
#5515 = CARTESIAN_POINT('',(-5.407311667782,-13.53312796159));
#5516 = CARTESIAN_POINT('',(-5.506509523836,-13.58049200498));
#5517 = CARTESIAN_POINT('',(-5.63159816601,-13.64021718626));
#5518 = CARTESIAN_POINT('',(-5.657546979504,-13.65260673573));
#5519 = CARTESIAN_POINT('',(-5.683494517458,-13.66499558568));
#5520 = CARTESIAN_POINT('',(-5.709443586541,-13.67738515664));
#5521 = CARTESIAN_POINT('',(-5.735395060341,-13.68977598814));
#5522 = CARTESIAN_POINT('',(-5.761347866972,-13.70216764909));
#5523 = CARTESIAN_POINT('',(-5.787298976687,-13.71455864821));
#5524 = CARTESIAN_POINT('',(-5.871978561137,-13.75499066611));
#5525 = CARTESIAN_POINT('',(-5.930722602327,-13.78303896442));
#5526 = CARTESIAN_POINT('',(-5.989467551542,-13.81108708012));
#5527 = CARTESIAN_POINT('',(-6.048211775168,-13.83913471331));
#5528 = CARTESIAN_POINT('',(-6.106956722694,-13.86718304453));
#5529 = CARTESIAN_POINT('',(-6.165703567551,-13.89523273925));
#5530 = CARTESIAN_POINT('',(-6.224449733585,-13.9232823356));
#5531 = CARTESIAN_POINT('',(-6.28318530718,-13.95132701536));
#5532 = ( GEOMETRIC_REPRESENTATION_CONTEXT(2) 
PARAMETRIC_REPRESENTATION_CONTEXT() REPRESENTATION_CONTEXT('2D SPACE',''
  ) );
#5533 = ORIENTED_EDGE('',*,*,#5534,.F.);
#5534 = EDGE_CURVE('',#5535,#5305,#5537,.T.);
#5535 = VERTEX_POINT('',#5536);
#5536 = CARTESIAN_POINT('',(10.376202,63.548673096576,8.827746204502E-16
    ));
#5537 = SURFACE_CURVE('',#5538,(#5611,#5687),.PCURVE_S1.);
#5538 = B_SPLINE_CURVE_WITH_KNOTS('',8,(#5539,#5540,#5541,#5542,#5543,
    #5544,#5545,#5546,#5547,#5548,#5549,#5550,#5551,#5552,#5553,#5554,
    #5555,#5556,#5557,#5558,#5559,#5560,#5561,#5562,#5563,#5564,#5565,
    #5566,#5567,#5568,#5569,#5570,#5571,#5572,#5573,#5574,#5575,#5576,
    #5577,#5578,#5579,#5580,#5581,#5582,#5583,#5584,#5585,#5586,#5587,
    #5588,#5589,#5590,#5591,#5592,#5593,#5594,#5595,#5596,#5597,#5598,
    #5599,#5600,#5601,#5602,#5603,#5604,#5605,#5606,#5607,#5608,#5609,
    #5610),.UNSPECIFIED.,.F.,.F.,(9,7,7,7,7,7,7,7,7,7,9),(0.,
    5.087385758365E-02,0.136713400239,0.232736953936,0.345805857659,
    0.42733580343,0.562231726287,0.679863913479,0.733082823352,
    0.883676188733,1.),.UNSPECIFIED.);
#5539 = CARTESIAN_POINT('',(10.376202,63.548673096576,2.65913145985E-15)
  );
#5540 = CARTESIAN_POINT('',(10.376202,63.529603038681,0.414429729256));
#5541 = CARTESIAN_POINT('',(10.357281943448,63.51053309082,
    0.828859204115));
#5542 = CARTESIAN_POINT('',(10.319448434704,63.491463610498,
    1.242264351057));
#5543 = CARTESIAN_POINT('',(10.262768699918,63.47239469201,
    1.653636889907));
#5544 = CARTESIAN_POINT('',(10.187370587025,63.453326166434,
    2.061984333832));
#5545 = CARTESIAN_POINT('',(10.093442565746,63.434257601635,
    2.466329989344));
#5546 = CARTESIAN_POINT('',(9.981233727592,63.415188302265,
    2.865712956295));
#5547 = CARTESIAN_POINT('',(9.631400958411,63.363938793087,
    3.923099424958));
#5548 = CARTESIAN_POINT('',(9.360581278303,63.331756997479,
    4.570183552556));
#5549 = CARTESIAN_POINT('',(9.040144532945,63.29957611051,5.195680447621
    ));
#5550 = CARTESIAN_POINT('',(8.672146632428,63.26739862818,5.795166694713
    ));
#5551 = CARTESIAN_POINT('',(8.259068938248,63.235223285025,
    6.364508640148));
#5552 = CARTESIAN_POINT('',(7.803785397223,63.203046076832,
    6.899847311138));
#5553 = CARTESIAN_POINT('',(7.309577480599,63.170864375952,
    7.397615139939));
#5554 = CARTESIAN_POINT('',(6.188010619893,63.102686036312,
    8.365768731091));
#5555 = CARTESIAN_POINT('',(5.551581603721,63.066675746274,8.82609679943
    ));
#5556 = CARTESIAN_POINT('',(4.876230876343,63.030667132007,
    9.230877329868));
#5557 = CARTESIAN_POINT('',(4.167693196823,62.994663030813,
    9.576324657137));
#5558 = CARTESIAN_POINT('',(3.432027994275,62.958660221106,
    9.859401062122));
#5559 = CARTESIAN_POINT('',(2.675578421263,62.922654534384,
    10.077761151379));
#5560 = CARTESIAN_POINT('',(1.90497855309,62.886646112477,
    10.229798372908));
#5561 = CARTESIAN_POINT('',(0.211375299211,62.808252838058,
    10.414876663314));
#5562 = CARTESIAN_POINT('',(-0.715013172587,62.765842587178,
    10.4220714321));
#5563 = CARTESIAN_POINT('',(-1.640350677664,62.723442101321,
    10.334966728995));
#5564 = CARTESIAN_POINT('',(-2.553449253748,62.681048994992,
    10.154131206656));
#5565 = CARTESIAN_POINT('',(-3.443458507114,62.638655229871,
    9.881536248961));
#5566 = CARTESIAN_POINT('',(-4.299896855487,62.596253268656,
    9.520586581377));
#5567 = CARTESIAN_POINT('',(-5.112664626809,62.553841166547,
    9.076069717424));
#5568 = CARTESIAN_POINT('',(-6.419942597163,62.48087508704,
    8.178705981718));
#5569 = CARTESIAN_POINT('',(-6.940238109689,62.450299459795,
    7.762596620119));
#5570 = CARTESIAN_POINT('',(-7.429538596388,62.419726694023,
    7.308768212138));
#5571 = CARTESIAN_POINT('',(-7.884656970123,62.38915860295,
    6.819970158485));
#5572 = CARTESIAN_POINT('',(-8.302750788707,62.358593273862,
    6.299215440062));
#5573 = CARTESIAN_POINT('',(-8.681295655805,62.328027480427,
    5.749749227925));
#5574 = CARTESIAN_POINT('',(-9.01808819713,62.297458730824,
    5.175044862651));
#5575 = CARTESIAN_POINT('',(-9.796378794455,62.216304207908,
    3.592351244558));
#5576 = CARTESIAN_POINT('',(-10.16244366685,62.165679123901,
    2.546312911946));
#5577 = CARTESIAN_POINT('',(-10.40017980709,62.115077911692,
    1.458732690354));
#5578 = CARTESIAN_POINT('',(-10.50472310795,62.064491419156,
    0.348062888155));
#5579 = CARTESIAN_POINT('',(-10.47393081674,62.013903193294,
    -0.767093079717));
#5580 = CARTESIAN_POINT('',(-10.30870822885,61.963298843108,
    -1.868029864809));
#5581 = CARTESIAN_POINT('',(-10.01268470322,61.912670708917,
    -2.936010908894));
#5582 = CARTESIAN_POINT('',(-9.228803059623,61.817975487329,
    -4.838769660419));
#5583 = CARTESIAN_POINT('',(-8.769874907922,61.773841329866,
    -5.687039417871));
#5584 = CARTESIAN_POINT('',(-8.222034324128,61.729719468906,
    -6.484914983349));
#5585 = CARTESIAN_POINT('',(-7.591973905961,61.685606648951,
    -7.221682733843));
#5586 = CARTESIAN_POINT('',(-6.887608920316,61.641493019859,
    -7.887759930187));
#5587 = CARTESIAN_POINT('',(-6.118116123553,61.597368772593,
    -8.474765809063));
#5588 = CARTESIAN_POINT('',(-5.293868641091,61.553236894954,
    -8.975489384497));
#5589 = CARTESIAN_POINT('',(-4.034672076426,61.489171705415,
    -9.569486338129));
#5590 = CARTESIAN_POINT('',(-3.633704311274,61.469220528849,
    -9.73572901259));
#5591 = CARTESIAN_POINT('',(-3.22497936,61.449270617898,-9.882746725894)
  );
#5592 = CARTESIAN_POINT('',(-2.809521658936,61.429319952292,
    -10.01013907998));
#5593 = CARTESIAN_POINT('',(-2.388403391268,61.409367393229,
    -10.1175555633));
#5594 = CARTESIAN_POINT('',(-1.962747382649,61.389412733933,
    -10.20470703705));
#5595 = CARTESIAN_POINT('',(-1.533729837998,61.369457310822,
    -10.27138020356));
#5596 = CARTESIAN_POINT('',(0.117432026017,61.293046686361,
    -10.44783291003));
#5597 = CARTESIAN_POINT('',(1.356733388193,61.236510700745,
    -10.41351494901));
#5598 = CARTESIAN_POINT('',(2.586731164745,61.180017774489,
    -10.21065749537));
#5599 = CARTESIAN_POINT('',(3.78102636588,61.12355042066,-9.842617809264
    ));
#5600 = CARTESIAN_POINT('',(4.914550205701,61.067088484004,
    -9.316422408032));
#5601 = CARTESIAN_POINT('',(5.963985268144,61.010602163444,
    -8.643648179414));
#5602 = CARTESIAN_POINT('',(6.907510707569,60.954070446191,
    -7.839475190097));
#5603 = CARTESIAN_POINT('',(8.3591025602,60.853999560538,-6.220067976062
    ));
#5604 = CARTESIAN_POINT('',(8.918235985586,60.810374007959,
    -5.448066438332));
#5605 = CARTESIAN_POINT('',(9.395411128414,60.766758569487,
    -4.619111341969));
#5606 = CARTESIAN_POINT('',(9.784110883786,60.723148133415,
    -3.743416780012));
#5607 = CARTESIAN_POINT('',(10.079251120646,60.679534231675,
    -2.831843372237));
#5608 = CARTESIAN_POINT('',(10.277287630024,60.635910069061,
    -1.895891502628));
#5609 = CARTESIAN_POINT('',(10.376202,60.592276260466,-0.947660539396));
#5610 = CARTESIAN_POINT('',(10.376202,60.548669563408,
    -2.336871758702E-15));
#5611 = PCURVE('',#1157,#5612);
#5612 = DEFINITIONAL_REPRESENTATION('',(#5613),#5686);
#5613 = B_SPLINE_CURVE_WITH_KNOTS('',8,(#5614,#5615,#5616,#5617,#5618,
    #5619,#5620,#5621,#5622,#5623,#5624,#5625,#5626,#5627,#5628,#5629,
    #5630,#5631,#5632,#5633,#5634,#5635,#5636,#5637,#5638,#5639,#5640,
    #5641,#5642,#5643,#5644,#5645,#5646,#5647,#5648,#5649,#5650,#5651,
    #5652,#5653,#5654,#5655,#5656,#5657,#5658,#5659,#5660,#5661,#5662,
    #5663,#5664,#5665,#5666,#5667,#5668,#5669,#5670,#5671,#5672,#5673,
    #5674,#5675,#5676,#5677,#5678,#5679,#5680,#5681,#5682,#5683,#5684,
    #5685),.UNSPECIFIED.,.F.,.F.,(9,7,7,7,7,7,7,7,7,7,9),(0.,
    5.087385758365E-02,0.136713400239,0.232736953936,0.345805857659,
    0.42733580343,0.562231726287,0.679863913479,0.733082823352,
    0.883676188733,1.),.UNSPECIFIED.);
#5614 = CARTESIAN_POINT('',(5.900335142303E-02,20.887933556399));
#5615 = CARTESIAN_POINT('',(5.900301728848E-02,20.93219330065));
#5616 = CARTESIAN_POINT('',(5.900288067643E-02,20.976452546597));
#5617 = CARTESIAN_POINT('',(5.900294958525E-02,21.020710456423));
#5618 = CARTESIAN_POINT('',(5.900319587867E-02,21.064966847269));
#5619 = CARTESIAN_POINT('',(5.900355528574E-02,21.109222191241));
#5620 = CARTESIAN_POINT('',(5.900392740084E-02,21.153477615405));
#5621 = CARTESIAN_POINT('',(5.900417568371E-02,21.19773490179));
#5622 = CARTESIAN_POINT('',(5.900404609047E-02,21.316679132759));
#5623 = CARTESIAN_POINT('',(5.900195114731E-02,21.391371876631));
#5624 = CARTESIAN_POINT('',(5.900345347328E-02,21.466058079571));
#5625 = CARTESIAN_POINT('',(5.900538457765E-02,21.540735852734));
#5626 = CARTESIAN_POINT('',(5.900485815877E-02,21.615411683866));
#5627 = CARTESIAN_POINT('',(5.900293275024E-02,21.690093550195));
#5628 = CARTESIAN_POINT('',(5.900287549003E-02,21.764783518208));
#5629 = CARTESIAN_POINT('',(5.900319651176E-02,21.923016933198));
#5630 = CARTESIAN_POINT('',(5.900404439853E-02,22.006591477642));
#5631 = CARTESIAN_POINT('',(5.900568519223E-02,22.0901611566));
#5632 = CARTESIAN_POINT('',(5.900715983837E-02,22.173720573641));
#5633 = CARTESIAN_POINT('',(5.900758572021E-02,22.257278296277));
#5634 = CARTESIAN_POINT('',(5.900673729145E-02,22.340844275768));
#5635 = CARTESIAN_POINT('',(5.900505732999E-02,22.424417633424));
#5636 = CARTESIAN_POINT('',(5.900079263454E-02,22.606364410252));
#5637 = CARTESIAN_POINT('',(5.899809769516E-02,22.704796912674));
#5638 = CARTESIAN_POINT('',(5.899591763133E-02,22.803206115038));
#5639 = CARTESIAN_POINT('',(5.899547344913E-02,22.901596043347));
#5640 = CARTESIAN_POINT('',(5.899735798018E-02,22.999984620638));
#5641 = CARTESIAN_POINT('',(5.900060090857E-02,23.098390538292));
#5642 = CARTESIAN_POINT('',(5.900401824232E-02,23.196819773793));
#5643 = CARTESIAN_POINT('',(5.900866867588E-02,23.366159641544));
#5644 = CARTESIAN_POINT('',(5.901024685662E-02,23.437120094504));
#5645 = CARTESIAN_POINT('',(5.901112187422E-02,23.508074775392));
#5646 = CARTESIAN_POINT('',(5.901104810214E-02,23.579019780373));
#5647 = CARTESIAN_POINT('',(5.900999992675E-02,23.649959581324));
#5648 = CARTESIAN_POINT('',(5.900819757834E-02,23.720901394911));
#5649 = CARTESIAN_POINT('',(5.900602613247E-02,23.791850528821));
#5650 = CARTESIAN_POINT('',(5.90002433112E-02,23.980207726296));
#5651 = CARTESIAN_POINT('',(5.899662092517E-02,24.097707043473));
#5652 = CARTESIAN_POINT('',(5.899466011631E-02,24.215148908057));
#5653 = CARTESIAN_POINT('',(5.899600724868E-02,24.332552516694));
#5654 = CARTESIAN_POINT('',(5.900068297638E-02,24.449956012467));
#5655 = CARTESIAN_POINT('',(5.900470931967E-02,24.567397688855));
#5656 = CARTESIAN_POINT('',(5.900662324483E-02,24.684897154671));
#5657 = CARTESIAN_POINT('',(5.900687360812E-02,24.904673140032));
#5658 = CARTESIAN_POINT('',(5.900564186377E-02,25.007104782985));
#5659 = CARTESIAN_POINT('',(5.9003252877E-02,25.109509358321));
#5660 = CARTESIAN_POINT('',(5.900116105512E-02,25.211892661876));
#5661 = CARTESIAN_POINT('',(5.900123717475E-02,25.314275272244));
#5662 = CARTESIAN_POINT('',(5.900537985086E-02,25.416677597142));
#5663 = CARTESIAN_POINT('',(5.900400831136E-02,25.519104350859));
#5664 = CARTESIAN_POINT('',(5.900308971399E-02,25.667792657689));
#5665 = CARTESIAN_POINT('',(5.900311193423E-02,25.714096493198));
#5666 = CARTESIAN_POINT('',(5.90041758493E-02,25.76039640909));
#5667 = CARTESIAN_POINT('',(5.900503565402E-02,25.806698518623));
#5668 = CARTESIAN_POINT('',(5.900487045298E-02,25.853006274192));
#5669 = CARTESIAN_POINT('',(5.900413921422E-02,25.899319575146));
#5670 = CARTESIAN_POINT('',(5.90038866233E-02,25.945634155372));
#5671 = CARTESIAN_POINT('',(5.900240535396E-02,26.122976278224));
#5672 = CARTESIAN_POINT('',(5.900176608178E-02,26.254190642553));
#5673 = CARTESIAN_POINT('',(5.900530044555E-02,26.38529970003));
#5674 = CARTESIAN_POINT('',(5.90109742389E-02,26.516346655321));
#5675 = CARTESIAN_POINT('',(5.900812902044E-02,26.647391519161));
#5676 = CARTESIAN_POINT('',(5.900370252168E-02,26.778494954003));
#5677 = CARTESIAN_POINT('',(5.899974220105E-02,26.909703214505));
#5678 = CARTESIAN_POINT('',(5.899664445201E-02,27.141959688985));
#5679 = CARTESIAN_POINT('',(5.89965865695E-02,27.243209512246));
#5680 = CARTESIAN_POINT('',(5.899845467642E-02,27.34443350293));
#5681 = CARTESIAN_POINT('',(5.900222011017E-02,27.445643549654));
#5682 = CARTESIAN_POINT('',(5.900647164227E-02,27.546861034097));
#5683 = CARTESIAN_POINT('',(5.90095151823E-02,27.648103809646));
#5684 = CARTESIAN_POINT('',(5.901072836518E-02,27.749371216223));
#5685 = CARTESIAN_POINT('',(5.901026366023E-02,27.850577759241));
#5686 = ( GEOMETRIC_REPRESENTATION_CONTEXT(2) 
PARAMETRIC_REPRESENTATION_CONTEXT() REPRESENTATION_CONTEXT('2D SPACE',''
  ) );
#5687 = PCURVE('',#2807,#5688);
#5688 = DEFINITIONAL_REPRESENTATION('',(#5689),#5762);
#5689 = B_SPLINE_CURVE_WITH_KNOTS('',8,(#5690,#5691,#5692,#5693,#5694,
    #5695,#5696,#5697,#5698,#5699,#5700,#5701,#5702,#5703,#5704,#5705,
    #5706,#5707,#5708,#5709,#5710,#5711,#5712,#5713,#5714,#5715,#5716,
    #5717,#5718,#5719,#5720,#5721,#5722,#5723,#5724,#5725,#5726,#5727,
    #5728,#5729,#5730,#5731,#5732,#5733,#5734,#5735,#5736,#5737,#5738,
    #5739,#5740,#5741,#5742,#5743,#5744,#5745,#5746,#5747,#5748,#5749,
    #5750,#5751,#5752,#5753,#5754,#5755,#5756,#5757,#5758,#5759,#5760,
    #5761),.UNSPECIFIED.,.F.,.F.,(9,7,7,7,7,7,7,7,7,7,9),(0.,
    5.087385758365E-02,0.136713400239,0.232736953936,0.345805857659,
    0.42733580343,0.562231726287,0.679863913479,0.733082823352,
    0.883676188733,1.),.UNSPECIFIED.);
#5690 = CARTESIAN_POINT('',(0.,-7.951326903424));
#5691 = CARTESIAN_POINT('',(-3.994040683249E-02,-7.970396961319));
#5692 = CARTESIAN_POINT('',(-7.988035329256E-02,-7.98946690918));
#5693 = CARTESIAN_POINT('',(-0.119819124063,-8.008536389502));
#5694 = CARTESIAN_POINT('',(-0.159756583319,-8.02760530799));
#5695 = CARTESIAN_POINT('',(-0.199693174724,-8.046673833566));
#5696 = CARTESIAN_POINT('',(-0.239629921434,-8.065742398365));
#5697 = CARTESIAN_POINT('',(-0.279568426096,-8.084811697735));
#5698 = CARTESIAN_POINT('',(-0.386905822851,-8.136061206913));
#5699 = CARTESIAN_POINT('',(-0.454309869892,-8.168243002521));
#5700 = CARTESIAN_POINT('',(-0.521707777727,-8.20042388949));
#5701 = CARTESIAN_POINT('',(-0.589098292157,-8.23260137182));
#5702 = CARTESIAN_POINT('',(-0.656487334972,-8.264776714975));
#5703 = CARTESIAN_POINT('',(-0.723881571053,-8.296953923168));
#5704 = CARTESIAN_POINT('',(-0.791282346618,-8.329135624048));
#5705 = CARTESIAN_POINT('',(-0.934073714093,-8.397313963688));
#5706 = CARTESIAN_POINT('',(-1.009492100831,-8.433324253726));
#5707 = CARTESIAN_POINT('',(-1.084906187699,-8.469332867993));
#5708 = CARTESIAN_POINT('',(-1.160311212751,-8.505336969187));
#5709 = CARTESIAN_POINT('',(-1.235714913418,-8.541339778894));
#5710 = CARTESIAN_POINT('',(-1.311126189747,-8.577345465616));
#5711 = CARTESIAN_POINT('',(-1.386544140707,-8.613353887523));
#5712 = CARTESIAN_POINT('',(-1.550735816116,-8.691747161942));
#5713 = CARTESIAN_POINT('',(-1.63956284524,-8.734157412822));
#5714 = CARTESIAN_POINT('',(-1.728368729832,-8.776557898679));
#5715 = CARTESIAN_POINT('',(-1.81715706701,-8.818951005008));
#5716 = CARTESIAN_POINT('',(-1.905944114381,-8.861344770129));
#5717 = CARTESIAN_POINT('',(-1.994746829367,-8.903746731344));
#5718 = CARTESIAN_POINT('',(-2.083570637469,-8.946158833453));
#5719 = CARTESIAN_POINT('',(-2.236385192224,-9.01912491296));
#5720 = CARTESIAN_POINT('',(-2.300420875065,-9.049700540205));
#5721 = CARTESIAN_POINT('',(-2.364451372597,-9.080273305977));
#5722 = CARTESIAN_POINT('',(-2.428473147558,-9.11084139705));
#5723 = CARTESIAN_POINT('',(-2.492490216783,-9.141406726138));
#5724 = CARTESIAN_POINT('',(-2.556509077699,-9.171972519573));
#5725 = CARTESIAN_POINT('',(-2.62053451474,-9.202541269176));
#5726 = CARTESIAN_POINT('',(-2.790510485179,-9.283695792092));
#5727 = CARTESIAN_POINT('',(-2.896543328783,-9.334320876099));
#5728 = CARTESIAN_POINT('',(-3.002524304609,-9.384922088309));
#5729 = CARTESIAN_POINT('',(-3.108470832521,-9.435508580843));
#5730 = CARTESIAN_POINT('',(-3.214417550149,-9.486096806706));
#5731 = CARTESIAN_POINT('',(-3.32039894791,-9.536701156892));
#5732 = CARTESIAN_POINT('',(-3.426432405595,-9.587329291083));
#5733 = CARTESIAN_POINT('',(-3.624761443465,-9.682024512671));
#5734 = CARTESIAN_POINT('',(-3.71719706584,-9.726158670134));
#5735 = CARTESIAN_POINT('',(-3.80960797714,-9.770280531095));
#5736 = CARTESIAN_POINT('',(-3.901999412794,-9.814393351049));
#5737 = CARTESIAN_POINT('',(-3.994390106133,-9.858506980141));
#5738 = CARTESIAN_POINT('',(-4.086799203342,-9.902631227407));
#5739 = CARTESIAN_POINT('',(-4.179231426299,-9.946763105046));
#5740 = CARTESIAN_POINT('',(-4.313410324165,-10.01082829458));
#5741 = CARTESIAN_POINT('',(-4.355195324574,-10.03077947115));
#5742 = CARTESIAN_POINT('',(-4.396977263985,-10.0507293821));
#5743 = CARTESIAN_POINT('',(-4.438761365695,-10.0706800477));
#5744 = CARTESIAN_POINT('',(-4.480550359205,-10.09063260677));
#5745 = CARTESIAN_POINT('',(-4.522344146961,-10.11058726606));
#5746 = CARTESIAN_POINT('',(-4.564139137457,-10.13054268917));
#5747 = CARTESIAN_POINT('',(-4.724174907413,-10.20695331363));
#5748 = CARTESIAN_POINT('',(-4.842583747868,-10.26348929925));
#5749 = CARTESIAN_POINT('',(-4.960897281039,-10.31998222551));
#5750 = CARTESIAN_POINT('',(-5.079155964914,-10.37644957933));
#5751 = CARTESIAN_POINT('',(-5.197413170111,-10.43291151599));
#5752 = CARTESIAN_POINT('',(-5.315723162281,-10.48939783655));
#5753 = CARTESIAN_POINT('',(-5.434127534804,-10.5459295538));
#5754 = CARTESIAN_POINT('',(-5.643719063614,-10.64600043946));
#5755 = CARTESIAN_POINT('',(-5.735088228424,-10.68962599204));
#5756 = CARTESIAN_POINT('',(-5.826433989057,-10.73324143051));
#5757 = CARTESIAN_POINT('',(-5.917767154087,-10.77685186658));
#5758 = CARTESIAN_POINT('',(-6.009107119539,-10.82046576832));
#5759 = CARTESIAN_POINT('',(-6.100469986856,-10.86408993093));
#5760 = CARTESIAN_POINT('',(-6.191855113396,-10.90772373953));
#5761 = CARTESIAN_POINT('',(-6.28318530718,-10.95133043659));
#5762 = ( GEOMETRIC_REPRESENTATION_CONTEXT(2) 
PARAMETRIC_REPRESENTATION_CONTEXT() REPRESENTATION_CONTEXT('2D SPACE',''
  ) );
#5763 = ORIENTED_EDGE('',*,*,#5764,.F.);
#5764 = EDGE_CURVE('',#5765,#5535,#5767,.T.);
#5765 = VERTEX_POINT('',#5766);
#5766 = CARTESIAN_POINT('',(10.376202,66.548672984467,5.497077255093E-16
    ));
#5767 = SURFACE_CURVE('',#5768,(#5834,#5903),.PCURVE_S1.);
#5768 = B_SPLINE_CURVE_WITH_KNOTS('',8,(#5769,#5770,#5771,#5772,#5773,
    #5774,#5775,#5776,#5777,#5778,#5779,#5780,#5781,#5782,#5783,#5784,
    #5785,#5786,#5787,#5788,#5789,#5790,#5791,#5792,#5793,#5794,#5795,
    #5796,#5797,#5798,#5799,#5800,#5801,#5802,#5803,#5804,#5805,#5806,
    #5807,#5808,#5809,#5810,#5811,#5812,#5813,#5814,#5815,#5816,#5817,
    #5818,#5819,#5820,#5821,#5822,#5823,#5824,#5825,#5826,#5827,#5828,
    #5829,#5830,#5831,#5832,#5833),.UNSPECIFIED.,.F.,.F.,(9,7,7,7,7,7,7,
    7,7,9),(0.,0.123298774503,0.265877756329,0.400636997827,
    0.445655229554,0.492444837218,0.599666055777,0.715386131368,
    0.855201864887,1.),.UNSPECIFIED.);
#5769 = CARTESIAN_POINT('',(10.376202,66.548672984467,
    -1.226649113891E-15));
#5770 = CARTESIAN_POINT('',(10.376202,66.502445927974,1.004630715987));
#5771 = CARTESIAN_POINT('',(10.265037305036,66.456190790157,
    2.009879842059));
#5772 = CARTESIAN_POINT('',(10.042469567184,66.409950924739,
    3.000434912073));
#5773 = CARTESIAN_POINT('',(9.711072032629,66.363721975998,
    3.961967351305));
#5774 = CARTESIAN_POINT('',(9.275268265762,66.317492284151,
    4.880880219924));
#5775 = CARTESIAN_POINT('',(8.741423226972,66.271251067255,
    5.744383149575));
#5776 = CARTESIAN_POINT('',(8.117699387234,66.224993926751,
    6.540484645823));
#5777 = CARTESIAN_POINT('',(6.602173727473,66.125298807496,
    8.088674215618));
#5778 = CARTESIAN_POINT('',(5.682350085547,66.071780163577,
    8.815796122333));
#5779 = CARTESIAN_POINT('',(4.67194081978,66.018296753891,9.422139348002
    ));
#5780 = CARTESIAN_POINT('',(3.589793317017,65.964835436399,
    9.895335588465));
#5781 = CARTESIAN_POINT('',(2.455947329342,65.911373994593,
    10.226054900792));
#5782 = CARTESIAN_POINT('',(1.291766608803,65.857890012261,
    10.408589296318));
#5783 = CARTESIAN_POINT('',(0.119690179412,65.804372008756,
    10.440348657104));
#5784 = CARTESIAN_POINT('',(-2.128775549009,65.7003861871,
    10.214672704019));
#5785 = CARTESIAN_POINT('',(-3.209008678039,65.649814118399,
    9.972789907742));
#5786 = CARTESIAN_POINT('',(-4.256751034845,65.599266685297,
    9.600299497508));
#5787 = CARTESIAN_POINT('',(-5.25381856491,65.54873690977,9.102818314898
    ));
#5788 = CARTESIAN_POINT('',(-6.183342783851,65.498210131911,
    8.488334761694));
#5789 = CARTESIAN_POINT('',(-7.029979170966,65.447667330222,
    7.767466161395));
#5790 = CARTESIAN_POINT('',(-7.779791874409,65.397098609155,
    6.953137204071));
#5791 = CARTESIAN_POINT('',(-8.635593757676,65.329691944436,
    5.764255747931));
#5792 = CARTESIAN_POINT('',(-8.837856949516,65.312813815369,
    5.45791195251));
#5793 = CARTESIAN_POINT('',(-9.027682108967,65.295935629411,
    5.143477964504));
#5794 = CARTESIAN_POINT('',(-9.204699746448,65.279056748575,
    4.82153038289));
#5795 = CARTESIAN_POINT('',(-9.368570021223,65.262177185607,
    4.492677630973));
#5796 = CARTESIAN_POINT('',(-9.518982741397,65.245297603993,
    4.157559956391));
#5797 = CARTESIAN_POINT('',(-9.655657363917,65.228419317952,
    3.81684943111));
#5798 = CARTESIAN_POINT('',(-9.905856055485,65.194005268968,
    3.112051834515));
#5799 = CARTESIAN_POINT('',(-10.01829205811,65.176465977048,
    2.74749784153));
#5800 = CARTESIAN_POINT('',(-10.11538659067,65.158926115411,
    2.378322754381));
#5801 = CARTESIAN_POINT('',(-10.19692022825,65.141385601537,
    2.005275972835));
#5802 = CARTESIAN_POINT('',(-10.26271853284,65.12384457165,
    1.629121514518));
#5803 = CARTESIAN_POINT('',(-10.3126520533,65.10630338072,1.250638014908
    ));
#5804 = CARTESIAN_POINT('',(-10.34663632538,65.088762602466,
    0.870618727344));
#5805 = CARTESIAN_POINT('',(-10.4058697555,65.031030035729,
    -0.382633745761));
#5806 = CARTESIAN_POINT('',(-10.36317825538,64.990824827714,
    -1.259375787474));
#5807 = CARTESIAN_POINT('',(-10.23600812929,64.950626071788,
    -2.130512369834));
#5808 = CARTESIAN_POINT('',(-10.02530286878,64.9104316842,
    -2.986566133052));
#5809 = CARTESIAN_POINT('',(-9.733191171085,64.870236301962,
    -3.81838845312));
#5810 = CARTESIAN_POINT('',(-9.362887021181,64.830034994515,
    -4.617141435802));
#5811 = CARTESIAN_POINT('',(-8.9187961629,64.789827377377,
    -5.374341437403));
#5812 = CARTESIAN_POINT('',(-7.854278292326,64.706259466445,
    -6.845766513639));
#5813 = CARTESIAN_POINT('',(-7.22212499574,64.662859480761,
    -7.552575255695));
#5814 = CARTESIAN_POINT('',(-6.517604610763,64.619470396171,
    -8.192110427543));
#5815 = CARTESIAN_POINT('',(-5.749274905558,64.576090654508,
    -8.755899284294));
#5816 = CARTESIAN_POINT('',(-4.926566338965,64.532711358324,
    -9.236797209692));
#5817 = CARTESIAN_POINT('',(-4.059781006006,64.489323727842,
    -9.62903463438));
#5818 = CARTESIAN_POINT('',(-3.160028058863,64.445924645799,
    -9.928168902611));
#5819 = CARTESIAN_POINT('',(-1.127326895468,64.350127682616,
    -10.37748037949));
#5820 = CARTESIAN_POINT('',(1.674869322009E-02,64.29766330048,
    -10.4840208353));
#5821 = CARTESIAN_POINT('',(1.170693692011,64.245229821056,
    -10.44591708957));
#5822 = CARTESIAN_POINT('',(2.313271967986,64.192817342679,
    -10.26298409345));
#5823 = CARTESIAN_POINT('',(3.423850116089,64.140406588811,
    -9.938058226935));
#5824 = CARTESIAN_POINT('',(4.482570629655,64.087976493058,
    -9.477426872128));
#5825 = CARTESIAN_POINT('',(5.470322274855,64.035515021433,
    -8.890360819302));
#5826 = CARTESIAN_POINT('',(7.300696005739,63.928823052407,
    -7.467053749467));
#5827 = CARTESIAN_POINT('',(8.138886983085,63.874480068755,
    -6.621127269292));
#5828 = CARTESIAN_POINT('',(8.863654434949,63.820171657264,
    -5.668485929829));
#5829 = CARTESIAN_POINT('',(9.459956961534,63.765884122297,
    -4.627339670239));
#5830 = CARTESIAN_POINT('',(9.915813765137,63.711598842319,
    -3.517493395344));
#5831 = CARTESIAN_POINT('',(10.222942175842,63.657293891672,
    -2.360561247133));
#5832 = CARTESIAN_POINT('',(10.376202,63.602952827671,-1.179604927554));
#5833 = CARTESIAN_POINT('',(10.376202,63.548673096576,2.65913145985E-15)
  );
#5834 = PCURVE('',#1157,#5835);
#5835 = DEFINITIONAL_REPRESENTATION('',(#5836),#5902);
#5836 = B_SPLINE_CURVE_WITH_KNOTS('',8,(#5837,#5838,#5839,#5840,#5841,
    #5842,#5843,#5844,#5845,#5846,#5847,#5848,#5849,#5850,#5851,#5852,
    #5853,#5854,#5855,#5856,#5857,#5858,#5859,#5860,#5861,#5862,#5863,
    #5864,#5865,#5866,#5867,#5868,#5869,#5870,#5871,#5872,#5873,#5874,
    #5875,#5876,#5877,#5878,#5879,#5880,#5881,#5882,#5883,#5884,#5885,
    #5886,#5887,#5888,#5889,#5890,#5891,#5892,#5893,#5894,#5895,#5896,
    #5897,#5898,#5899,#5900,#5901),.UNSPECIFIED.,.F.,.F.,(9,7,7,7,7,7,7,
    7,7,9),(0.,0.123298774503,0.265877756329,0.400636997827,
    0.445655229554,0.492444837218,0.599666055777,0.715386131368,
    0.855201864887,1.),.UNSPECIFIED.);
#5837 = CARTESIAN_POINT('',(5.900365957924E-02,13.925289016305));
#5838 = CARTESIAN_POINT('',(5.900125645747E-02,14.032579509429));
#5839 = CARTESIAN_POINT('',(5.899819609745E-02,14.139935991077));
#5840 = CARTESIAN_POINT('',(5.899557592573E-02,14.247256483068));
#5841 = CARTESIAN_POINT('',(5.899511038704E-02,14.354548973671));
#5842 = CARTESIAN_POINT('',(5.899766266409E-02,14.461839456985));
#5843 = CARTESIAN_POINT('',(5.900161525868E-02,14.569154954051));
#5844 = CARTESIAN_POINT('',(5.900537211325E-02,14.67650764714));
#5845 = CARTESIAN_POINT('',(5.90108789508E-02,14.907881386427));
#5846 = CARTESIAN_POINT('',(5.901222400338E-02,15.03209014719));
#5847 = CARTESIAN_POINT('',(5.901046344886E-02,15.156220974838));
#5848 = CARTESIAN_POINT('',(5.90050294434E-02,15.280305077216));
#5849 = CARTESIAN_POINT('',(5.899893568576E-02,15.404390300182));
#5850 = CARTESIAN_POINT('',(5.89960896976E-02,15.528523833536));
#5851 = CARTESIAN_POINT('',(5.899632911863E-02,15.652732500842));
#5852 = CARTESIAN_POINT('',(5.90002231711E-02,15.89406645194));
#5853 = CARTESIAN_POINT('',(5.900370319462E-02,16.011433907082));
#5854 = CARTESIAN_POINT('',(5.900749175489E-02,16.128743775512));
#5855 = CARTESIAN_POINT('',(5.900974493756E-02,16.246014532582));
#5856 = CARTESIAN_POINT('',(5.900707551541E-02,16.363284408076));
#5857 = CARTESIAN_POINT('',(5.900373595523E-02,16.480592371278));
#5858 = CARTESIAN_POINT('',(5.900264805599E-02,16.59795786051));
#5859 = CARTESIAN_POINT('',(5.900285835891E-02,16.754400730315));
#5860 = CARTESIAN_POINT('',(5.900310474366E-02,16.793572630389));
#5861 = CARTESIAN_POINT('',(5.900342138328E-02,16.832744578454));
#5862 = CARTESIAN_POINT('',(5.900371147589E-02,16.87191816887));
#5863 = CARTESIAN_POINT('',(5.900390488549E-02,16.911093448832));
#5864 = CARTESIAN_POINT('',(5.900395814196E-02,16.950268918371));
#5865 = CARTESIAN_POINT('',(5.900385444107E-02,16.989441530352));
#5866 = CARTESIAN_POINT('',(5.900334297954E-02,17.069312920061));
#5867 = CARTESIAN_POINT('',(5.900335624498E-02,17.110019283319));
#5868 = CARTESIAN_POINT('',(5.900356185743E-02,17.150726708228));
#5869 = CARTESIAN_POINT('',(5.900387163362E-02,17.191435580523));
#5870 = CARTESIAN_POINT('',(5.900419079045E-02,17.23214574369));
#5871 = CARTESIAN_POINT('',(5.900441794491E-02,17.272856498973));
#5872 = CARTESIAN_POINT('',(5.900444511414E-02,17.313566605365));
#5873 = CARTESIAN_POINT('',(5.90034991238E-02,17.447558379561));
#5874 = CARTESIAN_POINT('',(5.900220436626E-02,17.540871709395));
#5875 = CARTESIAN_POINT('',(5.900186282479E-02,17.634168832369));
#5876 = CARTESIAN_POINT('',(5.900371683082E-02,17.727453028393));
#5877 = CARTESIAN_POINT('',(5.900617885756E-02,17.820738719431));
#5878 = CARTESIAN_POINT('',(5.900725409032E-02,17.914039832782));
#5879 = CARTESIAN_POINT('',(5.900708833507E-02,18.007357103994));
#5880 = CARTESIAN_POINT('',(5.900453684835E-02,18.201311366168));
#5881 = CARTESIAN_POINT('',(5.900200840468E-02,18.302040653052));
#5882 = CARTESIAN_POINT('',(5.899871604849E-02,18.402745599512));
#5883 = CARTESIAN_POINT('',(5.899599393766E-02,18.503428186724));
#5884 = CARTESIAN_POINT('',(5.899552459316E-02,18.6041069854));
#5885 = CARTESIAN_POINT('',(5.899721061628E-02,18.704802482215));
#5886 = CARTESIAN_POINT('',(5.90001149282E-02,18.805523057231));
#5887 = CARTESIAN_POINT('',(5.90068939283E-02,19.027848153964));
#5888 = CARTESIAN_POINT('',(5.901084828828E-02,19.149606916479));
#5889 = CARTESIAN_POINT('',(5.901321230146E-02,19.271295900135));
#5890 = CARTESIAN_POINT('',(5.901185593955E-02,19.392940706383));
#5891 = CARTESIAN_POINT('',(5.900667661578E-02,19.514586209785));
#5892 = CARTESIAN_POINT('',(5.900149861614E-02,19.636276605313));
#5893 = CARTESIAN_POINT('',(5.899828288697E-02,19.758037413882));
#5894 = CARTESIAN_POINT('',(5.899640420601E-02,20.00565914294));
#5895 = CARTESIAN_POINT('',(5.899792222288E-02,20.131780908501));
#5896 = CARTESIAN_POINT('',(5.900210763408E-02,20.257819161847));
#5897 = CARTESIAN_POINT('',(5.900784960211E-02,20.383807048533));
#5898 = CARTESIAN_POINT('',(5.900945740175E-02,20.509794781365));
#5899 = CARTESIAN_POINT('',(5.90066150786E-02,20.635833616367));
#5900 = CARTESIAN_POINT('',(5.900430248116E-02,20.761955595057));
#5901 = CARTESIAN_POINT('',(5.900335142303E-02,20.887933556399));
#5902 = ( GEOMETRIC_REPRESENTATION_CONTEXT(2) 
PARAMETRIC_REPRESENTATION_CONTEXT() REPRESENTATION_CONTEXT('2D SPACE',''
  ) );
#5903 = PCURVE('',#2572,#5904);
#5904 = DEFINITIONAL_REPRESENTATION('',(#5905),#5971);
#5905 = B_SPLINE_CURVE_WITH_KNOTS('',8,(#5906,#5907,#5908,#5909,#5910,
    #5911,#5912,#5913,#5914,#5915,#5916,#5917,#5918,#5919,#5920,#5921,
    #5922,#5923,#5924,#5925,#5926,#5927,#5928,#5929,#5930,#5931,#5932,
    #5933,#5934,#5935,#5936,#5937,#5938,#5939,#5940,#5941,#5942,#5943,
    #5944,#5945,#5946,#5947,#5948,#5949,#5950,#5951,#5952,#5953,#5954,
    #5955,#5956,#5957,#5958,#5959,#5960,#5961,#5962,#5963,#5964,#5965,
    #5966,#5967,#5968,#5969,#5970),.UNSPECIFIED.,.F.,.F.,(9,7,7,7,7,7,7,
    7,7,9),(0.,0.123298774503,0.265877756329,0.400636997827,
    0.445655229554,0.492444837218,0.599666055777,0.715386131368,
    0.855201864887,1.),.UNSPECIFIED.);
#5906 = CARTESIAN_POINT('',(0.,-4.951327015533));
#5907 = CARTESIAN_POINT('',(-9.682065904142E-02,-4.997554072026));
#5908 = CARTESIAN_POINT('',(-0.19370084902,-5.043809209843));
#5909 = CARTESIAN_POINT('',(-0.290548422041,-5.090049075261));
#5910 = CARTESIAN_POINT('',(-0.387370523338,-5.136278024001));
#5911 = CARTESIAN_POINT('',(-0.484190738872,-5.182507715849));
#5912 = CARTESIAN_POINT('',(-0.581033573712,-5.228748932745));
#5913 = CARTESIAN_POINT('',(-0.677910044836,-5.275006073249));
#5914 = CARTESIAN_POINT('',(-0.886704836515,-5.374701192504));
#5915 = CARTESIAN_POINT('',(-0.998792570532,-5.428219836423));
#5916 = CARTESIAN_POINT('',(-1.110810011974,-5.48170324611));
#5917 = CARTESIAN_POINT('',(-1.22278521621,-5.5351645636));
#5918 = CARTESIAN_POINT('',(-1.334761200276,-5.588626005408));
#5919 = CARTESIAN_POINT('',(-1.446780767132,-5.642109987738));
#5920 = CARTESIAN_POINT('',(-1.558868291359,-5.695627991244));
#5921 = CARTESIAN_POINT('',(-1.776651519558,-5.7996138129));
#5922 = CARTESIAN_POINT('',(-1.882565745075,-5.850185881601));
#5923 = CARTESIAN_POINT('',(-1.988428158634,-5.900733314703));
#5924 = CARTESIAN_POINT('',(-2.094255312254,-5.95126309023));
#5925 = CARTESIAN_POINT('',(-2.200081398999,-6.001789868089));
#5926 = CARTESIAN_POINT('',(-2.30594112993,-6.052332669778));
#5927 = CARTESIAN_POINT('',(-2.411852646579,-6.102901390845));
#5928 = CARTESIAN_POINT('',(-2.553028312079,-6.170308055564));
#5929 = CARTESIAN_POINT('',(-2.588377467065,-6.187186184631));
#5930 = CARTESIAN_POINT('',(-2.623726724918,-6.204064370589));
#5931 = CARTESIAN_POINT('',(-2.65907754108,-6.220943251425));
#5932 = CARTESIAN_POINT('',(-2.694429958719,-6.237822814393));
#5933 = CARTESIAN_POINT('',(-2.72978260872,-6.254702396007));
#5934 = CARTESIAN_POINT('',(-2.76513270969,-6.271580682048));
#5935 = CARTESIAN_POINT('',(-2.837210115543,-6.305994731032));
#5936 = CARTESIAN_POINT('',(-2.873944148117,-6.323534022952));
#5937 = CARTESIAN_POINT('',(-2.910679124159,-6.341073884589));
#5938 = CARTESIAN_POINT('',(-2.947415464039,-6.358614398463));
#5939 = CARTESIAN_POINT('',(-2.98415305001,-6.37615542835));
#5940 = CARTESIAN_POINT('',(-3.020891226212,-6.39369661928));
#5941 = CARTESIAN_POINT('',(-3.05762879867,-6.411237397534));
#5942 = CARTESIAN_POINT('',(-3.178545053933,-6.468969964271));
#5943 = CARTESIAN_POINT('',(-3.262752082607,-6.509175172286));
#5944 = CARTESIAN_POINT('',(-3.346944054606,-6.549373928212));
#5945 = CARTESIAN_POINT('',(-3.431124401664,-6.5895683158));
#5946 = CARTESIAN_POINT('',(-3.515306384842,-6.629763698038));
#5947 = CARTESIAN_POINT('',(-3.599502542623,-6.669965005485));
#5948 = CARTESIAN_POINT('',(-3.683713450983,-6.710172622623));
#5949 = CARTESIAN_POINT('',(-3.858740836119,-6.793740533555));
#5950 = CARTESIAN_POINT('',(-3.949640613853,-6.837140519239));
#5951 = CARTESIAN_POINT('',(-4.040518385586,-6.880529603829));
#5952 = CARTESIAN_POINT('',(-4.131375808588,-6.923909345492));
#5953 = CARTESIAN_POINT('',(-4.222229652118,-6.967288641676));
#5954 = CARTESIAN_POINT('',(-4.31309850956,-7.010676272158));
#5955 = CARTESIAN_POINT('',(-4.403990009013,-7.054075354201));
#5956 = CARTESIAN_POINT('',(-4.604619028719,-7.149872317384));
#5957 = CARTESIAN_POINT('',(-4.714495756338,-7.20233669952));
#5958 = CARTESIAN_POINT('',(-4.824309618023,-7.254770178943));
#5959 = CARTESIAN_POINT('',(-4.934083690198,-7.307182657322));
#5960 = CARTESIAN_POINT('',(-5.04385825409,-7.359593411188));
#5961 = CARTESIAN_POINT('',(-5.153673171581,-7.412023506942));
#5962 = CARTESIAN_POINT('',(-5.263551620215,-7.464484978567));
#5963 = CARTESIAN_POINT('',(-5.487008680156,-7.571176947593));
#5964 = CARTESIAN_POINT('',(-5.600822687079,-7.625519931245));
#5965 = CARTESIAN_POINT('',(-5.714561538019,-7.679828342736));
#5966 = CARTESIAN_POINT('',(-5.828255181889,-7.734115877703));
#5967 = CARTESIAN_POINT('',(-5.941948846999,-7.78840115768));
#5968 = CARTESIAN_POINT('',(-6.05568796468,-7.842706108328));
#5969 = CARTESIAN_POINT('',(-6.169501617564,-7.897047172329));
#5970 = CARTESIAN_POINT('',(-6.28318530718,-7.951326903424));
#5971 = ( GEOMETRIC_REPRESENTATION_CONTEXT(2) 
PARAMETRIC_REPRESENTATION_CONTEXT() REPRESENTATION_CONTEXT('2D SPACE',''
  ) );
#5972 = ORIENTED_EDGE('',*,*,#5973,.F.);
#5973 = EDGE_CURVE('',#4465,#5765,#5974,.T.);
#5974 = SURFACE_CURVE('',#5975,(#6041,#6110),.PCURVE_S1.);
#5975 = B_SPLINE_CURVE_WITH_KNOTS('',8,(#5976,#5977,#5978,#5979,#5980,
    #5981,#5982,#5983,#5984,#5985,#5986,#5987,#5988,#5989,#5990,#5991,
    #5992,#5993,#5994,#5995,#5996,#5997,#5998,#5999,#6000,#6001,#6002,
    #6003,#6004,#6005,#6006,#6007,#6008,#6009,#6010,#6011,#6012,#6013,
    #6014,#6015,#6016,#6017,#6018,#6019,#6020,#6021,#6022,#6023,#6024,
    #6025,#6026,#6027,#6028,#6029,#6030,#6031,#6032,#6033,#6034,#6035,
    #6036,#6037,#6038,#6039,#6040),.UNSPECIFIED.,.F.,.F.,(9,7,7,7,7,7,7,
    7,7,9),(0.,0.120461094857,0.231759883039,0.321945933214,
    0.456558356063,0.556138690885,0.669123048534,0.789446397199,
    0.865742856418,1.),.UNSPECIFIED.);
#5976 = CARTESIAN_POINT('',(10.376202,69.548675824482,1.992997342217E-15
    ));
#5977 = CARTESIAN_POINT('',(10.376202,69.50351135829,0.981527273523));
#5978 = CARTESIAN_POINT('',(10.270091438043,69.458322910732,
    1.963559183059));
#5979 = CARTESIAN_POINT('',(10.05768023118,69.413146209005,
    2.931925417534));
#5980 = CARTESIAN_POINT('',(9.741274679907,69.367977346793,3.87329138419
    ));
#5981 = CARTESIAN_POINT('',(9.324880757973,69.322806999581,4.77493892942
    ));
#5982 = CARTESIAN_POINT('',(8.814299533002,69.277626799333,
    5.624838525695));
#5983 = CARTESIAN_POINT('',(8.217031017054,69.232434564341,
    6.411653174204));
#5984 = CARTESIAN_POINT('',(6.920346417205,69.145543200891,
    7.784390260591));
#5985 = CARTESIAN_POINT('',(6.231516578608,69.103797319116,
    8.381716680812));
#5986 = CARTESIAN_POINT('',(5.48411676308,69.062058440399,8.908942082385
    ));
#5987 = CARTESIAN_POINT('',(4.686608215483,69.020330308693,
    9.359527327437));
#5988 = CARTESIAN_POINT('',(3.8480810903,68.978595425331,9.728149416891)
  );
#5989 = CARTESIAN_POINT('',(2.978237446786,68.936861007503,
    10.010738421846));
#5990 = CARTESIAN_POINT('',(2.087362384968,68.895117898849,
    10.204450057324));
#5991 = CARTESIAN_POINT('',(0.456516337403,68.819577361838,
    10.392164783904));
#5992 = CARTESIAN_POINT('',(-0.280412628135,68.785757950416,
    10.417125651899));
#5993 = CARTESIAN_POINT('',(-1.018526657089,68.751941383612,
    10.382319324948));
#5994 = CARTESIAN_POINT('',(-1.752161840707,68.718127457106,
    10.287774791894));
#5995 = CARTESIAN_POINT('',(-2.475748928454,68.684312039798,
    10.134137775879));
#5996 = CARTESIAN_POINT('',(-3.183816114097,68.650492020497,
    9.92263208977));
#5997 = CARTESIAN_POINT('',(-3.871001624686,68.616669150675,
    9.655100214528));
#5998 = CARTESIAN_POINT('',(-5.518801202527,68.532378201685,
    8.855030082131));
#5999 = CARTESIAN_POINT('',(-6.448421120116,68.481864034806,
    8.256350582681));
#6000 = CARTESIAN_POINT('',(-7.302698376574,68.431376051233,
    7.54653819694));
#6001 = CARTESIAN_POINT('',(-8.066591677653,68.380905378063,
    6.737050283204));
#6002 = CARTESIAN_POINT('',(-8.727048766762,68.330433634117,
    5.841121801416));
#6003 = CARTESIAN_POINT('',(-9.273323632053,68.279942800522,
    4.873942974727));
#6004 = CARTESIAN_POINT('',(-9.696764359211,68.229426166647,
    3.852438679287));
#6005 = CARTESIAN_POINT('',(-10.21098105699,68.141620150277,
    2.01487899863));
#6006 = CARTESIAN_POINT('',(-10.35986463977,68.104273787464,
    1.213780434182));
#6007 = CARTESIAN_POINT('',(-10.4367972746,68.066930505797,
    0.400495647923));
#6008 = CARTESIAN_POINT('',(-10.44072470688,68.029591961568,
    -0.417416376671));
#6009 = CARTESIAN_POINT('',(-10.37151608847,67.992253687242,
    -1.232410464189));
#6010 = CARTESIAN_POINT('',(-10.22989839348,67.954911312194,
    -2.036966440599));
#6011 = CARTESIAN_POINT('',(-10.01753372303,67.917567048758,
    -2.823608342568));
#6012 = CARTESIAN_POINT('',(-9.419216237622,67.837880947829,
    -4.448732956481));
#6013 = CARTESIAN_POINT('',(-9.013454681607,67.795504494931,
    -5.280733176956));
#6014 = CARTESIAN_POINT('',(-8.523839163448,67.753136860623,
    -6.069899886694));
#6015 = CARTESIAN_POINT('',(-7.955855415807,67.71077718042,
    -6.806456894383));
#6016 = CARTESIAN_POINT('',(-7.316101079674,67.668417804634,
    -7.481570947304));
#6017 = CARTESIAN_POINT('',(-6.61229026126,67.626051167083,
    -8.087389557819));
#6018 = CARTESIAN_POINT('',(-5.853187831771,67.583675046672,
    -8.61702536083));
#6019 = CARTESIAN_POINT('',(-4.192557015594,67.496204660956,
    -9.541962978177));
#6020 = CARTESIAN_POINT('',(-3.284148568257,67.451068873934,
    -9.926767439994));
#6021 = CARTESIAN_POINT('',(-2.336059482947,67.4059477842,
    -10.21228178814));
#6022 = CARTESIAN_POINT('',(-1.361049112099,67.360838928059,
    -10.39405636221));
#6023 = CARTESIAN_POINT('',(-0.372132459315,67.315732525834,
    -10.46943955784));
#6024 = CARTESIAN_POINT('',(0.617442527788,67.270615996141,
    -10.43766489464));
#6025 = CARTESIAN_POINT('',(1.594246334066,67.22548440655,
    -10.29976007272));
#6026 = CARTESIAN_POINT('',(3.147330444261,67.151766972819,
    -9.906882425274));
#6027 = CARTESIAN_POINT('',(3.739685489462,67.123155476625,
    -9.713132469565));
#6028 = CARTESIAN_POINT('',(4.318310462045,67.094541862257,
    -9.478918063974));
#6029 = CARTESIAN_POINT('',(4.879957430191,67.065931811877,
    -9.205410678062));
#6030 = CARTESIAN_POINT('',(5.421537737572,67.037322617262,
    -8.894074086873));
#6031 = CARTESIAN_POINT('',(5.940117126639,67.008710691631,
    -8.546645281544));
#6032 = CARTESIAN_POINT('',(6.43292366296,66.980099811821,
    -8.165141886054));
#6033 = CARTESIAN_POINT('',(7.714639711056,66.901154964257,
    -7.024715393796));
#6034 = CARTESIAN_POINT('',(8.444940185561,66.850777621573,
    -6.198486586693));
#6035 = CARTESIAN_POINT('',(9.073141185347,66.800424379759,
    -5.286185327722));
#6036 = CARTESIAN_POINT('',(9.587938046532,66.75008251018,
    -4.302805872225));
#6037 = CARTESIAN_POINT('',(9.980422417266,66.69974103981,
    -3.264513715978));
#6038 = CARTESIAN_POINT('',(10.244417314142,66.649384232621,
    -2.188702764646));
#6039 = CARTESIAN_POINT('',(10.376202,66.599005086766,-1.093843731458));
#6040 = CARTESIAN_POINT('',(10.376202,66.548672984467,
    -1.226649113891E-15));
#6041 = PCURVE('',#1157,#6042);
#6042 = DEFINITIONAL_REPRESENTATION('',(#6043),#6109);
#6043 = B_SPLINE_CURVE_WITH_KNOTS('',8,(#6044,#6045,#6046,#6047,#6048,
    #6049,#6050,#6051,#6052,#6053,#6054,#6055,#6056,#6057,#6058,#6059,
    #6060,#6061,#6062,#6063,#6064,#6065,#6066,#6067,#6068,#6069,#6070,
    #6071,#6072,#6073,#6074,#6075,#6076,#6077,#6078,#6079,#6080,#6081,
    #6082,#6083,#6084,#6085,#6086,#6087,#6088,#6089,#6090,#6091,#6092,
    #6093,#6094,#6095,#6096,#6097,#6098,#6099,#6100,#6101,#6102,#6103,
    #6104,#6105,#6106,#6107,#6108),.UNSPECIFIED.,.F.,.F.,(9,7,7,7,7,7,7,
    7,7,9),(0.,0.120461094857,0.231759883039,0.321945933214,
    0.456558356063,0.556138690885,0.669123048534,0.789446397199,
    0.865742856418,1.),.UNSPECIFIED.);
#6044 = CARTESIAN_POINT('',(5.899826448532E-02,6.962644699999));
#6045 = CARTESIAN_POINT('',(5.899653704806E-02,7.067468224962));
#6046 = CARTESIAN_POINT('',(5.899631433024E-02,7.172345546711));
#6047 = CARTESIAN_POINT('',(5.89981704037E-02,7.277193029992));
#6048 = CARTESIAN_POINT('',(5.900188254896E-02,7.382020006007));
#6049 = CARTESIAN_POINT('',(5.900568967229E-02,7.48685028266));
#6050 = CARTESIAN_POINT('',(5.90073926071E-02,7.591706001491));
#6051 = CARTESIAN_POINT('',(5.900724595709E-02,7.696591946343));
#6052 = CARTESIAN_POINT('',(5.900523187373E-02,7.898258959532));
#6053 = CARTESIAN_POINT('',(5.900330593765E-02,7.995148711262));
#6054 = CARTESIAN_POINT('',(5.900252882243E-02,8.092020197266));
#6055 = CARTESIAN_POINT('',(5.899994159778E-02,8.188870867356));
#6056 = CARTESIAN_POINT('',(5.900498848651E-02,8.285724870206));
#6057 = CARTESIAN_POINT('',(5.900558654642E-02,8.382586513406));
#6058 = CARTESIAN_POINT('',(5.900257333726E-02,8.47947025302));
#6059 = CARTESIAN_POINT('',(5.900401294167E-02,8.654788147055));
#6060 = CARTESIAN_POINT('',(5.900567436523E-02,8.733276933532));
#6061 = CARTESIAN_POINT('',(5.900467043795E-02,8.811762562245));
#6062 = CARTESIAN_POINT('',(5.900271310547E-02,8.890243267328));
#6063 = CARTESIAN_POINT('',(5.900195999522E-02,8.968725922824));
#6064 = CARTESIAN_POINT('',(5.900268656705E-02,9.047217392526));
#6065 = CARTESIAN_POINT('',(5.900357907534E-02,9.125715228783));
#6066 = CARTESIAN_POINT('',(5.900624434026E-02,9.321341317445));
#6067 = CARTESIAN_POINT('',(5.900794989568E-02,9.438576572573));
#6068 = CARTESIAN_POINT('',(5.900808094819E-02,9.555752946083));
#6069 = CARTESIAN_POINT('',(5.90043356305E-02,9.672893933135));
#6070 = CARTESIAN_POINT('',(5.899937881642E-02,9.79003893428));
#6071 = CARTESIAN_POINT('',(5.899656581852E-02,9.907225633844));
#6072 = CARTESIAN_POINT('',(5.899636614989E-02,10.024469015268));
#6073 = CARTESIAN_POINT('',(5.899939895227E-02,10.228252679133));
#6074 = CARTESIAN_POINT('',(5.90017340346E-02,10.314926307541));
#6075 = CARTESIAN_POINT('',(5.900489509469E-02,10.401591767263));
#6076 = CARTESIAN_POINT('',(5.900805395244E-02,10.488246229367));
#6077 = CARTESIAN_POINT('',(5.901034252467E-02,10.574901128849));
#6078 = CARTESIAN_POINT('',(5.901122345057E-02,10.661567271198));
#6079 = CARTESIAN_POINT('',(5.901066260206E-02,10.748239566008));
#6080 = CARTESIAN_POINT('',(5.900733449046E-02,10.933185642061));
#6081 = CARTESIAN_POINT('',(5.900426426679E-02,11.031540133711));
#6082 = CARTESIAN_POINT('',(5.900047549603E-02,11.129875042817));
#6083 = CARTESIAN_POINT('',(5.89971143189E-02,11.228190969112));
#6084 = CARTESIAN_POINT('',(5.899562876569E-02,11.326503887092));
#6085 = CARTESIAN_POINT('',(5.899627880455E-02,11.424831037133));
#6086 = CARTESIAN_POINT('',(5.89982454072E-02,11.523178579544));
#6087 = CARTESIAN_POINT('',(5.900306804125E-02,11.726181063253));
#6088 = CARTESIAN_POINT('',(5.900598161389E-02,11.830932300765));
#6089 = CARTESIAN_POINT('',(5.900811793138E-02,11.935650380197));
#6090 = CARTESIAN_POINT('',(5.900831254561E-02,12.040342446234));
#6091 = CARTESIAN_POINT('',(5.900561300172E-02,12.145032364288));
#6092 = CARTESIAN_POINT('',(5.900329416243E-02,12.249745301812));
#6093 = CARTESIAN_POINT('',(5.90027439782E-02,12.354491016707));
#6094 = CARTESIAN_POINT('',(5.900328235216E-02,12.525579755318));
#6095 = CARTESIAN_POINT('',(5.900332103847E-02,12.591983600127));
#6096 = CARTESIAN_POINT('',(5.900584226285E-02,12.658389296553));
#6097 = CARTESIAN_POINT('',(5.90045433349E-02,12.724791474498));
#6098 = CARTESIAN_POINT('',(5.9002100758E-02,12.791193071414));
#6099 = CARTESIAN_POINT('',(5.900304609672E-02,12.857596794193));
#6100 = CARTESIAN_POINT('',(5.900405703259E-02,12.923998046811));
#6101 = CARTESIAN_POINT('',(5.900427930726E-02,13.107219461017));
#6102 = CARTESIAN_POINT('',(5.900275942992E-02,13.224141183104));
#6103 = CARTESIAN_POINT('',(5.900005201814E-02,13.341008378858));
#6104 = CARTESIAN_POINT('',(5.900476669014E-02,13.457840031247));
#6105 = CARTESIAN_POINT('',(5.900765143431E-02,13.574673031991));
#6106 = CARTESIAN_POINT('',(5.900813480804E-02,13.691544609801));
#6107 = CARTESIAN_POINT('',(5.900627610255E-02,13.808470934316));
#6108 = CARTESIAN_POINT('',(5.900365957924E-02,13.925289016305));
#6109 = ( GEOMETRIC_REPRESENTATION_CONTEXT(2) 
PARAMETRIC_REPRESENTATION_CONTEXT() REPRESENTATION_CONTEXT('2D SPACE',''
  ) );
#6110 = PCURVE('',#1030,#6111);
#6111 = DEFINITIONAL_REPRESENTATION('',(#6112),#6178);
#6112 = B_SPLINE_CURVE_WITH_KNOTS('',8,(#6113,#6114,#6115,#6116,#6117,
    #6118,#6119,#6120,#6121,#6122,#6123,#6124,#6125,#6126,#6127,#6128,
    #6129,#6130,#6131,#6132,#6133,#6134,#6135,#6136,#6137,#6138,#6139,
    #6140,#6141,#6142,#6143,#6144,#6145,#6146,#6147,#6148,#6149,#6150,
    #6151,#6152,#6153,#6154,#6155,#6156,#6157,#6158,#6159,#6160,#6161,
    #6162,#6163,#6164,#6165,#6166,#6167,#6168,#6169,#6170,#6171,#6172,
    #6173,#6174,#6175,#6176,#6177),.UNSPECIFIED.,.F.,.F.,(9,7,7,7,7,7,7,
    7,7,9),(0.,0.120461094857,0.231759883039,0.321945933214,
    0.456558356063,0.556138690885,0.669123048534,0.789446397199,
    0.865742856418,1.),.UNSPECIFIED.);
#6113 = CARTESIAN_POINT('',(0.,-1.951324175518));
#6114 = CARTESIAN_POINT('',(-9.459407917492E-02,-1.99648864171));
#6115 = CARTESIAN_POINT('',(-0.189236735496,-2.041677089268));
#6116 = CARTESIAN_POINT('',(-0.283852563727,-2.086853790996));
#6117 = CARTESIAN_POINT('',(-0.378450048602,-2.132022653205));
#6118 = CARTESIAN_POINT('',(-0.473050699856,-2.17719300042));
#6119 = CARTESIAN_POINT('',(-0.567674280925,-2.222373200667));
#6120 = CARTESIAN_POINT('',(-0.662324907211,-2.267565435659));
#6121 = CARTESIAN_POINT('',(-0.84431173477,-2.354456799109));
#6122 = CARTESIAN_POINT('',(-0.931746231918,-2.396202680884));
#6123 = CARTESIAN_POINT('',(-1.019162920924,-2.437941559601));
#6124 = CARTESIAN_POINT('',(-1.106563795639,-2.479669691308));
#6125 = CARTESIAN_POINT('',(-1.193962852157,-2.521404574669));
#6126 = CARTESIAN_POINT('',(-1.281375091942,-2.563138992497));
#6127 = CARTESIAN_POINT('',(-1.368804176076,-2.604882101151));
#6128 = CARTESIAN_POINT('',(-1.527013676365,-2.680422638163));
#6129 = CARTESIAN_POINT('',(-1.597843746991,-2.714242049584));
#6130 = CARTESIAN_POINT('',(-1.66867062167,-2.748058616388));
#6131 = CARTESIAN_POINT('',(-1.739492581265,-2.781872542894));
#6132 = CARTESIAN_POINT('',(-1.810316031272,-2.815687960202));
#6133 = CARTESIAN_POINT('',(-1.881147381869,-2.849507979503));
#6134 = CARTESIAN_POINT('',(-1.951984530497,-2.883330849325));
#6135 = CARTESIAN_POINT('',(-2.128519547241,-2.967621798315));
#6136 = CARTESIAN_POINT('',(-2.234314112348,-3.018135965194));
#6137 = CARTESIAN_POINT('',(-2.340055975082,-3.068623948766));
#6138 = CARTESIAN_POINT('',(-2.445766142437,-3.119094621938));
#6139 = CARTESIAN_POINT('',(-2.551479691991,-3.169566365882));
#6140 = CARTESIAN_POINT('',(-2.657230649845,-3.220057199478));
#6141 = CARTESIAN_POINT('',(-2.76303261323,-3.270573833353));
#6142 = CARTESIAN_POINT('',(-2.946929581345,-3.358379849723));
#6143 = CARTESIAN_POINT('',(-3.025144939143,-3.395726212536));
#6144 = CARTESIAN_POINT('',(-3.103352939392,-3.433069494203));
#6145 = CARTESIAN_POINT('',(-3.181551065184,-3.470408038432));
#6146 = CARTESIAN_POINT('',(-3.259749642106,-3.507746312758));
#6147 = CARTESIAN_POINT('',(-3.337958394765,-3.545088687806));
#6148 = CARTESIAN_POINT('',(-3.41617268879,-3.582432951242));
#6149 = CARTESIAN_POINT('',(-3.583070567195,-3.662119052171));
#6150 = CARTESIAN_POINT('',(-3.671826977558,-3.704495505069));
#6151 = CARTESIAN_POINT('',(-3.760565656788,-3.746863139376));
#6152 = CARTESIAN_POINT('',(-3.849287144199,-3.78922281958));
#6153 = CARTESIAN_POINT('',(-3.938005914821,-3.831582195365));
#6154 = CARTESIAN_POINT('',(-4.026737634379,-3.873948832917));
#6155 = CARTESIAN_POINT('',(-4.115487885023,-3.916324953328));
#6156 = CARTESIAN_POINT('',(-4.298680449197,-4.003795339044));
#6157 = CARTESIAN_POINT('',(-4.393209673279,-4.048931126066));
#6158 = CARTESIAN_POINT('',(-4.487709016766,-4.0940522158));
#6159 = CARTESIAN_POINT('',(-4.582184785422,-4.13916107194));
#6160 = CARTESIAN_POINT('',(-4.676658290487,-4.184267474166));
#6161 = CARTESIAN_POINT('',(-4.771152102529,-4.229384003859));
#6162 = CARTESIAN_POINT('',(-4.865675481025,-4.27451559345));
#6163 = CARTESIAN_POINT('',(-5.020067806949,-4.348233027181));
#6164 = CARTESIAN_POINT('',(-5.079991586082,-4.376844523375));
#6165 = CARTESIAN_POINT('',(-5.139916591517,-4.405458137743));
#6166 = CARTESIAN_POINT('',(-5.199839958454,-4.434068188123));
#6167 = CARTESIAN_POINT('',(-5.259762298853,-4.462677382738));
#6168 = CARTESIAN_POINT('',(-5.319684906506,-4.491289308369));
#6169 = CARTESIAN_POINT('',(-5.379607074105,-4.519900188179));
#6170 = CARTESIAN_POINT('',(-5.544949349245,-4.598845035743));
#6171 = CARTESIAN_POINT('',(-5.650461277224,-4.649222378426));
#6172 = CARTESIAN_POINT('',(-5.755922816551,-4.699575620241));
#6173 = CARTESIAN_POINT('',(-5.861352443996,-4.74991748982));
#6174 = CARTESIAN_POINT('',(-5.966783928865,-4.80025896019));
#6175 = CARTESIAN_POINT('',(-6.072250589195,-4.850615767379));
#6176 = CARTESIAN_POINT('',(-6.177766799381,-4.900994913234));
#6177 = CARTESIAN_POINT('',(-6.28318530718,-4.951327015533));
#6178 = ( GEOMETRIC_REPRESENTATION_CONTEXT(2) 
PARAMETRIC_REPRESENTATION_CONTEXT() REPRESENTATION_CONTEXT('2D SPACE',''
  ) );
#6179 = ADVANCED_FACE('',(#6180),#1063,.F.);
#6180 = FACE_BOUND('',#6181,.T.);
#6181 = EDGE_LOOP('',(#6182,#6183,#6204));
#6182 = ORIENTED_EDGE('',*,*,#4464,.T.);
#6183 = ORIENTED_EDGE('',*,*,#6184,.F.);
#6184 = EDGE_CURVE('',#1010,#4465,#6185,.T.);
#6185 = SURFACE_CURVE('',#6186,(#6190,#6197),.PCURVE_S1.);
#6186 = LINE('',#6187,#6188);
#6187 = CARTESIAN_POINT('',(10.376202,71.5,0.));
#6188 = VECTOR('',#6189,1.);
#6189 = DIRECTION('',(0.,-1.,1.110223024625E-16));
#6190 = PCURVE('',#1063,#6191);
#6191 = DEFINITIONAL_REPRESENTATION('',(#6192),#6196);
#6192 = LINE('',#6193,#6194);
#6193 = CARTESIAN_POINT('',(-6.28318530718,0.));
#6194 = VECTOR('',#6195,1.);
#6195 = DIRECTION('',(-0.,-1.));
#6196 = ( GEOMETRIC_REPRESENTATION_CONTEXT(2) 
PARAMETRIC_REPRESENTATION_CONTEXT() REPRESENTATION_CONTEXT('2D SPACE',''
  ) );
#6197 = PCURVE('',#1030,#6198);
#6198 = DEFINITIONAL_REPRESENTATION('',(#6199),#6203);
#6199 = LINE('',#6200,#6201);
#6200 = CARTESIAN_POINT('',(-0.,0.));
#6201 = VECTOR('',#6202,1.);
#6202 = DIRECTION('',(-0.,-1.));
#6203 = ( GEOMETRIC_REPRESENTATION_CONTEXT(2) 
PARAMETRIC_REPRESENTATION_CONTEXT() REPRESENTATION_CONTEXT('2D SPACE',''
  ) );
#6204 = ORIENTED_EDGE('',*,*,#1042,.T.);
#6205 = ADVANCED_FACE('',(#6206),#1030,.F.);
#6206 = FACE_BOUND('',#6207,.T.);
#6207 = EDGE_LOOP('',(#6208,#6209,#6210,#6211,#6212));
#6208 = ORIENTED_EDGE('',*,*,#2188,.F.);
#6209 = ORIENTED_EDGE('',*,*,#1009,.T.);
#6210 = ORIENTED_EDGE('',*,*,#6184,.T.);
#6211 = ORIENTED_EDGE('',*,*,#5973,.T.);
#6212 = ORIENTED_EDGE('',*,*,#6213,.F.);
#6213 = EDGE_CURVE('',#2189,#5765,#6214,.T.);
#6214 = SURFACE_CURVE('',#6215,(#6219,#6226),.PCURVE_S1.);
#6215 = LINE('',#6216,#6217);
#6216 = CARTESIAN_POINT('',(10.376202,71.5,0.));
#6217 = VECTOR('',#6218,1.);
#6218 = DIRECTION('',(0.,-1.,1.110223024625E-16));
#6219 = PCURVE('',#1030,#6220);
#6220 = DEFINITIONAL_REPRESENTATION('',(#6221),#6225);
#6221 = LINE('',#6222,#6223);
#6222 = CARTESIAN_POINT('',(-6.28318530718,0.));
#6223 = VECTOR('',#6224,1.);
#6224 = DIRECTION('',(-0.,-1.));
#6225 = ( GEOMETRIC_REPRESENTATION_CONTEXT(2) 
PARAMETRIC_REPRESENTATION_CONTEXT() REPRESENTATION_CONTEXT('2D SPACE',''
  ) );
#6226 = PCURVE('',#2572,#6227);
#6227 = DEFINITIONAL_REPRESENTATION('',(#6228),#6232);
#6228 = LINE('',#6229,#6230);
#6229 = CARTESIAN_POINT('',(-0.,0.));
#6230 = VECTOR('',#6231,1.);
#6231 = DIRECTION('',(-0.,-1.));
#6232 = ( GEOMETRIC_REPRESENTATION_CONTEXT(2) 
PARAMETRIC_REPRESENTATION_CONTEXT() REPRESENTATION_CONTEXT('2D SPACE',''
  ) );
#6233 = ADVANCED_FACE('',(#6234),#3761,.F.);
#6234 = FACE_BOUND('',#6235,.T.);
#6235 = EDGE_LOOP('',(#6236,#6237,#6258,#6259));
#6236 = ORIENTED_EDGE('',*,*,#3593,.F.);
#6237 = ORIENTED_EDGE('',*,*,#6238,.T.);
#6238 = EDGE_CURVE('',#3380,#4657,#6239,.T.);
#6239 = SURFACE_CURVE('',#6240,(#6244,#6251),.PCURVE_S1.);
#6240 = LINE('',#6241,#6242);
#6241 = CARTESIAN_POINT('',(10.376202,71.5,0.));
#6242 = VECTOR('',#6243,1.);
#6243 = DIRECTION('',(0.,-1.,1.110223024625E-16));
#6244 = PCURVE('',#3761,#6245);
#6245 = DEFINITIONAL_REPRESENTATION('',(#6246),#6250);
#6246 = LINE('',#6247,#6248);
#6247 = CARTESIAN_POINT('',(-0.,0.));
#6248 = VECTOR('',#6249,1.);
#6249 = DIRECTION('',(-0.,-1.));
#6250 = ( GEOMETRIC_REPRESENTATION_CONTEXT(2) 
PARAMETRIC_REPRESENTATION_CONTEXT() REPRESENTATION_CONTEXT('2D SPACE',''
  ) );
#6251 = PCURVE('',#3519,#6252);
#6252 = DEFINITIONAL_REPRESENTATION('',(#6253),#6257);
#6253 = LINE('',#6254,#6255);
#6254 = CARTESIAN_POINT('',(-6.28318530718,0.));
#6255 = VECTOR('',#6256,1.);
#6256 = DIRECTION('',(-0.,-1.));
#6257 = ( GEOMETRIC_REPRESENTATION_CONTEXT(2) 
PARAMETRIC_REPRESENTATION_CONTEXT() REPRESENTATION_CONTEXT('2D SPACE',''
  ) );
#6258 = ORIENTED_EDGE('',*,*,#4656,.T.);
#6259 = ORIENTED_EDGE('',*,*,#4230,.F.);
#6260 = ADVANCED_FACE('',(#6261),#3519,.F.);
#6261 = FACE_BOUND('',#6262,.T.);
#6262 = EDGE_LOOP('',(#6263,#6264,#6285,#6286));
#6263 = ORIENTED_EDGE('',*,*,#3379,.F.);
#6264 = ORIENTED_EDGE('',*,*,#6265,.T.);
#6265 = EDGE_CURVE('',#3145,#4866,#6266,.T.);
#6266 = SURFACE_CURVE('',#6267,(#6271,#6278),.PCURVE_S1.);
#6267 = LINE('',#6268,#6269);
#6268 = CARTESIAN_POINT('',(10.376202,71.5,0.));
#6269 = VECTOR('',#6270,1.);
#6270 = DIRECTION('',(0.,-1.,1.110223024625E-16));
#6271 = PCURVE('',#3519,#6272);
#6272 = DEFINITIONAL_REPRESENTATION('',(#6273),#6277);
#6273 = LINE('',#6274,#6275);
#6274 = CARTESIAN_POINT('',(-0.,0.));
#6275 = VECTOR('',#6276,1.);
#6276 = DIRECTION('',(-0.,-1.));
#6277 = ( GEOMETRIC_REPRESENTATION_CONTEXT(2) 
PARAMETRIC_REPRESENTATION_CONTEXT() REPRESENTATION_CONTEXT('2D SPACE',''
  ) );
#6278 = PCURVE('',#3298,#6279);
#6279 = DEFINITIONAL_REPRESENTATION('',(#6280),#6284);
#6280 = LINE('',#6281,#6282);
#6281 = CARTESIAN_POINT('',(-6.28318530718,0.));
#6282 = VECTOR('',#6283,1.);
#6283 = DIRECTION('',(-0.,-1.));
#6284 = ( GEOMETRIC_REPRESENTATION_CONTEXT(2) 
PARAMETRIC_REPRESENTATION_CONTEXT() REPRESENTATION_CONTEXT('2D SPACE',''
  ) );
#6285 = ORIENTED_EDGE('',*,*,#4865,.T.);
#6286 = ORIENTED_EDGE('',*,*,#6238,.F.);
#6287 = ADVANCED_FACE('',(#6288),#3298,.F.);
#6288 = FACE_BOUND('',#6289,.T.);
#6289 = EDGE_LOOP('',(#6290,#6291,#6312,#6313));
#6290 = ORIENTED_EDGE('',*,*,#3144,.F.);
#6291 = ORIENTED_EDGE('',*,*,#6292,.T.);
#6292 = EDGE_CURVE('',#2889,#5096,#6293,.T.);
#6293 = SURFACE_CURVE('',#6294,(#6298,#6305),.PCURVE_S1.);
#6294 = LINE('',#6295,#6296);
#6295 = CARTESIAN_POINT('',(10.376202,71.5,0.));
#6296 = VECTOR('',#6297,1.);
#6297 = DIRECTION('',(0.,-1.,1.110223024625E-16));
#6298 = PCURVE('',#3298,#6299);
#6299 = DEFINITIONAL_REPRESENTATION('',(#6300),#6304);
#6300 = LINE('',#6301,#6302);
#6301 = CARTESIAN_POINT('',(-0.,0.));
#6302 = VECTOR('',#6303,1.);
#6303 = DIRECTION('',(-0.,-1.));
#6304 = ( GEOMETRIC_REPRESENTATION_CONTEXT(2) 
PARAMETRIC_REPRESENTATION_CONTEXT() REPRESENTATION_CONTEXT('2D SPACE',''
  ) );
#6305 = PCURVE('',#3056,#6306);
#6306 = DEFINITIONAL_REPRESENTATION('',(#6307),#6311);
#6307 = LINE('',#6308,#6309);
#6308 = CARTESIAN_POINT('',(-6.28318530718,0.));
#6309 = VECTOR('',#6310,1.);
#6310 = DIRECTION('',(-0.,-1.));
#6311 = ( GEOMETRIC_REPRESENTATION_CONTEXT(2) 
PARAMETRIC_REPRESENTATION_CONTEXT() REPRESENTATION_CONTEXT('2D SPACE',''
  ) );
#6312 = ORIENTED_EDGE('',*,*,#5095,.T.);
#6313 = ORIENTED_EDGE('',*,*,#6265,.F.);
#6314 = ADVANCED_FACE('',(#6315),#3056,.F.);
#6315 = FACE_BOUND('',#6316,.T.);
#6316 = EDGE_LOOP('',(#6317,#6318,#6339,#6340));
#6317 = ORIENTED_EDGE('',*,*,#2888,.F.);
#6318 = ORIENTED_EDGE('',*,*,#6319,.T.);
#6319 = EDGE_CURVE('',#2654,#5305,#6320,.T.);
#6320 = SURFACE_CURVE('',#6321,(#6325,#6332),.PCURVE_S1.);
#6321 = LINE('',#6322,#6323);
#6322 = CARTESIAN_POINT('',(10.376202,71.5,0.));
#6323 = VECTOR('',#6324,1.);
#6324 = DIRECTION('',(0.,-1.,1.110223024625E-16));
#6325 = PCURVE('',#3056,#6326);
#6326 = DEFINITIONAL_REPRESENTATION('',(#6327),#6331);
#6327 = LINE('',#6328,#6329);
#6328 = CARTESIAN_POINT('',(-0.,0.));
#6329 = VECTOR('',#6330,1.);
#6330 = DIRECTION('',(-0.,-1.));
#6331 = ( GEOMETRIC_REPRESENTATION_CONTEXT(2) 
PARAMETRIC_REPRESENTATION_CONTEXT() REPRESENTATION_CONTEXT('2D SPACE',''
  ) );
#6332 = PCURVE('',#2807,#6333);
#6333 = DEFINITIONAL_REPRESENTATION('',(#6334),#6338);
#6334 = LINE('',#6335,#6336);
#6335 = CARTESIAN_POINT('',(-6.28318530718,0.));
#6336 = VECTOR('',#6337,1.);
#6337 = DIRECTION('',(-0.,-1.));
#6338 = ( GEOMETRIC_REPRESENTATION_CONTEXT(2) 
PARAMETRIC_REPRESENTATION_CONTEXT() REPRESENTATION_CONTEXT('2D SPACE',''
  ) );
#6339 = ORIENTED_EDGE('',*,*,#5304,.T.);
#6340 = ORIENTED_EDGE('',*,*,#6292,.F.);
#6341 = ADVANCED_FACE('',(#6342),#2807,.F.);
#6342 = FACE_BOUND('',#6343,.T.);
#6343 = EDGE_LOOP('',(#6344,#6345,#6366,#6367));
#6344 = ORIENTED_EDGE('',*,*,#2653,.F.);
#6345 = ORIENTED_EDGE('',*,*,#6346,.T.);
#6346 = EDGE_CURVE('',#2419,#5535,#6347,.T.);
#6347 = SURFACE_CURVE('',#6348,(#6352,#6359),.PCURVE_S1.);
#6348 = LINE('',#6349,#6350);
#6349 = CARTESIAN_POINT('',(10.376202,71.5,0.));
#6350 = VECTOR('',#6351,1.);
#6351 = DIRECTION('',(0.,-1.,1.110223024625E-16));
#6352 = PCURVE('',#2807,#6353);
#6353 = DEFINITIONAL_REPRESENTATION('',(#6354),#6358);
#6354 = LINE('',#6355,#6356);
#6355 = CARTESIAN_POINT('',(-0.,0.));
#6356 = VECTOR('',#6357,1.);
#6357 = DIRECTION('',(-0.,-1.));
#6358 = ( GEOMETRIC_REPRESENTATION_CONTEXT(2) 
PARAMETRIC_REPRESENTATION_CONTEXT() REPRESENTATION_CONTEXT('2D SPACE',''
  ) );
#6359 = PCURVE('',#2572,#6360);
#6360 = DEFINITIONAL_REPRESENTATION('',(#6361),#6365);
#6361 = LINE('',#6362,#6363);
#6362 = CARTESIAN_POINT('',(-6.28318530718,0.));
#6363 = VECTOR('',#6364,1.);
#6364 = DIRECTION('',(-0.,-1.));
#6365 = ( GEOMETRIC_REPRESENTATION_CONTEXT(2) 
PARAMETRIC_REPRESENTATION_CONTEXT() REPRESENTATION_CONTEXT('2D SPACE',''
  ) );
#6366 = ORIENTED_EDGE('',*,*,#5534,.T.);
#6367 = ORIENTED_EDGE('',*,*,#6319,.F.);
#6368 = ADVANCED_FACE('',(#6369),#2572,.F.);
#6369 = FACE_BOUND('',#6370,.T.);
#6370 = EDGE_LOOP('',(#6371,#6372,#6373,#6374));
#6371 = ORIENTED_EDGE('',*,*,#2418,.F.);
#6372 = ORIENTED_EDGE('',*,*,#6213,.T.);
#6373 = ORIENTED_EDGE('',*,*,#5764,.T.);
#6374 = ORIENTED_EDGE('',*,*,#6346,.F.);
#6375 = ( GEOMETRIC_REPRESENTATION_CONTEXT(3) 
GLOBAL_UNCERTAINTY_ASSIGNED_CONTEXT((#6379)) 
GLOBAL_UNIT_ASSIGNED_CONTEXT((#6376,#6377,#6378)) REPRESENTATION_CONTEXT
('Context #1','3D Context with UNIT and UNCERTAINTY') );
#6376 = ( LENGTH_UNIT() NAMED_UNIT(*) SI_UNIT(.MILLI.,.METRE.) );
#6377 = ( NAMED_UNIT(*) PLANE_ANGLE_UNIT() SI_UNIT($,.RADIAN.) );
#6378 = ( NAMED_UNIT(*) SI_UNIT($,.STERADIAN.) SOLID_ANGLE_UNIT() );
#6379 = UNCERTAINTY_MEASURE_WITH_UNIT(LENGTH_MEASURE(2.E-06),#6376,
  'distance_accuracy_value','confusion accuracy');
#6380 = PRODUCT_RELATED_PRODUCT_CATEGORY('part',$,(#7));
ENDSEC;
END-ISO-10303-21;
